id,title,category,sub_category,sub_sub_category,category_name,price,original_price,primary_image,secondary_image,image_3,image_4,more_images,all_images,fabric,embroidery,pieces,lead_time,status,featured,bestseller,new_arrival,description
has-001,Hoorbano,Festive Drops,Dholak Drop,Sangeet & Festive Pret,Dholak Festive Collection,26300,,https://cdn.shopify.com/s/files/1/2337/7003/files/20260926202520-edb6e189a5844c5a-media_image.jpg,https://cdn.shopify.com/s/files/1/2337/7003/files/20260926202518-8c2ccd0e3707460b-media_image.jpg,https://cdn.shopify.com/s/files/1/2337/7003/files/20260926202520-134393b8011c4b20-media_image.jpg,https://cdn.shopify.com/s/files/1/2337/7003/files/20260926202520-2ebf272556bd4a09-media_image.jpg,https://cdn.shopify.com/s/files/1/2337/7003/files/20260926202518-ffbd998c2e1a47ba-media_image.jpg | https://cdn.shopify.com/s/files/1/2337/7003/files/20260926202519-c9d114803e8d4cdb-media_image.jpg | https://cdn.shopify.com/s/files/1/2337/7003/files/20260926202520-17f762bad5c34af6-media_image.jpg,https://cdn.shopify.com/s/files/1/2337/7003/files/20260926202520-edb6e189a5844c5a-media_image.jpg | https://cdn.shopify.com/s/files/1/2337/7003/files/20260926202518-8c2ccd0e3707460b-media_image.jpg | https://cdn.shopify.com/s/files/1/2337/7003/files/20260926202520-134393b8011c4b20-media_image.jpg | https://cdn.shopify.com/s/files/1/2337/7003/files/20260926202520-2ebf272556bd4a09-media_image.jpg | https://cdn.shopify.com/s/files/1/2337/7003/files/20260926202518-ffbd998c2e1a47ba-media_image.jpg | https://cdn.shopify.com/s/files/1/2337/7003/files/20260926202519-c9d114803e8d4cdb-media_image.jpg | https://cdn.shopify.com/s/files/1/2337/7003/files/20260926202520-17f762bad5c34af6-media_image.jpg,Pure Chiffon & Silk,"Handcrafted Zardozi, Tilla & Fine Resham","3-Piece (Shirt, Trouser, Dupatta)",5 to 7 Weeks,Stitched,TRUE,TRUE,TRUE,"Exquisite handcrafted Dholak Festive Collection ensemble from Haseens Official. Masterfully tailored with generational Pakistani artistry, premium pure fabrics, and delicate celebratory motifs."
has-002,Behram,Festive Drops,Dholak Drop,Sangeet & Festive Pret,Dholak Festive Collection,21300,,https://cdn.shopify.com/s/files/1/2337/7003/files/20260926193722-9bff679be87a405a-media_image.jpg,https://cdn.shopify.com/s/files/1/2337/7003/files/20260926193719-101c19b18bea435e-media_image.jpg,https://cdn.shopify.com/s/files/1/2337/7003/files/20260926193720-525d1d5ca5194e32-media_image.jpg,https://cdn.shopify.com/s/files/1/2337/7003/files/20260926193722-e018f74590334ddf-media_image.jpg,https://cdn.shopify.com/s/files/1/2337/7003/files/20260926193722-182d8ebeec87488a-media_image.jpg | https://cdn.shopify.com/s/files/1/2337/7003/files/20260926193722-93574e5cd4a943be-media_image.jpg | https://cdn.shopify.com/s/files/1/2337/7003/files/20260926193718-4ab525f43a4746b0-media_image.jpg | https://cdn.shopify.com/s/files/1/2337/7003/files/20260926193721-cdfad937e0a84c5f-media_image.jpg | https://cdn.shopify.com/s/files/1/2337/7003/files/20260926193722-ff321b4467dd4d19-media_image.jpg | https://cdn.shopify.com/s/files/1/2337/7003/files/20260926193718-eaeb475a43dd4427-media_image.jpg,https://cdn.shopify.com/s/files/1/2337/7003/files/20260926193722-9bff679be87a405a-media_image.jpg | https://cdn.shopify.com/s/files/1/2337/7003/files/20260926193719-101c19b18bea435e-media_image.jpg | https://cdn.shopify.com/s/files/1/2337/7003/files/20260926193720-525d1d5ca5194e32-media_image.jpg | https://cdn.shopify.com/s/files/1/2337/7003/files/20260926193722-e018f74590334ddf-media_image.jpg | https://cdn.shopify.com/s/files/1/2337/7003/files/20260926193722-182d8ebeec87488a-media_image.jpg | https://cdn.shopify.com/s/files/1/2337/7003/files/20260926193722-93574e5cd4a943be-media_image.jpg | https://cdn.shopify.com/s/files/1/2337/7003/files/20260926193718-4ab525f43a4746b0-media_image.jpg | https://cdn.shopify.com/s/files/1/2337/7003/files/20260926193721-cdfad937e0a84c5f-media_image.jpg | https://cdn.shopify.com/s/files/1/2337/7003/files/20260926193722-ff321b4467dd4d19-media_image.jpg | https://cdn.shopify.com/s/files/1/2337/7003/files/20260926193718-eaeb475a43dd4427-media_image.jpg,Pure Chiffon & Silk,"Handcrafted Zardozi, Tilla & Fine Resham","3-Piece (Shirt, Trouser, Dupatta)",5 to 7 Weeks,Stitched,FALSE,FALSE,FALSE,"Exquisite handcrafted Dholak Festive Collection ensemble from Haseens Official. Masterfully tailored with generational Pakistani artistry, premium pure fabrics, and delicate celebratory motifs."
has-003,Subata,Festive Drops,Dholak Drop,Sangeet & Festive Pret,Dholak Festive Collection,19200,,https://cdn.shopify.com/s/files/1/2337/7003/files/20260926194321-2a0bb633cad74148-media_image.jpg,https://cdn.shopify.com/s/files/1/2337/7003/files/20260926194321-7c1d4d80aee541c1-media_image.jpg,https://cdn.shopify.com/s/files/1/2337/7003/files/20260926194321-9d9941f5d1d946c3-media_image.jpg,https://cdn.shopify.com/s/files/1/2337/7003/files/20260926194321-f52122c956cb4700-media_image.jpg,https://cdn.shopify.com/s/files/1/2337/7003/files/20260926194321-47d179e4bc2b4cbd-media_image.jpg | https://cdn.shopify.com/s/files/1/2337/7003/files/20260926194321-50f4bb71f2c748c4-media_image.jpg | https://cdn.shopify.com/s/files/1/2337/7003/files/20260926194320-6e832a6287cd474b-media_image.jpg | https://cdn.shopify.com/s/files/1/2337/7003/files/20260926194321-5d93d7a7271b45ce-media_image.jpg,https://cdn.shopify.com/s/files/1/2337/7003/files/20260926194321-2a0bb633cad74148-media_image.jpg | https://cdn.shopify.com/s/files/1/2337/7003/files/20260926194321-7c1d4d80aee541c1-media_image.jpg | https://cdn.shopify.com/s/files/1/2337/7003/files/20260926194321-9d9941f5d1d946c3-media_image.jpg | https://cdn.shopify.com/s/files/1/2337/7003/files/20260926194321-f52122c956cb4700-media_image.jpg | https://cdn.shopify.com/s/files/1/2337/7003/files/20260926194321-47d179e4bc2b4cbd-media_image.jpg | https://cdn.shopify.com/s/files/1/2337/7003/files/20260926194321-50f4bb71f2c748c4-media_image.jpg | https://cdn.shopify.com/s/files/1/2337/7003/files/20260926194320-6e832a6287cd474b-media_image.jpg | https://cdn.shopify.com/s/files/1/2337/7003/files/20260926194321-5d93d7a7271b45ce-media_image.jpg,Pure Chiffon & Silk,"Handcrafted Zardozi, Tilla & Fine Resham","3-Piece (Shirt, Trouser, Dupatta)",5 to 7 Weeks,Stitched,FALSE,FALSE,FALSE,"Exquisite handcrafted Dholak Festive Collection ensemble from Haseens Official. Masterfully tailored with generational Pakistani artistry, premium pure fabrics, and delicate celebratory motifs."
has-004,Raniya,Festive Drops,Dholak Drop,Sangeet & Festive Pret,Dholak Festive Collection,19100,,https://cdn.shopify.com/s/files/1/2337/7003/files/20260926202426-a6a50fe60e554c81-media_image.jpg,https://cdn.shopify.com/s/files/1/2337/7003/files/20260926202424-df3a3da5ca714c95-media_image.jpg,https://cdn.shopify.com/s/files/1/2337/7003/files/20260926202425-d7d3477f787b411e-media_image.jpg,https://cdn.shopify.com/s/files/1/2337/7003/files/20260926202425-2ddae46d1523499c-media_image.jpg,https://cdn.shopify.com/s/files/1/2337/7003/files/20260926202423-be9adeff72c44738-media_image.jpg | https://cdn.shopify.com/s/files/1/2337/7003/files/20260926202424-ad0beaefdac64c54-media_image.jpg | https://cdn.shopify.com/s/files/1/2337/7003/files/20260926202425-2e89ebe43f19493e-media_image.jpg | https://cdn.shopify.com/s/files/1/2337/7003/files/20260926202425-ee76e0367b044b98-media_image.jpg,https://cdn.shopify.com/s/files/1/2337/7003/files/20260926202426-a6a50fe60e554c81-media_image.jpg | https://cdn.shopify.com/s/files/1/2337/7003/files/20260926202424-df3a3da5ca714c95-media_image.jpg | https://cdn.shopify.com/s/files/1/2337/7003/files/20260926202425-d7d3477f787b411e-media_image.jpg | https://cdn.shopify.com/s/files/1/2337/7003/files/20260926202425-2ddae46d1523499c-media_image.jpg | https://cdn.shopify.com/s/files/1/2337/7003/files/20260926202423-be9adeff72c44738-media_image.jpg | https://cdn.shopify.com/s/files/1/2337/7003/files/20260926202424-ad0beaefdac64c54-media_image.jpg | https://cdn.shopify.com/s/files/1/2337/7003/files/20260926202425-2e89ebe43f19493e-media_image.jpg | https://cdn.shopify.com/s/files/1/2337/7003/files/20260926202425-ee76e0367b044b98-media_image.jpg,Pure Chiffon & Silk,"Handcrafted Zardozi, Tilla & Fine Resham","3-Piece (Shirt, Trouser, Dupatta)",5 to 7 Weeks,Stitched,FALSE,FALSE,TRUE,"Exquisite handcrafted Dholak Festive Collection ensemble from Haseens Official. Masterfully tailored with generational Pakistani artistry, premium pure fabrics, and delicate celebratory motifs."
has-005,Zarmala,Festive Drops,Dholak Drop,Sangeet & Festive Pret,Dholak Festive Collection,19500,,https://cdn.shopify.com/s/files/1/2337/7003/files/20260926194127-5a676317614b49ce-media_image.jpg,https://cdn.shopify.com/s/files/1/2337/7003/files/20260926194127-54a1ff57fe934c26-media_image.jpg,https://cdn.shopify.com/s/files/1/2337/7003/files/20260926194124-7b5b5b5e989546b6-media_image.jpg,https://cdn.shopify.com/s/files/1/2337/7003/files/20260926194125-b19556d618954bb0-media_image.jpg,https://cdn.shopify.com/s/files/1/2337/7003/files/20260926194125-e8934c42b012486a-media_image.jpg | https://cdn.shopify.com/s/files/1/2337/7003/files/20260926194126-ecb33a7506d84a94-media_image.jpg | https://cdn.shopify.com/s/files/1/2337/7003/files/20260926194126-9a7fa49cad704df2-media_image.jpg | https://cdn.shopify.com/s/files/1/2337/7003/files/20260926194126-2eabfc03e2fd4f15-media_image.jpg | https://cdn.shopify.com/s/files/1/2337/7003/files/20260926194126-9484f5c34ab348a3-media_image.jpg,https://cdn.shopify.com/s/files/1/2337/7003/files/20260926194127-5a676317614b49ce-media_image.jpg | https://cdn.shopify.com/s/files/1/2337/7003/files/20260926194127-54a1ff57fe934c26-media_image.jpg | https://cdn.shopify.com/s/files/1/2337/7003/files/20260926194124-7b5b5b5e989546b6-media_image.jpg | https://cdn.shopify.com/s/files/1/2337/7003/files/20260926194125-b19556d618954bb0-media_image.jpg | https://cdn.shopify.com/s/files/1/2337/7003/files/20260926194125-e8934c42b012486a-media_image.jpg | https://cdn.shopify.com/s/files/1/2337/7003/files/20260926194126-ecb33a7506d84a94-media_image.jpg | https://cdn.shopify.com/s/files/1/2337/7003/files/20260926194126-9a7fa49cad704df2-media_image.jpg | https://cdn.shopify.com/s/files/1/2337/7003/files/20260926194126-2eabfc03e2fd4f15-media_image.jpg | https://cdn.shopify.com/s/files/1/2337/7003/files/20260926194126-9484f5c34ab348a3-media_image.jpg,Pure Chiffon & Silk,"Handcrafted Zardozi, Tilla & Fine Resham","3-Piece (Shirt, Trouser, Dupatta)",5 to 7 Weeks,Stitched,FALSE,TRUE,FALSE,"Exquisite handcrafted Dholak Festive Collection ensemble from Haseens Official. Masterfully tailored with generational Pakistani artistry, premium pure fabrics, and delicate celebratory motifs."
has-006,Sharmeen,Festive Drops,Dholak Drop,Sangeet & Festive Pret,Dholak Festive Collection,21400,,https://cdn.shopify.com/s/files/1/2337/7003/files/20260926202457-add805cfc3d14bca-media_image.jpg,https://cdn.shopify.com/s/files/1/2337/7003/files/20260926202456-ce3fb1150167422c-media_image.jpg,https://cdn.shopify.com/s/files/1/2337/7003/files/20260926202457-1512900182be4a95-media_image.jpg,https://cdn.shopify.com/s/files/1/2337/7003/files/20260926202456-fdf17ac5e1bd47dd-media_image.jpg,https://cdn.shopify.com/s/files/1/2337/7003/files/20260926202455-e09c878200dd4f55-media_image.jpg | https://cdn.shopify.com/s/files/1/2337/7003/files/20260926202456-92481f8ca5f44a8a-media_image.jpg | https://cdn.shopify.com/s/files/1/2337/7003/files/20260926202455-b8b09c7ab2a04aa8-media_image.jpg | https://cdn.shopify.com/s/files/1/2337/7003/files/20260926202456-280051df47714743-media_image.jpg | https://cdn.shopify.com/s/files/1/2337/7003/files/20260926202456-cb53bcf944324642-media_image.jpg,https://cdn.shopify.com/s/files/1/2337/7003/files/20260926202457-add805cfc3d14bca-media_image.jpg | https://cdn.shopify.com/s/files/1/2337/7003/files/20260926202456-ce3fb1150167422c-media_image.jpg | https://cdn.shopify.com/s/files/1/2337/7003/files/20260926202457-1512900182be4a95-media_image.jpg | https://cdn.shopify.com/s/files/1/2337/7003/files/20260926202456-fdf17ac5e1bd47dd-media_image.jpg | https://cdn.shopify.com/s/files/1/2337/7003/files/20260926202455-e09c878200dd4f55-media_image.jpg | https://cdn.shopify.com/s/files/1/2337/7003/files/20260926202456-92481f8ca5f44a8a-media_image.jpg | https://cdn.shopify.com/s/files/1/2337/7003/files/20260926202455-b8b09c7ab2a04aa8-media_image.jpg | https://cdn.shopify.com/s/files/1/2337/7003/files/20260926202456-280051df47714743-media_image.jpg | https://cdn.shopify.com/s/files/1/2337/7003/files/20260926202456-cb53bcf944324642-media_image.jpg,Pure Chiffon & Silk,"Handcrafted Zardozi, Tilla & Fine Resham","3-Piece (Shirt, Trouser, Dupatta)",5 to 7 Weeks,Stitched,TRUE,FALSE,FALSE,"Exquisite handcrafted Dholak Festive Collection ensemble from Haseens Official. Masterfully tailored with generational Pakistani artistry, premium pure fabrics, and delicate celebratory motifs."
has-007,Shireen,Festive Drops,Dholak Drop,Sangeet & Festive Pret,Dholak Festive Collection,19500,,https://cdn.shopify.com/s/files/1/2337/7003/files/20260926204832-83a3d50adb3d48fe-media_image.jpg,https://cdn.shopify.com/s/files/1/2337/7003/files/20260926204831-d483fe98f27c4441-media_image.jpg,https://cdn.shopify.com/s/files/1/2337/7003/files/20260926204830-e4031bfa45e14579-media_image.jpg,https://cdn.shopify.com/s/files/1/2337/7003/files/20260926204832-63ad9341026c4589-media_image.jpg,https://cdn.shopify.com/s/files/1/2337/7003/files/20260926204831-6a6ec6b6ea504479-media_image.jpg | https://cdn.shopify.com/s/files/1/2337/7003/files/20260926204831-f408c6492ea84700-media_image.jpg | https://cdn.shopify.com/s/files/1/2337/7003/files/20260926204831-5e039f9f30634752-media_image.jpg | https://cdn.shopify.com/s/files/1/2337/7003/files/20260926204830-a3183c739cdd43b4-media_image.jpg | https://cdn.shopify.com/s/files/1/2337/7003/files/20260926204832-d0f023f762934368-media_image.jpg,https://cdn.shopify.com/s/files/1/2337/7003/files/20260926204832-83a3d50adb3d48fe-media_image.jpg | https://cdn.shopify.com/s/files/1/2337/7003/files/20260926204831-d483fe98f27c4441-media_image.jpg | https://cdn.shopify.com/s/files/1/2337/7003/files/20260926204830-e4031bfa45e14579-media_image.jpg | https://cdn.shopify.com/s/files/1/2337/7003/files/20260926204832-63ad9341026c4589-media_image.jpg | https://cdn.shopify.com/s/files/1/2337/7003/files/20260926204831-6a6ec6b6ea504479-media_image.jpg | https://cdn.shopify.com/s/files/1/2337/7003/files/20260926204831-f408c6492ea84700-media_image.jpg | https://cdn.shopify.com/s/files/1/2337/7003/files/20260926204831-5e039f9f30634752-media_image.jpg | https://cdn.shopify.com/s/files/1/2337/7003/files/20260926204830-a3183c739cdd43b4-media_image.jpg | https://cdn.shopify.com/s/files/1/2337/7003/files/20260926204832-d0f023f762934368-media_image.jpg,Pure Chiffon & Silk,"Handcrafted Zardozi, Tilla & Fine Resham","3-Piece (Shirt, Trouser, Dupatta)",5 to 7 Weeks,Stitched,FALSE,FALSE,TRUE,"Exquisite handcrafted Dholak Festive Collection ensemble from Haseens Official. Masterfully tailored with generational Pakistani artistry, premium pure fabrics, and delicate celebratory motifs."
has-008,Mahgul,Festive Drops,Dholak Drop,Sangeet & Festive Pret,Dholak Festive Collection,19400,,https://cdn.shopify.com/s/files/1/2337/7003/files/20260926202643-0948ad9803384cc6-media_image.jpg,https://cdn.shopify.com/s/files/1/2337/7003/files/20260926202643-3177113fa25042b4-media_image.jpg,https://cdn.shopify.com/s/files/1/2337/7003/files/20260926202643-665feb379ad04f43-media_image.jpg,https://cdn.shopify.com/s/files/1/2337/7003/files/20260926202642-b348faf64b3841f1-media_image.jpg,https://cdn.shopify.com/s/files/1/2337/7003/files/20260926202643-e65e556a3f064bb7-media_image.jpg | https://cdn.shopify.com/s/files/1/2337/7003/files/20260926202642-a995f4b534a54805-media_image.jpg | https://cdn.shopify.com/s/files/1/2337/7003/files/20260926202643-c78a327e779f465a-media_image.jpg | https://cdn.shopify.com/s/files/1/2337/7003/files/20260926202639-b8a3e2060f8843f5-media_image.jpg,https://cdn.shopify.com/s/files/1/2337/7003/files/20260926202643-0948ad9803384cc6-media_image.jpg | https://cdn.shopify.com/s/files/1/2337/7003/files/20260926202643-3177113fa25042b4-media_image.jpg | https://cdn.shopify.com/s/files/1/2337/7003/files/20260926202643-665feb379ad04f43-media_image.jpg | https://cdn.shopify.com/s/files/1/2337/7003/files/20260926202642-b348faf64b3841f1-media_image.jpg | https://cdn.shopify.com/s/files/1/2337/7003/files/20260926202643-e65e556a3f064bb7-media_image.jpg | https://cdn.shopify.com/s/files/1/2337/7003/files/20260926202642-a995f4b534a54805-media_image.jpg | https://cdn.shopify.com/s/files/1/2337/7003/files/20260926202643-c78a327e779f465a-media_image.jpg | https://cdn.shopify.com/s/files/1/2337/7003/files/20260926202639-b8a3e2060f8843f5-media_image.jpg,Pure Chiffon & Silk,"Handcrafted Zardozi, Tilla & Fine Resham","3-Piece (Shirt, Trouser, Dupatta)",5 to 7 Weeks,Stitched,FALSE,FALSE,FALSE,"Exquisite handcrafted Dholak Festive Collection ensemble from Haseens Official. Masterfully tailored with generational Pakistani artistry, premium pure fabrics, and delicate celebratory motifs."
has-009,Dilnaz,Festive Drops,Dholak Drop,Sangeet & Festive Pret,Dholak Festive Collection,21100,,https://cdn.shopify.com/s/files/1/2337/7003/files/20260926195225-4c3336d8530e4ff7-media_image.jpg,https://cdn.shopify.com/s/files/1/2337/7003/files/20260926195226-5620ded53a2d4f18-media_image.jpg,https://cdn.shopify.com/s/files/1/2337/7003/files/20260926195225-36468191ab814348-media_image.jpg,https://cdn.shopify.com/s/files/1/2337/7003/files/20260926195222-bb9bb4a0d6934e8b-media_image.jpg,https://cdn.shopify.com/s/files/1/2337/7003/files/20260926195226-d9efb6c25f95492e-media_image.jpg | https://cdn.shopify.com/s/files/1/2337/7003/files/20260926195225-a74f1b0b9f494459-media_image.jpg | https://cdn.shopify.com/s/files/1/2337/7003/files/20260926195226-1a7ba3b5897c4bea-media_image.jpg | https://cdn.shopify.com/s/files/1/2337/7003/files/20260926195227-3314d79cc24f4db9-media_image.jpg | https://cdn.shopify.com/s/files/1/2337/7003/files/20260926195223-cac9c8620cc04702-media_image.jpg | https://cdn.shopify.com/s/files/1/2337/7003/files/20260926195226-6d8f38e485cd41cd-media_image.jpg | https://cdn.shopify.com/s/files/1/2337/7003/files/20260926195226-691f7fcd65864b18-media_image.jpg,https://cdn.shopify.com/s/files/1/2337/7003/files/20260926195225-4c3336d8530e4ff7-media_image.jpg | https://cdn.shopify.com/s/files/1/2337/7003/files/20260926195226-5620ded53a2d4f18-media_image.jpg | https://cdn.shopify.com/s/files/1/2337/7003/files/20260926195225-36468191ab814348-media_image.jpg | https://cdn.shopify.com/s/files/1/2337/7003/files/20260926195222-bb9bb4a0d6934e8b-media_image.jpg | https://cdn.shopify.com/s/files/1/2337/7003/files/20260926195226-d9efb6c25f95492e-media_image.jpg | https://cdn.shopify.com/s/files/1/2337/7003/files/20260926195225-a74f1b0b9f494459-media_image.jpg | https://cdn.shopify.com/s/files/1/2337/7003/files/20260926195226-1a7ba3b5897c4bea-media_image.jpg | https://cdn.shopify.com/s/files/1/2337/7003/files/20260926195227-3314d79cc24f4db9-media_image.jpg | https://cdn.shopify.com/s/files/1/2337/7003/files/20260926195223-cac9c8620cc04702-media_image.jpg | https://cdn.shopify.com/s/files/1/2337/7003/files/20260926195226-6d8f38e485cd41cd-media_image.jpg | https://cdn.shopify.com/s/files/1/2337/7003/files/20260926195226-691f7fcd65864b18-media_image.jpg,Pure Chiffon & Silk,"Handcrafted Zardozi, Tilla & Fine Resham","3-Piece (Shirt, Trouser, Dupatta)",5 to 7 Weeks,Stitched,FALSE,TRUE,FALSE,"Exquisite handcrafted Dholak Festive Collection ensemble from Haseens Official. Masterfully tailored with generational Pakistani artistry, premium pure fabrics, and delicate celebratory motifs."
has-010,Zargun,Festive Drops,Dholak Drop,Sangeet & Festive Pret,Dholak Festive Collection,26200,,https://cdn.shopify.com/s/files/1/2337/7003/files/20260926195547-90eb14b0695e463f-media_image.jpg,https://cdn.shopify.com/s/files/1/2337/7003/files/20260926195545-55773ed7ee5d4888-media_image.jpg,https://cdn.shopify.com/s/files/1/2337/7003/files/20260926195547-5105cae4ad3f493e-media_image.jpg,https://cdn.shopify.com/s/files/1/2337/7003/files/20260926195541-0a1135e1d7fa4161-media_image.jpg,https://cdn.shopify.com/s/files/1/2337/7003/files/20260926195548-b331b44926d74167-media_image.jpg | https://cdn.shopify.com/s/files/1/2337/7003/files/20260926195545-eb39ba3fb88a4859-media_image.jpg | https://cdn.shopify.com/s/files/1/2337/7003/files/20260926195547-4276c9f83cff430f-media_image.jpg | https://cdn.shopify.com/s/files/1/2337/7003/files/20260926195546-1377014d94d840ed-media_image.jpg | https://cdn.shopify.com/s/files/1/2337/7003/files/20260926195542-bb9bd88a40194115-media_image.jpg | https://cdn.shopify.com/s/files/1/2337/7003/files/20260926195540-cf955e4919c04561-media_image.jpg,https://cdn.shopify.com/s/files/1/2337/7003/files/20260926195547-90eb14b0695e463f-media_image.jpg | https://cdn.shopify.com/s/files/1/2337/7003/files/20260926195545-55773ed7ee5d4888-media_image.jpg | https://cdn.shopify.com/s/files/1/2337/7003/files/20260926195547-5105cae4ad3f493e-media_image.jpg | https://cdn.shopify.com/s/files/1/2337/7003/files/20260926195541-0a1135e1d7fa4161-media_image.jpg | https://cdn.shopify.com/s/files/1/2337/7003/files/20260926195548-b331b44926d74167-media_image.jpg | https://cdn.shopify.com/s/files/1/2337/7003/files/20260926195545-eb39ba3fb88a4859-media_image.jpg | https://cdn.shopify.com/s/files/1/2337/7003/files/20260926195547-4276c9f83cff430f-media_image.jpg | https://cdn.shopify.com/s/files/1/2337/7003/files/20260926195546-1377014d94d840ed-media_image.jpg | https://cdn.shopify.com/s/files/1/2337/7003/files/20260926195542-bb9bd88a40194115-media_image.jpg | https://cdn.shopify.com/s/files/1/2337/7003/files/20260926195540-cf955e4919c04561-media_image.jpg,Pure Chiffon & Silk,"Handcrafted Zardozi, Tilla & Fine Resham","3-Piece (Shirt, Trouser, Dupatta)",5 to 7 Weeks,Stitched,FALSE,FALSE,TRUE,"Exquisite handcrafted Dholak Festive Collection ensemble from Haseens Official. Masterfully tailored with generational Pakistani artistry, premium pure fabrics, and delicate celebratory motifs."
has-011,Fariha,Festive Drops,Dholak Drop,Sangeet & Festive Pret,Dholak Festive Collection,21600,,https://cdn.shopify.com/s/files/1/2337/7003/files/20260926202543-b467ce2cb1cb4334-media_image.jpg,https://cdn.shopify.com/s/files/1/2337/7003/files/20260926202541-6759065ec2f7436e-media_image.jpg,https://cdn.shopify.com/s/files/1/2337/7003/files/20260926202541-296e1245b59043c3-media_image.jpg,https://cdn.shopify.com/s/files/1/2337/7003/files/20260926202542-a822d9e66e7c4f29-media_image.jpg,https://cdn.shopify.com/s/files/1/2337/7003/files/20260926202540-ef4322a1681f44f6-media_image.jpg | https://cdn.shopify.com/s/files/1/2337/7003/files/20260926202543-fd6c5fe7837d407e-media_image.jpg | https://cdn.shopify.com/s/files/1/2337/7003/files/20260926202542-2c197b09b7f64fce-media_image.jpg | https://cdn.shopify.com/s/files/1/2337/7003/files/20260926202543-d27aafff78424aaf-media_image.jpg,https://cdn.shopify.com/s/files/1/2337/7003/files/20260926202543-b467ce2cb1cb4334-media_image.jpg | https://cdn.shopify.com/s/files/1/2337/7003/files/20260926202541-6759065ec2f7436e-media_image.jpg | https://cdn.shopify.com/s/files/1/2337/7003/files/20260926202541-296e1245b59043c3-media_image.jpg | https://cdn.shopify.com/s/files/1/2337/7003/files/20260926202542-a822d9e66e7c4f29-media_image.jpg | https://cdn.shopify.com/s/files/1/2337/7003/files/20260926202540-ef4322a1681f44f6-media_image.jpg | https://cdn.shopify.com/s/files/1/2337/7003/files/20260926202543-fd6c5fe7837d407e-media_image.jpg | https://cdn.shopify.com/s/files/1/2337/7003/files/20260926202542-2c197b09b7f64fce-media_image.jpg | https://cdn.shopify.com/s/files/1/2337/7003/files/20260926202543-d27aafff78424aaf-media_image.jpg,Pure Chiffon & Silk,"Handcrafted Zardozi, Tilla & Fine Resham","3-Piece (Shirt, Trouser, Dupatta)",5 to 7 Weeks,Stitched,TRUE,FALSE,FALSE,"Exquisite handcrafted Dholak Festive Collection ensemble from Haseens Official. Masterfully tailored with generational Pakistani artistry, premium pure fabrics, and delicate celebratory motifs."
has-012,Sherbano,Festive Drops,Banur Drop,Pastel Metallic Pret,Banur Festive Couture,160000,,https://cdn.shopify.com/s/files/1/2337/7003/files/20260907085821-651e111551474262-media_image-a509470cfb314b8daaee82b7cd609ad2.jpg,https://cdn.shopify.com/s/files/1/2337/7003/files/20260907085836-09f621ee17004ced-media_image-5358e52fc5554b998a1c40c039d94aba.jpg,https://cdn.shopify.com/s/files/1/2337/7003/files/20260907085836-11e3ac8618ba4f7c-media_image-5d05e0173b3341a29d2e523bf940d1cc.jpg,https://cdn.shopify.com/s/files/1/2337/7003/files/20260907085836-44eeb0a8d7e7417e-media_image-fade9e63c3fa40e8b224e246dfac8ceb.jpg,https://cdn.shopify.com/s/files/1/2337/7003/files/20260907085821-4b71d5a32c784abe-media_image-a94f82da6b894e37aae286a74b156ca3.jpg | https://cdn.shopify.com/s/files/1/2337/7003/files/20260907085821-7a004cf9b08147b9-media_image-4fa3f5088fc847bb94e3880bf87a65ab.jpg | https://cdn.shopify.com/s/files/1/2337/7003/files/20260907085903-1c5d7eb693e646b7-media_image-ed1327b9b2e3405b84fc6cff1e3de16e.jpg | https://cdn.shopify.com/s/files/1/2337/7003/files/20260907085821-229ac5d6e48f4212-media_image-295534d0769b4cc59b1ad7079aace314.jpg | https://cdn.shopify.com/s/files/1/2337/7003/files/20260907085836-0206c1d11cbf4f02-media_image-3429b79ca1ea4193a8ce85bd0db66e27.jpg | https://cdn.shopify.com/s/files/1/2337/7003/files/20260907085903-b71bb4947b0742c0-media_image-fa0beeab70ca493c8cfb3a0938e837bb.jpg | https://cdn.shopify.com/s/files/1/2337/7003/files/20260907085836-43aa9af7dbda4ade-media_image-0a51f3aace4c40aca66a859fa97cc7dd.jpg | https://cdn.shopify.com/s/files/1/2337/7003/files/20260907085821-702eacc79fbe4535-media_image-06f5b0d2ef2f4a259ef87ebc662d0683.jpg | https://cdn.shopify.com/s/files/1/2337/7003/files/20260907085821-b21c4f5a6c704e3e-media_image-1b8b5e4e545a4ec0994b72e94bd601b2.jpg | https://cdn.shopify.com/s/files/1/2337/7003/files/20260907085821-5a79992a53894a02-media_image-c00e421a45cf4a7181cd69b8576992c6.jpg | https://cdn.shopify.com/s/files/1/2337/7003/files/20260907085821-925fb9bf6e9c49f9-media_image-28ba07b5ca7144c988717f6c1860d887.jpg | https://cdn.shopify.com/s/files/1/2337/7003/files/20260907085846-0bdbed378805496e-media_image-2a6fbb97f1694253baed02cb3a86173a.jpg | https://cdn.shopify.com/s/files/1/2337/7003/files/20260907085821-e6a774c5139c455e-media_image-06120a15f07548dfbb905a969d2b98c4.jpg,https://cdn.shopify.com/s/files/1/2337/7003/files/20260907085821-651e111551474262-media_image-a509470cfb314b8daaee82b7cd609ad2.jpg | https://cdn.shopify.com/s/files/1/2337/7003/files/20260907085836-09f621ee17004ced-media_image-5358e52fc5554b998a1c40c039d94aba.jpg | https://cdn.shopify.com/s/files/1/2337/7003/files/20260907085836-11e3ac8618ba4f7c-media_image-5d05e0173b3341a29d2e523bf940d1cc.jpg | https://cdn.shopify.com/s/files/1/2337/7003/files/20260907085836-44eeb0a8d7e7417e-media_image-fade9e63c3fa40e8b224e246dfac8ceb.jpg | https://cdn.shopify.com/s/files/1/2337/7003/files/20260907085821-4b71d5a32c784abe-media_image-a94f82da6b894e37aae286a74b156ca3.jpg | https://cdn.shopify.com/s/files/1/2337/7003/files/20260907085821-7a004cf9b08147b9-media_image-4fa3f5088fc847bb94e3880bf87a65ab.jpg | https://cdn.shopify.com/s/files/1/2337/7003/files/20260907085903-1c5d7eb693e646b7-media_image-ed1327b9b2e3405b84fc6cff1e3de16e.jpg | https://cdn.shopify.com/s/files/1/2337/7003/files/20260907085821-229ac5d6e48f4212-media_image-295534d0769b4cc59b1ad7079aace314.jpg | https://cdn.shopify.com/s/files/1/2337/7003/files/20260907085836-0206c1d11cbf4f02-media_image-3429b79ca1ea4193a8ce85bd0db66e27.jpg | https://cdn.shopify.com/s/files/1/2337/7003/files/20260907085903-b71bb4947b0742c0-media_image-fa0beeab70ca493c8cfb3a0938e837bb.jpg | https://cdn.shopify.com/s/files/1/2337/7003/files/20260907085836-43aa9af7dbda4ade-media_image-0a51f3aace4c40aca66a859fa97cc7dd.jpg | https://cdn.shopify.com/s/files/1/2337/7003/files/20260907085821-702eacc79fbe4535-media_image-06f5b0d2ef2f4a259ef87ebc662d0683.jpg | https://cdn.shopify.com/s/files/1/2337/7003/files/20260907085821-b21c4f5a6c704e3e-media_image-1b8b5e4e545a4ec0994b72e94bd601b2.jpg | https://cdn.shopify.com/s/files/1/2337/7003/files/20260907085821-5a79992a53894a02-media_image-c00e421a45cf4a7181cd69b8576992c6.jpg | https://cdn.shopify.com/s/files/1/2337/7003/files/20260907085821-925fb9bf6e9c49f9-media_image-28ba07b5ca7144c988717f6c1860d887.jpg | https://cdn.shopify.com/s/files/1/2337/7003/files/20260907085846-0bdbed378805496e-media_image-2a6fbb97f1694253baed02cb3a86173a.jpg | https://cdn.shopify.com/s/files/1/2337/7003/files/20260907085821-e6a774c5139c455e-media_image-06120a15f07548dfbb905a969d2b98c4.jpg,Pure Chiffon & Silk,"Handcrafted Zardozi, Tilla & Fine Resham","3-Piece (Shirt, Trouser, Dupatta)",More than 6 weeks,Stitched,FALSE,FALSE,FALSE,"Exquisite handcrafted Banur Festive Couture ensemble from Haseens Official. Masterfully tailored with generational Pakistani artistry, premium pure fabrics, and delicate celebratory motifs."
has-013,Shazmeen,Festive Drops,Banur Drop,Pastel Metallic Pret,Banur Festive Couture,250000,,https://cdn.shopify.com/s/files/1/2337/7003/files/20260907085957-a8f04f7b49324ed3-media_image-bcc975b17fbc44d2b2da44c0bf8454f6.jpg,https://cdn.shopify.com/s/files/1/2337/7003/files/20260907085957-0d560160fbe94871-media_image-1188852cee7a432dbc515706e185ed9f.jpg,https://cdn.shopify.com/s/files/1/2337/7003/files/20260907085957-c4b113d778d741e7-media_image-724af1cb949e436e8befd90dee97e275.jpg,https://cdn.shopify.com/s/files/1/2337/7003/files/20260907085957-b4993e92d3f4472c-media_image-9dc9e9d917a847908157e9553a5eaa32.jpg,https://cdn.shopify.com/s/files/1/2337/7003/files/20260907085957-3e2e21ea077442af-media_image-656a488612064545858e24973b74c261.jpg | https://cdn.shopify.com/s/files/1/2337/7003/files/20260907085957-71fc98b94d7340d5-media_image-249dd69e36564a8b9bfa6fc58b1bc033.jpg | https://cdn.shopify.com/s/files/1/2337/7003/files/20260907085957-a7127cfdbbd04093-media_image-66477abc8c3b4ed285669e655ae97f9c.jpg | https://cdn.shopify.com/s/files/1/2337/7003/files/20260907085958-e85aead9951b40d2-media_image-90f51eb00faa400a91bbd14c6597f7da.jpg | https://cdn.shopify.com/s/files/1/2337/7003/files/20260907085957-483159558b5144e2-media_image-6a14602ae6e94212b54b73b717dbc719.jpg | https://cdn.shopify.com/s/files/1/2337/7003/files/20260907085957-b7265a819de74725-media_image-f012a2277f5341989c3b4f261986dfd4.jpg,https://cdn.shopify.com/s/files/1/2337/7003/files/20260907085957-a8f04f7b49324ed3-media_image-bcc975b17fbc44d2b2da44c0bf8454f6.jpg | https://cdn.shopify.com/s/files/1/2337/7003/files/20260907085957-0d560160fbe94871-media_image-1188852cee7a432dbc515706e185ed9f.jpg | https://cdn.shopify.com/s/files/1/2337/7003/files/20260907085957-c4b113d778d741e7-media_image-724af1cb949e436e8befd90dee97e275.jpg | https://cdn.shopify.com/s/files/1/2337/7003/files/20260907085957-b4993e92d3f4472c-media_image-9dc9e9d917a847908157e9553a5eaa32.jpg | https://cdn.shopify.com/s/files/1/2337/7003/files/20260907085957-3e2e21ea077442af-media_image-656a488612064545858e24973b74c261.jpg | https://cdn.shopify.com/s/files/1/2337/7003/files/20260907085957-71fc98b94d7340d5-media_image-249dd69e36564a8b9bfa6fc58b1bc033.jpg | https://cdn.shopify.com/s/files/1/2337/7003/files/20260907085957-a7127cfdbbd04093-media_image-66477abc8c3b4ed285669e655ae97f9c.jpg | https://cdn.shopify.com/s/files/1/2337/7003/files/20260907085958-e85aead9951b40d2-media_image-90f51eb00faa400a91bbd14c6597f7da.jpg | https://cdn.shopify.com/s/files/1/2337/7003/files/20260907085957-483159558b5144e2-media_image-6a14602ae6e94212b54b73b717dbc719.jpg | https://cdn.shopify.com/s/files/1/2337/7003/files/20260907085957-b7265a819de74725-media_image-f012a2277f5341989c3b4f261986dfd4.jpg,Pure Chiffon & Silk,"Handcrafted Zardozi, Tilla & Fine Resham","3-Piece (Shirt, Trouser, Dupatta)",More than 6 weeks,Stitched,FALSE,TRUE,TRUE,"Exquisite handcrafted Banur Festive Couture ensemble from Haseens Official. Masterfully tailored with generational Pakistani artistry, premium pure fabrics, and delicate celebratory motifs."
has-014,Muradi,Festive Drops,Banur Drop,Pastel Metallic Pret,Banur Festive Couture,135000,,https://cdn.shopify.com/s/files/1/2337/7003/files/20260907090036-6cbb7d4f53cf43e1-media_image-e104dd2695704fc8a2977614724747f8.jpg,https://cdn.shopify.com/s/files/1/2337/7003/files/20260907090036-7f1398699dc749c2-media_image-da2753811e344bf69e0e34705186c0f4.jpg,https://cdn.shopify.com/s/files/1/2337/7003/files/20260907090036-d0c1c54973eb4b00-media_image-5ab63e75bc9b4852b2a64610f1946df3.jpg,https://cdn.shopify.com/s/files/1/2337/7003/files/20260907090037-efb6e636465b4774-media_image-3de07f3f81fc440d96fd4177f8f0902d.jpg,https://cdn.shopify.com/s/files/1/2337/7003/files/20260907090036-dece1c9f66704fde-media_image-b5d6e3b6796a4ab9946e5128bf0e2861.jpg | https://cdn.shopify.com/s/files/1/2337/7003/files/20260907090036-6eb80ae8f90e4db3-media_image-8c03b4cb900f4234b63a6d8fec300aae.jpg | https://cdn.shopify.com/s/files/1/2337/7003/files/20260907090036-a73ced6977844bf5-media_image-0fbf955119364ebb852a1f9c5de93785.jpg | https://cdn.shopify.com/s/files/1/2337/7003/files/20260907090035-e53495c25b024401-media_image-eb03d14823d24f4ebfb5e15a83ebeca9.jpg,https://cdn.shopify.com/s/files/1/2337/7003/files/20260907090036-6cbb7d4f53cf43e1-media_image-e104dd2695704fc8a2977614724747f8.jpg | https://cdn.shopify.com/s/files/1/2337/7003/files/20260907090036-7f1398699dc749c2-media_image-da2753811e344bf69e0e34705186c0f4.jpg | https://cdn.shopify.com/s/files/1/2337/7003/files/20260907090036-d0c1c54973eb4b00-media_image-5ab63e75bc9b4852b2a64610f1946df3.jpg | https://cdn.shopify.com/s/files/1/2337/7003/files/20260907090037-efb6e636465b4774-media_image-3de07f3f81fc440d96fd4177f8f0902d.jpg | https://cdn.shopify.com/s/files/1/2337/7003/files/20260907090036-dece1c9f66704fde-media_image-b5d6e3b6796a4ab9946e5128bf0e2861.jpg | https://cdn.shopify.com/s/files/1/2337/7003/files/20260907090036-6eb80ae8f90e4db3-media_image-8c03b4cb900f4234b63a6d8fec300aae.jpg | https://cdn.shopify.com/s/files/1/2337/7003/files/20260907090036-a73ced6977844bf5-media_image-0fbf955119364ebb852a1f9c5de93785.jpg | https://cdn.shopify.com/s/files/1/2337/7003/files/20260907090035-e53495c25b024401-media_image-eb03d14823d24f4ebfb5e15a83ebeca9.jpg,Pure Chiffon & Silk,"Handcrafted Zardozi, Tilla & Fine Resham","3-Piece (Shirt, Trouser, Dupatta)",7 to 9 Weeks,Stitched,FALSE,FALSE,FALSE,"Exquisite handcrafted Banur Festive Couture ensemble from Haseens Official. Masterfully tailored with generational Pakistani artistry, premium pure fabrics, and delicate celebratory motifs."
has-015,Banok,Festive Drops,Banur Drop,Pastel Metallic Pret,Banur Festive Couture,140000,,https://cdn.shopify.com/s/files/1/2337/7003/files/20260907090154-02efcf1d113a47fa-media_image-640020f71a4546ceb87bd464a7bf1388.jpg,https://cdn.shopify.com/s/files/1/2337/7003/files/20260907090154-9b3f735937a9453c-media_image-d3bdf05e7fa341dd9869266596c56d76.jpg,https://cdn.shopify.com/s/files/1/2337/7003/files/20260907090155-c6953b680c244f3d-media_image-370a0e025f084d06b5238e2f7d9d9762.jpg,https://cdn.shopify.com/s/files/1/2337/7003/files/20260907090154-bc6fb19400da42d0-media_image-3d1b7c643c6749909dfe2fb139bf913f.jpg,https://cdn.shopify.com/s/files/1/2337/7003/files/20260907090153-e0f2064cdc8b4735-media_image-b57e8f3dd7644a0ebf8bf372805b44f8.jpg | https://cdn.shopify.com/s/files/1/2337/7003/files/20260907090155-1d4f2b8f982a45ea-media_image-059acbf1b1294f6e9c0d443966d8da9a.jpg | https://cdn.shopify.com/s/files/1/2337/7003/files/20260907090154-fb6262faa84840eb-media_image-faf270723c814872adeabc157ab15d7e.jpg | https://cdn.shopify.com/s/files/1/2337/7003/files/20260907090155-724cf6a0e50b4559-media_image-5a1cabd4ab4443428730d368a89550c3.jpg | https://cdn.shopify.com/s/files/1/2337/7003/files/20260907090154-417fa31c0d1742e5-media_image-6e6305a1beb945958f181e3ea8a1b51c.jpg | https://cdn.shopify.com/s/files/1/2337/7003/files/20260907090155-a4b69c42ba0b4111-media_image-009b40101fc5475da9b5482f4c54bd99.jpg | https://cdn.shopify.com/s/files/1/2337/7003/files/20260907090155-55f4832a99c44deb-media_image-6598f4f75ae64218a40ba4f2f97077f2.jpg,https://cdn.shopify.com/s/files/1/2337/7003/files/20260907090154-02efcf1d113a47fa-media_image-640020f71a4546ceb87bd464a7bf1388.jpg | https://cdn.shopify.com/s/files/1/2337/7003/files/20260907090154-9b3f735937a9453c-media_image-d3bdf05e7fa341dd9869266596c56d76.jpg | https://cdn.shopify.com/s/files/1/2337/7003/files/20260907090155-c6953b680c244f3d-media_image-370a0e025f084d06b5238e2f7d9d9762.jpg | https://cdn.shopify.com/s/files/1/2337/7003/files/20260907090154-bc6fb19400da42d0-media_image-3d1b7c643c6749909dfe2fb139bf913f.jpg | https://cdn.shopify.com/s/files/1/2337/7003/files/20260907090153-e0f2064cdc8b4735-media_image-b57e8f3dd7644a0ebf8bf372805b44f8.jpg | https://cdn.shopify.com/s/files/1/2337/7003/files/20260907090155-1d4f2b8f982a45ea-media_image-059acbf1b1294f6e9c0d443966d8da9a.jpg | https://cdn.shopify.com/s/files/1/2337/7003/files/20260907090154-fb6262faa84840eb-media_image-faf270723c814872adeabc157ab15d7e.jpg | https://cdn.shopify.com/s/files/1/2337/7003/files/20260907090155-724cf6a0e50b4559-media_image-5a1cabd4ab4443428730d368a89550c3.jpg | https://cdn.shopify.com/s/files/1/2337/7003/files/20260907090154-417fa31c0d1742e5-media_image-6e6305a1beb945958f181e3ea8a1b51c.jpg | https://cdn.shopify.com/s/files/1/2337/7003/files/20260907090155-a4b69c42ba0b4111-media_image-009b40101fc5475da9b5482f4c54bd99.jpg | https://cdn.shopify.com/s/files/1/2337/7003/files/20260907090155-55f4832a99c44deb-media_image-6598f4f75ae64218a40ba4f2f97077f2.jpg,Pure Chiffon & Silk,"Handcrafted Zardozi, Tilla & Fine Resham","3-Piece (Shirt, Trouser, Dupatta)",More than 6 weeks,Stitched,FALSE,FALSE,FALSE,"Exquisite handcrafted Banur Festive Couture ensemble from Haseens Official. Masterfully tailored with generational Pakistani artistry, premium pure fabrics, and delicate celebratory motifs."
has-016,Zargul,Festive Drops,Banur Drop,Pastel Metallic Pret,Banur Festive Couture,150000,,https://cdn.shopify.com/s/files/1/2337/7003/files/20260907090313-a2f25a94fe9e4d04-media_image-e575aea95c46406d9116dc700d7e03d4.jpg,https://cdn.shopify.com/s/files/1/2337/7003/files/20260907090312-8b0b0bf971784c96-media_image-e042b2ebcbfe4bfea24a4df8caf81561.jpg,https://cdn.shopify.com/s/files/1/2337/7003/files/20260907090313-a5e700aacd314f47-media_image-5e76010eaf424ea18c8e5425abebe4f7.jpg,https://cdn.shopify.com/s/files/1/2337/7003/files/20260907090313-8721f56af3114ade-media_image-a588c6edeb5a40e5ab76372eb742bd94.jpg,https://cdn.shopify.com/s/files/1/2337/7003/files/20260907090313-15c6d3ffedd74d99-media_image-eed0c58d38bb49308b432df04d816b55.jpg | https://cdn.shopify.com/s/files/1/2337/7003/files/20260907090313-3867ab1e18e1480d-media_image-27480730cf9e4696af0bfd6d55a77a8c.jpg | https://cdn.shopify.com/s/files/1/2337/7003/files/20260907090313-6f0784deda4b49da-media_image-0a30afd7c97343719c4ccb759112ac58.jpg | https://cdn.shopify.com/s/files/1/2337/7003/files/20260907090313-03ea57dbc93a44fc-media_image-96b459465063477bb89261d2b1026757.jpg | https://cdn.shopify.com/s/files/1/2337/7003/files/20260907090313-ae702b43f04a482f-media_image-c2b0cea4cd2a41e1911f55fee35a12d1.jpg | https://cdn.shopify.com/s/files/1/2337/7003/files/20260907090314-7bb489250f1a43a0-media_image-d1fedca6e442437e9b42d45139724b40.jpg | https://cdn.shopify.com/s/files/1/2337/7003/files/20260907090314-0a1fea497c8e406a-media_image-80f2c4349dda4f46b8da23400a5d6b16.jpg,https://cdn.shopify.com/s/files/1/2337/7003/files/20260907090313-a2f25a94fe9e4d04-media_image-e575aea95c46406d9116dc700d7e03d4.jpg | https://cdn.shopify.com/s/files/1/2337/7003/files/20260907090312-8b0b0bf971784c96-media_image-e042b2ebcbfe4bfea24a4df8caf81561.jpg | https://cdn.shopify.com/s/files/1/2337/7003/files/20260907090313-a5e700aacd314f47-media_image-5e76010eaf424ea18c8e5425abebe4f7.jpg | https://cdn.shopify.com/s/files/1/2337/7003/files/20260907090313-8721f56af3114ade-media_image-a588c6edeb5a40e5ab76372eb742bd94.jpg | https://cdn.shopify.com/s/files/1/2337/7003/files/20260907090313-15c6d3ffedd74d99-media_image-eed0c58d38bb49308b432df04d816b55.jpg | https://cdn.shopify.com/s/files/1/2337/7003/files/20260907090313-3867ab1e18e1480d-media_image-27480730cf9e4696af0bfd6d55a77a8c.jpg | https://cdn.shopify.com/s/files/1/2337/7003/files/20260907090313-6f0784deda4b49da-media_image-0a30afd7c97343719c4ccb759112ac58.jpg | https://cdn.shopify.com/s/files/1/2337/7003/files/20260907090313-03ea57dbc93a44fc-media_image-96b459465063477bb89261d2b1026757.jpg | https://cdn.shopify.com/s/files/1/2337/7003/files/20260907090313-ae702b43f04a482f-media_image-c2b0cea4cd2a41e1911f55fee35a12d1.jpg | https://cdn.shopify.com/s/files/1/2337/7003/files/20260907090314-7bb489250f1a43a0-media_image-d1fedca6e442437e9b42d45139724b40.jpg | https://cdn.shopify.com/s/files/1/2337/7003/files/20260907090314-0a1fea497c8e406a-media_image-80f2c4349dda4f46b8da23400a5d6b16.jpg,Pure Chiffon & Silk,"Handcrafted Zardozi, Tilla & Fine Resham","3-Piece (Shirt, Trouser, Dupatta)",More than 6 weeks,Stitched,TRUE,FALSE,TRUE,"Exquisite handcrafted Banur Festive Couture ensemble from Haseens Official. Masterfully tailored with generational Pakistani artistry, premium pure fabrics, and delicate celebratory motifs."
has-017,Bakhtawer,Festive Drops,Banur Drop,Pastel Metallic Pret,Banur Festive Couture,230000,,https://cdn.shopify.com/s/files/1/2337/7003/files/20260907090821-1a98df4e791247b6-media_image-6fdf726b665145f2b3db70ba3421534d.jpg,https://cdn.shopify.com/s/files/1/2337/7003/files/20260907090821-8be76aa83f54494c-media_image-cdb46607d865455dadacca36984698d1.jpg,https://cdn.shopify.com/s/files/1/2337/7003/files/20260907090820-6721094544334b98-media_image-02e3e6491a6a4375a700082cf1e24a0d.jpg,https://cdn.shopify.com/s/files/1/2337/7003/files/20260907090820-a5d3d9c5035e4e39-media_image-2af54b065e47451bae5969c2129d6bb2.jpg,https://cdn.shopify.com/s/files/1/2337/7003/files/20260907090819-2cda668c8a61451a-media_image-e20ec8a98bd44e80a17933a403e881eb.jpg | https://cdn.shopify.com/s/files/1/2337/7003/files/20260907090820-205cdd550b3b4dfd-media_image-73186318a5d14f94bb9098e705320197.jpg | https://cdn.shopify.com/s/files/1/2337/7003/files/20260907090819-0506e15bad7f4305-media_image-3c9437c7b31d43a2b4175e559b1f312e.jpg | https://cdn.shopify.com/s/files/1/2337/7003/files/20260907090819-547721179ed34eb5-media_image-42016a69b54a46bda2a35b39afc58fc9.jpg | https://cdn.shopify.com/s/files/1/2337/7003/files/20260907090819-74e7d1663bdc4f49-media_image-91ce142b64d74b3a8353d9e32e6fffd7.jpg | https://cdn.shopify.com/s/files/1/2337/7003/files/20260907090819-a4d485cc55a14f23-media_image-863e4ab096304f8e85b7893533e992a3.jpg | https://cdn.shopify.com/s/files/1/2337/7003/files/20260907090819-7e483bab3b354b76-media_image-e1ec1281ca074e3599e3ced0d464634e.jpg | https://cdn.shopify.com/s/files/1/2337/7003/files/20260907090820-69ada0ff6be34db1-media_image-495c1ba9391c474781f067d47d979891.jpg | https://cdn.shopify.com/s/files/1/2337/7003/files/20260907090819-5b5ac42bdd3b4012-media_image-8800d7dd8e544bad9382c6fb88342405.jpg | https://cdn.shopify.com/s/files/1/2337/7003/files/20260907090819-c82fdccabdcc454c-media_image-676fff4190454dc69f0c9e3335e927e4.jpg | https://cdn.shopify.com/s/files/1/2337/7003/files/20260907090819-49c7ac4bedd146f1-media_image-21135c1eeebc4a7eb1ff35b479100cf1.jpg | https://cdn.shopify.com/s/files/1/2337/7003/files/20260907090818-84a8e33870f94cf3-media_image-fa9a4dd3e2564ca0b690ee5a949d4e41.jpg | https://cdn.shopify.com/s/files/1/2337/7003/files/20260907090820-c7ba72a2d95d4c7e-media_image-4c05938e924e4fc4992216ece6cc956b.jpg | https://cdn.shopify.com/s/files/1/2337/7003/files/20260907090820-ef7b92d06fad4158-media_image-d260c07727074eb48d5a41224ed4b025.jpg | https://cdn.shopify.com/s/files/1/2337/7003/files/20260907090818-655971ea322f4f65-media_image-441d3051f6204d5684dba0a44050a85b.jpg,https://cdn.shopify.com/s/files/1/2337/7003/files/20260907090821-1a98df4e791247b6-media_image-6fdf726b665145f2b3db70ba3421534d.jpg | https://cdn.shopify.com/s/files/1/2337/7003/files/20260907090821-8be76aa83f54494c-media_image-cdb46607d865455dadacca36984698d1.jpg | https://cdn.shopify.com/s/files/1/2337/7003/files/20260907090820-6721094544334b98-media_image-02e3e6491a6a4375a700082cf1e24a0d.jpg | https://cdn.shopify.com/s/files/1/2337/7003/files/20260907090820-a5d3d9c5035e4e39-media_image-2af54b065e47451bae5969c2129d6bb2.jpg | https://cdn.shopify.com/s/files/1/2337/7003/files/20260907090819-2cda668c8a61451a-media_image-e20ec8a98bd44e80a17933a403e881eb.jpg | https://cdn.shopify.com/s/files/1/2337/7003/files/20260907090820-205cdd550b3b4dfd-media_image-73186318a5d14f94bb9098e705320197.jpg | https://cdn.shopify.com/s/files/1/2337/7003/files/20260907090819-0506e15bad7f4305-media_image-3c9437c7b31d43a2b4175e559b1f312e.jpg | https://cdn.shopify.com/s/files/1/2337/7003/files/20260907090819-547721179ed34eb5-media_image-42016a69b54a46bda2a35b39afc58fc9.jpg | https://cdn.shopify.com/s/files/1/2337/7003/files/20260907090819-74e7d1663bdc4f49-media_image-91ce142b64d74b3a8353d9e32e6fffd7.jpg | https://cdn.shopify.com/s/files/1/2337/7003/files/20260907090819-a4d485cc55a14f23-media_image-863e4ab096304f8e85b7893533e992a3.jpg | https://cdn.shopify.com/s/files/1/2337/7003/files/20260907090819-7e483bab3b354b76-media_image-e1ec1281ca074e3599e3ced0d464634e.jpg | https://cdn.shopify.com/s/files/1/2337/7003/files/20260907090820-69ada0ff6be34db1-media_image-495c1ba9391c474781f067d47d979891.jpg | https://cdn.shopify.com/s/files/1/2337/7003/files/20260907090819-5b5ac42bdd3b4012-media_image-8800d7dd8e544bad9382c6fb88342405.jpg | https://cdn.shopify.com/s/files/1/2337/7003/files/20260907090819-c82fdccabdcc454c-media_image-676fff4190454dc69f0c9e3335e927e4.jpg | https://cdn.shopify.com/s/files/1/2337/7003/files/20260907090819-49c7ac4bedd146f1-media_image-21135c1eeebc4a7eb1ff35b479100cf1.jpg | https://cdn.shopify.com/s/files/1/2337/7003/files/20260907090818-84a8e33870f94cf3-media_image-fa9a4dd3e2564ca0b690ee5a949d4e41.jpg | https://cdn.shopify.com/s/files/1/2337/7003/files/20260907090820-c7ba72a2d95d4c7e-media_image-4c05938e924e4fc4992216ece6cc956b.jpg | https://cdn.shopify.com/s/files/1/2337/7003/files/20260907090820-ef7b92d06fad4158-media_image-d260c07727074eb48d5a41224ed4b025.jpg | https://cdn.shopify.com/s/files/1/2337/7003/files/20260907090818-655971ea322f4f65-media_image-441d3051f6204d5684dba0a44050a85b.jpg,Pure Chiffon & Silk,"Handcrafted Zardozi, Tilla & Fine Resham","3-Piece (Shirt, Trouser, Dupatta)",More than 6 weeks,Stitched,FALSE,TRUE,FALSE,"Exquisite handcrafted Banur Festive Couture ensemble from Haseens Official. Masterfully tailored with generational Pakistani artistry, premium pure fabrics, and delicate celebratory motifs."
has-018,Mannat,Festive Drops,Dilruba Drop,Jewel Toned Velvet & Silk,Dilruba Luxury Edition,19300,,https://cdn.shopify.com/s/files/1/2337/7003/files/20260824124653-9d0b6d54a9544880-media_image-def810c7766b4e06982c03d1c71a7fe4.jpg,https://cdn.shopify.com/s/files/1/2337/7003/files/20260824124652-2779fadbdf5b4dfa-media_image-95cb5401765e4565aba4a84f76872de7.jpg,https://cdn.shopify.com/s/files/1/2337/7003/files/20260824124652-5e2a4ffff09947bf-media_image-e7839ecbf0ae4d6a93a6a3efba33755b.jpg,https://cdn.shopify.com/s/files/1/2337/7003/files/20260824124652-24d8af05d26d4528-media_image-4c69683bc9a343078e61386f3db0d49a.jpg,https://cdn.shopify.com/s/files/1/2337/7003/files/20260824124652-bcf76753a51e46b2-media_image-8600aba2aa004a74b21740b95ae48ccf.jpg | https://cdn.shopify.com/s/files/1/2337/7003/files/20260824124652-9776ab3e367f4c25-media_image-00ef7f2c2f114d5ea3a23485c76c8470.jpg,https://cdn.shopify.com/s/files/1/2337/7003/files/20260824124653-9d0b6d54a9544880-media_image-def810c7766b4e06982c03d1c71a7fe4.jpg | https://cdn.shopify.com/s/files/1/2337/7003/files/20260824124652-2779fadbdf5b4dfa-media_image-95cb5401765e4565aba4a84f76872de7.jpg | https://cdn.shopify.com/s/files/1/2337/7003/files/20260824124652-5e2a4ffff09947bf-media_image-e7839ecbf0ae4d6a93a6a3efba33755b.jpg | https://cdn.shopify.com/s/files/1/2337/7003/files/20260824124652-24d8af05d26d4528-media_image-4c69683bc9a343078e61386f3db0d49a.jpg | https://cdn.shopify.com/s/files/1/2337/7003/files/20260824124652-bcf76753a51e46b2-media_image-8600aba2aa004a74b21740b95ae48ccf.jpg | https://cdn.shopify.com/s/files/1/2337/7003/files/20260824124652-9776ab3e367f4c25-media_image-00ef7f2c2f114d5ea3a23485c76c8470.jpg,Pure Chiffon & Silk,"Handcrafted Zardozi, Tilla & Fine Resham","3-Piece (Shirt, Trouser, Dupatta)",5 to 7 Weeks,Stitched,FALSE,FALSE,FALSE,"Exquisite handcrafted Dilruba Luxury Edition ensemble from Haseens Official. Masterfully tailored with generational Pakistani artistry, premium pure fabrics, and delicate celebratory motifs."
has-019,Gulnisa,Festive Drops,Dilruba Drop,Jewel Toned Velvet & Silk,Dilruba Luxury Edition,19700,,https://cdn.shopify.com/s/files/1/2337/7003/files/20260824123301-1576fcb68b124562-media_image-497bff7b26f34840b36dd210a76c19de.jpg,https://cdn.shopify.com/s/files/1/2337/7003/files/20260824123302-3a158034335b4d77-media_image-e410b0b0c3124130b6d3a64bd2d9a067.jpg,https://cdn.shopify.com/s/files/1/2337/7003/files/20260824123301-1ba0955a278f4a3b-media_image-5b8bdcfedf3944298464700ac9ca6744.jpg,https://cdn.shopify.com/s/files/1/2337/7003/files/20260824123301-e33e645dbef54587-media_image-131dd7fa2ddd453fbb33b82b6dcb7145.jpg,https://cdn.shopify.com/s/files/1/2337/7003/files/20260824123301-e18aa2bbfaa542cf-media_image-a193aacda8d94ed5b37f0adab01de1bd.jpg | https://cdn.shopify.com/s/files/1/2337/7003/files/20260824123341-791f2a8a4e244064-media_image-0d56b496f24b4fb5aaef12d4dea97510.jpg | https://cdn.shopify.com/s/files/1/2337/7003/files/20260824123301-dd96782720154921-media_image-a330e7f97cad4a65b499f17c490f0005.jpg | https://cdn.shopify.com/s/files/1/2337/7003/files/20260824123301-50139c08ffb249e7-media_image-235544ca1842427492fdd3149b896cb7.jpg | https://cdn.shopify.com/s/files/1/2337/7003/files/20260824123301-7955faa167b94257-media_image-daad1dde7df547e2b3c126f4cec9d671.jpg | https://cdn.shopify.com/s/files/1/2337/7003/files/20260824123302-214e9b3c8f1e478c-media_image-8e62d3ea545042bfb103b783963c5ee3.jpg | https://cdn.shopify.com/s/files/1/2337/7003/files/20260824123341-0d8351f8e6d2413d-media_image-b239a0ad1e5d4686b6e8e4f0110ffa50.jpg | https://cdn.shopify.com/s/files/1/2337/7003/files/20260824123301-1c1342601dda415a-media_image-28fa7a52903c4876bd92275178d7b9f8.jpg,https://cdn.shopify.com/s/files/1/2337/7003/files/20260824123301-1576fcb68b124562-media_image-497bff7b26f34840b36dd210a76c19de.jpg | https://cdn.shopify.com/s/files/1/2337/7003/files/20260824123302-3a158034335b4d77-media_image-e410b0b0c3124130b6d3a64bd2d9a067.jpg | https://cdn.shopify.com/s/files/1/2337/7003/files/20260824123301-1ba0955a278f4a3b-media_image-5b8bdcfedf3944298464700ac9ca6744.jpg | https://cdn.shopify.com/s/files/1/2337/7003/files/20260824123301-e33e645dbef54587-media_image-131dd7fa2ddd453fbb33b82b6dcb7145.jpg | https://cdn.shopify.com/s/files/1/2337/7003/files/20260824123301-e18aa2bbfaa542cf-media_image-a193aacda8d94ed5b37f0adab01de1bd.jpg | https://cdn.shopify.com/s/files/1/2337/7003/files/20260824123341-791f2a8a4e244064-media_image-0d56b496f24b4fb5aaef12d4dea97510.jpg | https://cdn.shopify.com/s/files/1/2337/7003/files/20260824123301-dd96782720154921-media_image-a330e7f97cad4a65b499f17c490f0005.jpg | https://cdn.shopify.com/s/files/1/2337/7003/files/20260824123301-50139c08ffb249e7-media_image-235544ca1842427492fdd3149b896cb7.jpg | https://cdn.shopify.com/s/files/1/2337/7003/files/20260824123301-7955faa167b94257-media_image-daad1dde7df547e2b3c126f4cec9d671.jpg | https://cdn.shopify.com/s/files/1/2337/7003/files/20260824123302-214e9b3c8f1e478c-media_image-8e62d3ea545042bfb103b783963c5ee3.jpg | https://cdn.shopify.com/s/files/1/2337/7003/files/20260824123341-0d8351f8e6d2413d-media_image-b239a0ad1e5d4686b6e8e4f0110ffa50.jpg | https://cdn.shopify.com/s/files/1/2337/7003/files/20260824123301-1c1342601dda415a-media_image-28fa7a52903c4876bd92275178d7b9f8.jpg,Pure Chiffon & Silk,"Handcrafted Zardozi, Tilla & Fine Resham","3-Piece (Shirt, Trouser, Dupatta)",0 to 2 Weeks,Stitched,FALSE,FALSE,TRUE,"Exquisite handcrafted Dilruba Luxury Edition ensemble from Haseens Official. Masterfully tailored with generational Pakistani artistry, premium pure fabrics, and delicate celebratory motifs."
has-020,Kumari,Festive Drops,Dilruba Drop,Jewel Toned Velvet & Silk,Dilruba Luxury Edition,24300,,https://cdn.shopify.com/s/files/1/2337/7003/files/20260824124628-f2a4050d6f9d4c13-media_image-bdf040bdfe1d4905b0544ebf7bc0d61a.jpg,https://cdn.shopify.com/s/files/1/2337/7003/files/20260824124629-3bb4636330074fd2-media_image-ccd940d82bab43da9b0d27198e0b2349.jpg,https://cdn.shopify.com/s/files/1/2337/7003/files/20260824124629-567b83520d434d45-media_image-e7cb0f16e7244a2aa81bd325c36507b2.jpg,https://cdn.shopify.com/s/files/1/2337/7003/files/20260824124629-8d8e229a60ed4845-media_image-9a38d41679644677829f5e9b558d0cf3.jpg,https://cdn.shopify.com/s/files/1/2337/7003/files/20260824124629-f88e97f403c44d4c-media_image-a210f1ee6310428e972e136c01fc2372.jpg | https://cdn.shopify.com/s/files/1/2337/7003/files/20260824124630-3be139cc66e04a0e-media_image-bfeea94297dd47bbb63d3a6d8791516c.jpg | https://cdn.shopify.com/s/files/1/2337/7003/files/20260824124629-6f1a764263eb40ee-media_image-9e67298ff90e4f2c986800b6f3ab0433.jpg | https://cdn.shopify.com/s/files/1/2337/7003/files/20260824124629-b0d51973a85d4a75-media_image-91dabe6e0939408dae12e0199ce8bc3e.jpg | https://cdn.shopify.com/s/files/1/2337/7003/files/20260824124629-b9df7a9f90a34776-media_image-82f01932e3a947c2b69bc700f44000e8.jpg,https://cdn.shopify.com/s/files/1/2337/7003/files/20260824124628-f2a4050d6f9d4c13-media_image-bdf040bdfe1d4905b0544ebf7bc0d61a.jpg | https://cdn.shopify.com/s/files/1/2337/7003/files/20260824124629-3bb4636330074fd2-media_image-ccd940d82bab43da9b0d27198e0b2349.jpg | https://cdn.shopify.com/s/files/1/2337/7003/files/20260824124629-567b83520d434d45-media_image-e7cb0f16e7244a2aa81bd325c36507b2.jpg | https://cdn.shopify.com/s/files/1/2337/7003/files/20260824124629-8d8e229a60ed4845-media_image-9a38d41679644677829f5e9b558d0cf3.jpg | https://cdn.shopify.com/s/files/1/2337/7003/files/20260824124629-f88e97f403c44d4c-media_image-a210f1ee6310428e972e136c01fc2372.jpg | https://cdn.shopify.com/s/files/1/2337/7003/files/20260824124630-3be139cc66e04a0e-media_image-bfeea94297dd47bbb63d3a6d8791516c.jpg | https://cdn.shopify.com/s/files/1/2337/7003/files/20260824124629-6f1a764263eb40ee-media_image-9e67298ff90e4f2c986800b6f3ab0433.jpg | https://cdn.shopify.com/s/files/1/2337/7003/files/20260824124629-b0d51973a85d4a75-media_image-91dabe6e0939408dae12e0199ce8bc3e.jpg | https://cdn.shopify.com/s/files/1/2337/7003/files/20260824124629-b9df7a9f90a34776-media_image-82f01932e3a947c2b69bc700f44000e8.jpg,Pure Chiffon & Silk,"Handcrafted Zardozi, Tilla & Fine Resham","3-Piece (Shirt, Trouser, Dupatta)",5 to 7 Weeks,Stitched,FALSE,FALSE,FALSE,"Exquisite handcrafted Dilruba Luxury Edition ensemble from Haseens Official. Masterfully tailored with generational Pakistani artistry, premium pure fabrics, and delicate celebratory motifs."
has-021,Sajni,Festive Drops,Dilruba Drop,Jewel Toned Velvet & Silk,Dilruba Luxury Edition,21300,,https://cdn.shopify.com/s/files/1/2337/7003/files/20260824112240-4be4c23d58c845c3-media_image-108ffe6e04e34f37b77e4b4f911faea4.jpg,https://cdn.shopify.com/s/files/1/2337/7003/files/20260824112241-f05701214ac04225-media_image-1b0fc4317b3748ec804890c65002b384.jpg,https://cdn.shopify.com/s/files/1/2337/7003/files/20260824112241-c2e0b5ca69724c22-media_image-a19a42a559ff4a0c9f77bf18288745f2.jpg,https://cdn.shopify.com/s/files/1/2337/7003/files/20260824112241-ed0117ae6d2b4f30-media_image-e5d37535c0a4477a9683ce9c805ec7ad.jpg,https://cdn.shopify.com/s/files/1/2337/7003/files/20260824112240-55b8d3edaf2b4509-media_image-585b1135832f4390ac366e3b76162c3f.jpg | https://cdn.shopify.com/s/files/1/2337/7003/files/20260824112241-5cba2a80f75d48ea-media_image-6889aae0af6442158664d44a9bfe8a8c.jpg | https://cdn.shopify.com/s/files/1/2337/7003/files/20260824112240-c5d57bebbbfc430a-media_image-4e05532edc944f9d82d5687a1be8a7f9.jpg | https://cdn.shopify.com/s/files/1/2337/7003/files/20260824112240-40f676fa27c645a0-media_image-a9981303c1dd47bdb34f6a5fb21b6fc3.jpg | https://cdn.shopify.com/s/files/1/2337/7003/files/20260824112240-b7b902d7e9fe4348-media_image-f6aad8b3f5e341a5a82f8ae4fb5ee37a.jpg | https://cdn.shopify.com/s/files/1/2337/7003/files/20260824112240-26f4b9ab993c43be-media_image-fadffbc0240645ee884edb87b77eb9aa.jpg | https://cdn.shopify.com/s/files/1/2337/7003/files/20260824112241-eb1de9a2387c457f-media_image-6e0bdcdc20274d7f9dbcde7da6820741.jpg | https://cdn.shopify.com/s/files/1/2337/7003/files/20260824112241-f47dc629910d4376-media_image-676c4caf64cb4f9fb8bd6ff7779d9f5e.jpg | https://cdn.shopify.com/s/files/1/2337/7003/files/20260824112240-c006f2e264244248-media_image-b2dcec2142354170bbf24efa5d5b6083.jpg | https://cdn.shopify.com/s/files/1/2337/7003/files/20260824112240-e7213429eece4fd1-media_image-c241d64bbcd049c18e55379dd697d06c.jpg | https://cdn.shopify.com/s/files/1/2337/7003/files/20260824112241-88269c0b13aa4f39-media_image-bff94c60544a4c5eab028574570e8019.jpg,https://cdn.shopify.com/s/files/1/2337/7003/files/20260824112240-4be4c23d58c845c3-media_image-108ffe6e04e34f37b77e4b4f911faea4.jpg | https://cdn.shopify.com/s/files/1/2337/7003/files/20260824112241-f05701214ac04225-media_image-1b0fc4317b3748ec804890c65002b384.jpg | https://cdn.shopify.com/s/files/1/2337/7003/files/20260824112241-c2e0b5ca69724c22-media_image-a19a42a559ff4a0c9f77bf18288745f2.jpg | https://cdn.shopify.com/s/files/1/2337/7003/files/20260824112241-ed0117ae6d2b4f30-media_image-e5d37535c0a4477a9683ce9c805ec7ad.jpg | https://cdn.shopify.com/s/files/1/2337/7003/files/20260824112240-55b8d3edaf2b4509-media_image-585b1135832f4390ac366e3b76162c3f.jpg | https://cdn.shopify.com/s/files/1/2337/7003/files/20260824112241-5cba2a80f75d48ea-media_image-6889aae0af6442158664d44a9bfe8a8c.jpg | https://cdn.shopify.com/s/files/1/2337/7003/files/20260824112240-c5d57bebbbfc430a-media_image-4e05532edc944f9d82d5687a1be8a7f9.jpg | https://cdn.shopify.com/s/files/1/2337/7003/files/20260824112240-40f676fa27c645a0-media_image-a9981303c1dd47bdb34f6a5fb21b6fc3.jpg | https://cdn.shopify.com/s/files/1/2337/7003/files/20260824112240-b7b902d7e9fe4348-media_image-f6aad8b3f5e341a5a82f8ae4fb5ee37a.jpg | https://cdn.shopify.com/s/files/1/2337/7003/files/20260824112240-26f4b9ab993c43be-media_image-fadffbc0240645ee884edb87b77eb9aa.jpg | https://cdn.shopify.com/s/files/1/2337/7003/files/20260824112241-eb1de9a2387c457f-media_image-6e0bdcdc20274d7f9dbcde7da6820741.jpg | https://cdn.shopify.com/s/files/1/2337/7003/files/20260824112241-f47dc629910d4376-media_image-676c4caf64cb4f9fb8bd6ff7779d9f5e.jpg | https://cdn.shopify.com/s/files/1/2337/7003/files/20260824112240-c006f2e264244248-media_image-b2dcec2142354170bbf24efa5d5b6083.jpg | https://cdn.shopify.com/s/files/1/2337/7003/files/20260824112240-e7213429eece4fd1-media_image-c241d64bbcd049c18e55379dd697d06c.jpg | https://cdn.shopify.com/s/files/1/2337/7003/files/20260824112241-88269c0b13aa4f39-media_image-bff94c60544a4c5eab028574570e8019.jpg,Pure Chiffon & Silk,"Handcrafted Zardozi, Tilla & Fine Resham","3-Piece (Shirt, Trouser, Dupatta)",5 to 7 Weeks,Stitched,TRUE,TRUE,FALSE,"Exquisite handcrafted Dilruba Luxury Edition ensemble from Haseens Official. Masterfully tailored with generational Pakistani artistry, premium pure fabrics, and delicate celebratory motifs."
has-022,Surkhi,Festive Drops,Dilruba Drop,Jewel Toned Velvet & Silk,Dilruba Luxury Edition,27999,,https://cdn.shopify.com/s/files/1/2337/7003/files/20260824114728-3764f69c9b6a4025-media_image-066058530b934f57ac482090ad0e70fa.jpg,https://cdn.shopify.com/s/files/1/2337/7003/files/20260824114728-10c7fd7486f54fef-media_image-7d58026f79804d1ca82151466419fa71.jpg,https://cdn.shopify.com/s/files/1/2337/7003/files/20260824114718-e65531ce6db94a81-media_image-7e029b1e9876426b879a15c068184eed.jpg,https://cdn.shopify.com/s/files/1/2337/7003/files/20260824114728-58d6d679470d4c58-media_image-ac148eea89bb42c090ce542d7351843f.jpg,https://cdn.shopify.com/s/files/1/2337/7003/files/20260824114716-2a71810e1f4a48a3-media_image-43aa5cb08a204ef38c4ca75673be347f.jpg | https://cdn.shopify.com/s/files/1/2337/7003/files/20260824114728-09ece73adbc54e12-media_image-c69023a0e96141089d2ca272809425af.jpg | https://cdn.shopify.com/s/files/1/2337/7003/files/20260824114728-5622e29a64a849be-media_image-be07735a9b684c959b22f31a615a6bd6.jpg | https://cdn.shopify.com/s/files/1/2337/7003/files/20260824114718-fa8ba10ca728452d-media_image-0ae40c5ce7be4bd1b4e86614332c5d28.jpg | https://cdn.shopify.com/s/files/1/2337/7003/files/20260824114729-257af4654d644250-media_image-b4075a91e0af4034ada06a717987a3bc.jpg | https://cdn.shopify.com/s/files/1/2337/7003/files/20260824114718-a5943bb59a3447d2-media_image-941de1a01aad4c4a9ae92e7caf80eca4.jpg | https://cdn.shopify.com/s/files/1/2337/7003/files/20260824114702-d196e91ace7f46c1-media_image-520fb485e2f64550888dca92bb797061.jpg | https://cdn.shopify.com/s/files/1/2337/7003/files/20260824114718-855c7d36f0f0496c-media_image-ac4110aea0864c178940e7f8b3d32726.jpg | https://cdn.shopify.com/s/files/1/2337/7003/files/20260824114702-580cc10548d54c8c-media_image-c999664cbae74b64ab4e6685b562b9af.jpg | https://cdn.shopify.com/s/files/1/2337/7003/files/20260824114702-600b34247ae44ad4-media_image-baa2311c961a48d09058c9b69836d531.jpg | https://cdn.shopify.com/s/files/1/2337/7003/files/20260824114703-61b81f21da594d5f-media_image-4b78395137ee4cd3aae5b76905a6e714.jpg | https://cdn.shopify.com/s/files/1/2337/7003/files/20260824114702-05ac98abd64949dd-media_image-c72f5837f40142b489da79ffb5370af8.jpg | https://cdn.shopify.com/s/files/1/2337/7003/files/20260824114702-54077d356f974d88-media_image-440b5633475342b7bcfa21d9d5544c0c.jpg | https://cdn.shopify.com/s/files/1/2337/7003/files/20260824114718-aa7856a785504b40-media_image-d32734f684e943bfb3587e7e802b0eea.jpg,https://cdn.shopify.com/s/files/1/2337/7003/files/20260824114728-3764f69c9b6a4025-media_image-066058530b934f57ac482090ad0e70fa.jpg | https://cdn.shopify.com/s/files/1/2337/7003/files/20260824114728-10c7fd7486f54fef-media_image-7d58026f79804d1ca82151466419fa71.jpg | https://cdn.shopify.com/s/files/1/2337/7003/files/20260824114718-e65531ce6db94a81-media_image-7e029b1e9876426b879a15c068184eed.jpg | https://cdn.shopify.com/s/files/1/2337/7003/files/20260824114728-58d6d679470d4c58-media_image-ac148eea89bb42c090ce542d7351843f.jpg | https://cdn.shopify.com/s/files/1/2337/7003/files/20260824114716-2a71810e1f4a48a3-media_image-43aa5cb08a204ef38c4ca75673be347f.jpg | https://cdn.shopify.com/s/files/1/2337/7003/files/20260824114728-09ece73adbc54e12-media_image-c69023a0e96141089d2ca272809425af.jpg | https://cdn.shopify.com/s/files/1/2337/7003/files/20260824114728-5622e29a64a849be-media_image-be07735a9b684c959b22f31a615a6bd6.jpg | https://cdn.shopify.com/s/files/1/2337/7003/files/20260824114718-fa8ba10ca728452d-media_image-0ae40c5ce7be4bd1b4e86614332c5d28.jpg | https://cdn.shopify.com/s/files/1/2337/7003/files/20260824114729-257af4654d644250-media_image-b4075a91e0af4034ada06a717987a3bc.jpg | https://cdn.shopify.com/s/files/1/2337/7003/files/20260824114718-a5943bb59a3447d2-media_image-941de1a01aad4c4a9ae92e7caf80eca4.jpg | https://cdn.shopify.com/s/files/1/2337/7003/files/20260824114702-d196e91ace7f46c1-media_image-520fb485e2f64550888dca92bb797061.jpg | https://cdn.shopify.com/s/files/1/2337/7003/files/20260824114718-855c7d36f0f0496c-media_image-ac4110aea0864c178940e7f8b3d32726.jpg | https://cdn.shopify.com/s/files/1/2337/7003/files/20260824114702-580cc10548d54c8c-media_image-c999664cbae74b64ab4e6685b562b9af.jpg | https://cdn.shopify.com/s/files/1/2337/7003/files/20260824114702-600b34247ae44ad4-media_image-baa2311c961a48d09058c9b69836d531.jpg | https://cdn.shopify.com/s/files/1/2337/7003/files/20260824114703-61b81f21da594d5f-media_image-4b78395137ee4cd3aae5b76905a6e714.jpg | https://cdn.shopify.com/s/files/1/2337/7003/files/20260824114702-05ac98abd64949dd-media_image-c72f5837f40142b489da79ffb5370af8.jpg | https://cdn.shopify.com/s/files/1/2337/7003/files/20260824114702-54077d356f974d88-media_image-440b5633475342b7bcfa21d9d5544c0c.jpg | https://cdn.shopify.com/s/files/1/2337/7003/files/20260824114718-aa7856a785504b40-media_image-d32734f684e943bfb3587e7e802b0eea.jpg,Pure Chiffon & Silk,"Handcrafted Zardozi, Tilla & Fine Resham","3-Piece (Shirt, Trouser, Dupatta)",0 to 2 Weeks,Stitched,FALSE,FALSE,TRUE,"Exquisite handcrafted Dilruba Luxury Edition ensemble from Haseens Official. Masterfully tailored with generational Pakistani artistry, premium pure fabrics, and delicate celebratory motifs."
has-023,Zohri,Festive Drops,Dilruba Drop,Jewel Toned Velvet & Silk,Dilruba Luxury Edition,18500,,https://cdn.shopify.com/s/files/1/2337/7003/files/20260824123345-e140603d18744d01-media_image-6cfebc7a415f4dc1ba81471a2c38ef42.jpg,https://cdn.shopify.com/s/files/1/2337/7003/files/20260824123346-4f922db07e134c4b-media_image-212dae397af94c1695bc0aae19925c92.jpg,https://cdn.shopify.com/s/files/1/2337/7003/files/20260824123345-d155a4751f874fdd-media_image-ef08595394e442109a2d878835eb4214.jpg,https://cdn.shopify.com/s/files/1/2337/7003/files/20260824123345-587f768bf7d54e3b-media_image-7068d12323f64894a4d1e17b8d7bb447.jpg,https://cdn.shopify.com/s/files/1/2337/7003/files/20260824123346-d6cbfd69fc9d463c-media_image-41e661521f344e6f9602077d405f4cca.jpg | https://cdn.shopify.com/s/files/1/2337/7003/files/20260824123346-c9baeb61e39a4be8-media_image-2a74f6bad5d54f858a0ac8fbac17902f.jpg | https://cdn.shopify.com/s/files/1/2337/7003/files/20260824123346-a78c1cd622fc489e-media_image-d51040f5dbd94a74b9b633d39d521742.jpg | https://cdn.shopify.com/s/files/1/2337/7003/files/20260824123345-d9271c90cfdc405f-media_image-50d55e720c214fe38a470a9937366b62.jpg | https://cdn.shopify.com/s/files/1/2337/7003/files/20260824123346-70d0e30533854033-media_image-ef72483089cf4f089d2ffb026cde3974.jpg | https://cdn.shopify.com/s/files/1/2337/7003/files/20260824123345-7e1d3c8f2d7a43de-media_image-50d771a93ee14e808190f04a41a8f467.jpg,https://cdn.shopify.com/s/files/1/2337/7003/files/20260824123345-e140603d18744d01-media_image-6cfebc7a415f4dc1ba81471a2c38ef42.jpg | https://cdn.shopify.com/s/files/1/2337/7003/files/20260824123346-4f922db07e134c4b-media_image-212dae397af94c1695bc0aae19925c92.jpg | https://cdn.shopify.com/s/files/1/2337/7003/files/20260824123345-d155a4751f874fdd-media_image-ef08595394e442109a2d878835eb4214.jpg | https://cdn.shopify.com/s/files/1/2337/7003/files/20260824123345-587f768bf7d54e3b-media_image-7068d12323f64894a4d1e17b8d7bb447.jpg | https://cdn.shopify.com/s/files/1/2337/7003/files/20260824123346-d6cbfd69fc9d463c-media_image-41e661521f344e6f9602077d405f4cca.jpg | https://cdn.shopify.com/s/files/1/2337/7003/files/20260824123346-c9baeb61e39a4be8-media_image-2a74f6bad5d54f858a0ac8fbac17902f.jpg | https://cdn.shopify.com/s/files/1/2337/7003/files/20260824123346-a78c1cd622fc489e-media_image-d51040f5dbd94a74b9b633d39d521742.jpg | https://cdn.shopify.com/s/files/1/2337/7003/files/20260824123345-d9271c90cfdc405f-media_image-50d55e720c214fe38a470a9937366b62.jpg | https://cdn.shopify.com/s/files/1/2337/7003/files/20260824123346-70d0e30533854033-media_image-ef72483089cf4f089d2ffb026cde3974.jpg | https://cdn.shopify.com/s/files/1/2337/7003/files/20260824123345-7e1d3c8f2d7a43de-media_image-50d771a93ee14e808190f04a41a8f467.jpg,Pure Chiffon & Silk,"Handcrafted Zardozi, Tilla & Fine Resham","3-Piece (Shirt, Trouser, Dupatta)",5 to 7 Weeks,Stitched,FALSE,FALSE,FALSE,"Exquisite handcrafted Dilruba Luxury Edition ensemble from Haseens Official. Masterfully tailored with generational Pakistani artistry, premium pure fabrics, and delicate celebratory motifs."
has-024,Shehzana,Festive Drops,Dilruba Drop,Jewel Toned Velvet & Silk,Dilruba Luxury Edition,18500,,https://cdn.shopify.com/s/files/1/2337/7003/files/20260824114623-64e5dd8afd0a4a7b-media_image-b44d718da8a046caa7c6c3e8edb3a549.jpg,https://cdn.shopify.com/s/files/1/2337/7003/files/20260824114623-b204beb68e8243cb-media_image-e7112b4afdfa42a4b6927409918d64c7.jpg,https://cdn.shopify.com/s/files/1/2337/7003/files/20260824114623-256bacb9e2eb40ec-media_image-c5b3527717c44df0831ff3a7543f5ba3.jpg,https://cdn.shopify.com/s/files/1/2337/7003/files/20260824114623-996d195d6e024611-media_image-a35abcc698864f98a802b5df63c89775.jpg,https://cdn.shopify.com/s/files/1/2337/7003/files/20260824114623-528e52d122cc451a-media_image-03c980b221c04be8b93e4ce090308058.jpg | https://cdn.shopify.com/s/files/1/2337/7003/files/20260824114623-82006477e3b74b42-media_image-ea9ad945cfc844ed8de35b1443679173.jpg,https://cdn.shopify.com/s/files/1/2337/7003/files/20260824114623-64e5dd8afd0a4a7b-media_image-b44d718da8a046caa7c6c3e8edb3a549.jpg | https://cdn.shopify.com/s/files/1/2337/7003/files/20260824114623-b204beb68e8243cb-media_image-e7112b4afdfa42a4b6927409918d64c7.jpg | https://cdn.shopify.com/s/files/1/2337/7003/files/20260824114623-256bacb9e2eb40ec-media_image-c5b3527717c44df0831ff3a7543f5ba3.jpg | https://cdn.shopify.com/s/files/1/2337/7003/files/20260824114623-996d195d6e024611-media_image-a35abcc698864f98a802b5df63c89775.jpg | https://cdn.shopify.com/s/files/1/2337/7003/files/20260824114623-528e52d122cc451a-media_image-03c980b221c04be8b93e4ce090308058.jpg | https://cdn.shopify.com/s/files/1/2337/7003/files/20260824114623-82006477e3b74b42-media_image-ea9ad945cfc844ed8de35b1443679173.jpg,Pure Chiffon & Silk,"Handcrafted Zardozi, Tilla & Fine Resham","3-Piece (Shirt, Trouser, Dupatta)",5 to 7 Weeks,Stitched,FALSE,FALSE,FALSE,"Exquisite handcrafted Dilruba Luxury Edition ensemble from Haseens Official. Masterfully tailored with generational Pakistani artistry, premium pure fabrics, and delicate celebratory motifs."
has-025,Nusrat,Festive Drops,Dilruba Drop,Jewel Toned Velvet & Silk,Dilruba Luxury Edition,15680,,https://cdn.shopify.com/s/files/1/2337/7003/files/20260824114827-b6745a35576f4206-media_image-8582d468a4224dfd819af673871d7351.jpg,https://cdn.shopify.com/s/files/1/2337/7003/files/20260824114827-9995f3b485f44777-media_image-f2e1b318a8b64546aa9bce1adb06b38b.jpg,https://cdn.shopify.com/s/files/1/2337/7003/files/20260824114827-cd1415a98f974353-media_image-4d76a43542f449ca9d8f640449b4b7d7.jpg,https://cdn.shopify.com/s/files/1/2337/7003/files/20260824114828-90b683dbdeef415c-media_image-1388b07fbc184e319e3adacadbd47b69.jpg,https://cdn.shopify.com/s/files/1/2337/7003/files/20260824114827-abcb3e4dc2424fd9-media_image-5e444f5e526b47c787b1f5706f23aa66.jpg | https://cdn.shopify.com/s/files/1/2337/7003/files/20260824114826-ff2678aa9b4a4bfe-media_image-01d6446220f1478893464ba89da35327.jpg | https://cdn.shopify.com/s/files/1/2337/7003/files/20260824114827-fde56419320048e0-media_image-312a190d64884a2097a2f62d6dd878ef.jpg | https://cdn.shopify.com/s/files/1/2337/7003/files/20260824114826-080b186018884471-media_image-6e22e63746c74f3aa1ab27e789717dbc.jpg | https://cdn.shopify.com/s/files/1/2337/7003/files/20260824114827-417e77ed9043428a-media_image-0c4f5a1edece48e485817c2889a487b2.jpg | https://cdn.shopify.com/s/files/1/2337/7003/files/20260824114827-0488c66b441641f9-media_image-236303bd4f1542cd92428f22ca5cd95f.jpg | https://cdn.shopify.com/s/files/1/2337/7003/files/20260824114827-9cff856dff714e70-media_image-d55a8e2660594b8a963b2e0c9608371a.jpg | https://cdn.shopify.com/s/files/1/2337/7003/files/20260824114827-904a651f83474597-media_image-8e376b72eec64d7f9614c22154e6fd0b.jpg | https://cdn.shopify.com/s/files/1/2337/7003/files/20260824114827-ecf6ae3e69704f0b-media_image-8b5fa6322e944668a4ba7130d7f1ec4e.jpg | https://cdn.shopify.com/s/files/1/2337/7003/files/20260824114827-2c24fa7c69714b1a-media_image-f240271e61b440b2a948643193aba41f.jpg | https://cdn.shopify.com/s/files/1/2337/7003/files/20260824114826-2d67272850ef4ffa-media_image-b2de9bc600a4453f8c3999f0b04ffa31.jpg | https://cdn.shopify.com/s/files/1/2337/7003/files/20260824114826-e59cd50ffff74aa7-media_image-a4b204077ae045b7951b5fa1839cd0fb.jpg | https://cdn.shopify.com/s/files/1/2337/7003/files/20260824114827-ed24ef453c0949db-media_image-e6f7e6e5dcc64f7cb45e27357bcd3de4.jpg | https://cdn.shopify.com/s/files/1/2337/7003/files/20260824114828-1458c6eae5b84fff-media_image-a2e4730e3f9046d4b498f1889b932ff7.jpg,https://cdn.shopify.com/s/files/1/2337/7003/files/20260824114827-b6745a35576f4206-media_image-8582d468a4224dfd819af673871d7351.jpg | https://cdn.shopify.com/s/files/1/2337/7003/files/20260824114827-9995f3b485f44777-media_image-f2e1b318a8b64546aa9bce1adb06b38b.jpg | https://cdn.shopify.com/s/files/1/2337/7003/files/20260824114827-cd1415a98f974353-media_image-4d76a43542f449ca9d8f640449b4b7d7.jpg | https://cdn.shopify.com/s/files/1/2337/7003/files/20260824114828-90b683dbdeef415c-media_image-1388b07fbc184e319e3adacadbd47b69.jpg | https://cdn.shopify.com/s/files/1/2337/7003/files/20260824114827-abcb3e4dc2424fd9-media_image-5e444f5e526b47c787b1f5706f23aa66.jpg | https://cdn.shopify.com/s/files/1/2337/7003/files/20260824114826-ff2678aa9b4a4bfe-media_image-01d6446220f1478893464ba89da35327.jpg | https://cdn.shopify.com/s/files/1/2337/7003/files/20260824114827-fde56419320048e0-media_image-312a190d64884a2097a2f62d6dd878ef.jpg | https://cdn.shopify.com/s/files/1/2337/7003/files/20260824114826-080b186018884471-media_image-6e22e63746c74f3aa1ab27e789717dbc.jpg | https://cdn.shopify.com/s/files/1/2337/7003/files/20260824114827-417e77ed9043428a-media_image-0c4f5a1edece48e485817c2889a487b2.jpg | https://cdn.shopify.com/s/files/1/2337/7003/files/20260824114827-0488c66b441641f9-media_image-236303bd4f1542cd92428f22ca5cd95f.jpg | https://cdn.shopify.com/s/files/1/2337/7003/files/20260824114827-9cff856dff714e70-media_image-d55a8e2660594b8a963b2e0c9608371a.jpg | https://cdn.shopify.com/s/files/1/2337/7003/files/20260824114827-904a651f83474597-media_image-8e376b72eec64d7f9614c22154e6fd0b.jpg | https://cdn.shopify.com/s/files/1/2337/7003/files/20260824114827-ecf6ae3e69704f0b-media_image-8b5fa6322e944668a4ba7130d7f1ec4e.jpg | https://cdn.shopify.com/s/files/1/2337/7003/files/20260824114827-2c24fa7c69714b1a-media_image-f240271e61b440b2a948643193aba41f.jpg | https://cdn.shopify.com/s/files/1/2337/7003/files/20260824114826-2d67272850ef4ffa-media_image-b2de9bc600a4453f8c3999f0b04ffa31.jpg | https://cdn.shopify.com/s/files/1/2337/7003/files/20260824114826-e59cd50ffff74aa7-media_image-a4b204077ae045b7951b5fa1839cd0fb.jpg | https://cdn.shopify.com/s/files/1/2337/7003/files/20260824114827-ed24ef453c0949db-media_image-e6f7e6e5dcc64f7cb45e27357bcd3de4.jpg | https://cdn.shopify.com/s/files/1/2337/7003/files/20260824114828-1458c6eae5b84fff-media_image-a2e4730e3f9046d4b498f1889b932ff7.jpg,Pure Chiffon & Silk,"Handcrafted Zardozi, Tilla & Fine Resham","3-Piece (Shirt, Trouser, Dupatta)",0 to 2 Weeks,Stitched,FALSE,TRUE,TRUE,"Exquisite handcrafted Dilruba Luxury Edition ensemble from Haseens Official. Masterfully tailored with generational Pakistani artistry, premium pure fabrics, and delicate celebratory motifs."
has-026,Gulkhatoon,Festive Drops,Dilruba Drop,Jewel Toned Velvet & Silk,Dilruba Luxury Edition,24100,,https://cdn.shopify.com/s/files/1/2337/7003/files/20260824123115-315c05c567be4253-media_image-175b5c1532444f09906b4e275a05bcbb.jpg,https://cdn.shopify.com/s/files/1/2337/7003/files/20260824123115-964f6f64d1e8434e-media_image-89d60a54feb34e278f79c301ffa50d3a.jpg,https://cdn.shopify.com/s/files/1/2337/7003/files/20260824123115-11cb77fe10d84f30-media_image-db3fc036b29c4481b8a46cc498a57128.jpg,https://cdn.shopify.com/s/files/1/2337/7003/files/20260824123115-0398e15c49b44bf5-media_image-4ed71adb0957443b81b513b300782884.jpg,https://cdn.shopify.com/s/files/1/2337/7003/files/20260824123115-aa5b29b575014b53-media_image-9ebcc3bf307640308ea816385fb50c4d.jpg | https://cdn.shopify.com/s/files/1/2337/7003/files/20260824123115-2680ab9d88214b01-media_image-8f37a304c578405ead4b4d79498ed89a.jpg | https://cdn.shopify.com/s/files/1/2337/7003/files/20260824123115-1fba78b9c8d1405e-media_image-15deb056caff4e4e8dec5b2e1033b612.jpg | https://cdn.shopify.com/s/files/1/2337/7003/files/20260824123132-e1d067761a41465c-media_image-2fbb7f98489b4479b5cb294eab24c6eb.jpg | https://cdn.shopify.com/s/files/1/2337/7003/files/20260824123115-59813ffbbb4d42c2-media_image-bb756717e09747a3a032bae340360454.jpg,https://cdn.shopify.com/s/files/1/2337/7003/files/20260824123115-315c05c567be4253-media_image-175b5c1532444f09906b4e275a05bcbb.jpg | https://cdn.shopify.com/s/files/1/2337/7003/files/20260824123115-964f6f64d1e8434e-media_image-89d60a54feb34e278f79c301ffa50d3a.jpg | https://cdn.shopify.com/s/files/1/2337/7003/files/20260824123115-11cb77fe10d84f30-media_image-db3fc036b29c4481b8a46cc498a57128.jpg | https://cdn.shopify.com/s/files/1/2337/7003/files/20260824123115-0398e15c49b44bf5-media_image-4ed71adb0957443b81b513b300782884.jpg | https://cdn.shopify.com/s/files/1/2337/7003/files/20260824123115-aa5b29b575014b53-media_image-9ebcc3bf307640308ea816385fb50c4d.jpg | https://cdn.shopify.com/s/files/1/2337/7003/files/20260824123115-2680ab9d88214b01-media_image-8f37a304c578405ead4b4d79498ed89a.jpg | https://cdn.shopify.com/s/files/1/2337/7003/files/20260824123115-1fba78b9c8d1405e-media_image-15deb056caff4e4e8dec5b2e1033b612.jpg | https://cdn.shopify.com/s/files/1/2337/7003/files/20260824123132-e1d067761a41465c-media_image-2fbb7f98489b4479b5cb294eab24c6eb.jpg | https://cdn.shopify.com/s/files/1/2337/7003/files/20260824123115-59813ffbbb4d42c2-media_image-bb756717e09747a3a032bae340360454.jpg,Pure Chiffon & Silk,"Handcrafted Zardozi, Tilla & Fine Resham","3-Piece (Shirt, Trouser, Dupatta)",5 to 7 Weeks,Stitched,TRUE,FALSE,FALSE,"Exquisite handcrafted Dilruba Luxury Edition ensemble from Haseens Official. Masterfully tailored with generational Pakistani artistry, premium pure fabrics, and delicate celebratory motifs."
has-027,Najma,Festive Drops,Dilruba Drop,Jewel Toned Velvet & Silk,Dilruba Luxury Edition,18400,,https://cdn.shopify.com/s/files/1/2337/7003/files/20260824112102-f8279b5e2a304c71-media_image-e5e852eb825f4e568c53a2f441502121.jpg,https://cdn.shopify.com/s/files/1/2337/7003/files/20260824112103-56b6f2b98943480e-media_image-502a698e82b74bbab1ed2c687a837f16.jpg,https://cdn.shopify.com/s/files/1/2337/7003/files/20260824112102-8cd3242f852e419f-media_image-08d0f61570c64880a87d711c88c88bce.jpg,https://cdn.shopify.com/s/files/1/2337/7003/files/20260824112102-45231f3b422f4e11-media_image-e6f3f257b400470a9db8f08b307cc36e.jpg,https://cdn.shopify.com/s/files/1/2337/7003/files/20260824112102-56c23cdb4a52423a-media_image-76a17132b77548ac9c7989cb8d81a687.jpg | https://cdn.shopify.com/s/files/1/2337/7003/files/20260824112102-d22a3d07c00b41e7-media_image-7df18bc6777e494897002a80308509c0.jpg | https://cdn.shopify.com/s/files/1/2337/7003/files/20260824112102-751949afcdf34d46-media_image-8c258acc5dea42daa1cc3da3f05f42ec.jpg,https://cdn.shopify.com/s/files/1/2337/7003/files/20260824112102-f8279b5e2a304c71-media_image-e5e852eb825f4e568c53a2f441502121.jpg | https://cdn.shopify.com/s/files/1/2337/7003/files/20260824112103-56b6f2b98943480e-media_image-502a698e82b74bbab1ed2c687a837f16.jpg | https://cdn.shopify.com/s/files/1/2337/7003/files/20260824112102-8cd3242f852e419f-media_image-08d0f61570c64880a87d711c88c88bce.jpg | https://cdn.shopify.com/s/files/1/2337/7003/files/20260824112102-45231f3b422f4e11-media_image-e6f3f257b400470a9db8f08b307cc36e.jpg | https://cdn.shopify.com/s/files/1/2337/7003/files/20260824112102-56c23cdb4a52423a-media_image-76a17132b77548ac9c7989cb8d81a687.jpg | https://cdn.shopify.com/s/files/1/2337/7003/files/20260824112102-d22a3d07c00b41e7-media_image-7df18bc6777e494897002a80308509c0.jpg | https://cdn.shopify.com/s/files/1/2337/7003/files/20260824112102-751949afcdf34d46-media_image-8c258acc5dea42daa1cc3da3f05f42ec.jpg,Pure Chiffon & Silk,"Handcrafted Zardozi, Tilla & Fine Resham","3-Piece (Shirt, Trouser, Dupatta)",0 to 2 Weeks,Stitched,FALSE,FALSE,FALSE,"Exquisite handcrafted Dilruba Luxury Edition ensemble from Haseens Official. Masterfully tailored with generational Pakistani artistry, premium pure fabrics, and delicate celebratory motifs."
has-028,Tasmiya,Festive Drops,Naqs Drop,Architectural Hand Needlework,Naqs Fine Couture,16880,,https://cdn.shopify.com/s/files/1/2337/7003/files/20260729091158-63637c49cbb84e22-media_image-6470f0a5a5a844aea8c48be56fa4bd92.jpg,https://cdn.shopify.com/s/files/1/2337/7003/files/20260729091239-1e48fd3cfa614578-media_image-b3d8b2c0ba49464ba1109eafdfe2fa77.jpg,https://cdn.shopify.com/s/files/1/2337/7003/files/20260729091218-c40b5017298d4b87-media_image-c7e885cbc5aa41dfa26f2394e7823ba2.jpg,https://cdn.shopify.com/s/files/1/2337/7003/files/20260729091158-4e5833559c3248b0-media_image-04f96fc8a72a43c6ae11b5199798ec69.jpg,https://cdn.shopify.com/s/files/1/2337/7003/files/20260729091219-453b71cd26944857-media_image-a35142cc6e8a4742981440214aa9aa0e.jpg | https://cdn.shopify.com/s/files/1/2337/7003/files/20260729091219-6b79eb6ff3884fcc-media_image-5060c7461e7041889ffa370c1f8a0378.jpg | https://cdn.shopify.com/s/files/1/2337/7003/files/20260729091158-e8884ed1fec44cfa-media_image-fc144348b4d34c509aeeeb588d611db7.jpg,https://cdn.shopify.com/s/files/1/2337/7003/files/20260729091158-63637c49cbb84e22-media_image-6470f0a5a5a844aea8c48be56fa4bd92.jpg | https://cdn.shopify.com/s/files/1/2337/7003/files/20260729091239-1e48fd3cfa614578-media_image-b3d8b2c0ba49464ba1109eafdfe2fa77.jpg | https://cdn.shopify.com/s/files/1/2337/7003/files/20260729091218-c40b5017298d4b87-media_image-c7e885cbc5aa41dfa26f2394e7823ba2.jpg | https://cdn.shopify.com/s/files/1/2337/7003/files/20260729091158-4e5833559c3248b0-media_image-04f96fc8a72a43c6ae11b5199798ec69.jpg | https://cdn.shopify.com/s/files/1/2337/7003/files/20260729091219-453b71cd26944857-media_image-a35142cc6e8a4742981440214aa9aa0e.jpg | https://cdn.shopify.com/s/files/1/2337/7003/files/20260729091219-6b79eb6ff3884fcc-media_image-5060c7461e7041889ffa370c1f8a0378.jpg | https://cdn.shopify.com/s/files/1/2337/7003/files/20260729091158-e8884ed1fec44cfa-media_image-fc144348b4d34c509aeeeb588d611db7.jpg,Pure Chiffon & Silk,"Handcrafted Zardozi, Tilla & Fine Resham","3-Piece (Shirt, Trouser, Dupatta)",0 to 2 Weeks,Stitched,FALSE,FALSE,TRUE,"Exquisite handcrafted Naqs Fine Couture ensemble from Haseens Official. Masterfully tailored with generational Pakistani artistry, premium pure fabrics, and delicate celebratory motifs."
has-029,Aks,Festive Drops,Naqs Drop,Architectural Hand Needlework,Naqs Fine Couture,12950,,https://cdn.shopify.com/s/files/1/2337/7003/files/20260729081634-323b94a163a14baa-media_image-228b2418c4cd488f8d1bc12268aa9e2d.jpg,https://cdn.shopify.com/s/files/1/2337/7003/files/20260729081634-c29efc54b2cd4e83-media_image-f713f389cf214deb971ce865a32eccbd.jpg,https://cdn.shopify.com/s/files/1/2337/7003/files/20260729081614-6e71796d21a0491e-media_image-3c676c3c9d134a02bca977a43d3159b4.jpg,https://cdn.shopify.com/s/files/1/2337/7003/files/20260729081614-37a5ca6f1a50421e-media_image-bb0906e2f6c0412f9361631fff273aeb.jpg,https://cdn.shopify.com/s/files/1/2337/7003/files/20260729081635-02b115b27a54416a-media_image-31998a2a49394a7aaef61dfb5597438e.jpg | https://cdn.shopify.com/s/files/1/2337/7003/files/20260729081614-8bcd2ac4bda642f4-media_image-d9431c0215a84d32a98ed1f0ed3ff0dd.jpg | https://cdn.shopify.com/s/files/1/2337/7003/files/20260729081614-bad5c2b1f6e64290-media_image-f3e0bf1ce918411a8401b1c83bbfcf04.jpg,https://cdn.shopify.com/s/files/1/2337/7003/files/20260729081634-323b94a163a14baa-media_image-228b2418c4cd488f8d1bc12268aa9e2d.jpg | https://cdn.shopify.com/s/files/1/2337/7003/files/20260729081634-c29efc54b2cd4e83-media_image-f713f389cf214deb971ce865a32eccbd.jpg | https://cdn.shopify.com/s/files/1/2337/7003/files/20260729081614-6e71796d21a0491e-media_image-3c676c3c9d134a02bca977a43d3159b4.jpg | https://cdn.shopify.com/s/files/1/2337/7003/files/20260729081614-37a5ca6f1a50421e-media_image-bb0906e2f6c0412f9361631fff273aeb.jpg | https://cdn.shopify.com/s/files/1/2337/7003/files/20260729081635-02b115b27a54416a-media_image-31998a2a49394a7aaef61dfb5597438e.jpg | https://cdn.shopify.com/s/files/1/2337/7003/files/20260729081614-8bcd2ac4bda642f4-media_image-d9431c0215a84d32a98ed1f0ed3ff0dd.jpg | https://cdn.shopify.com/s/files/1/2337/7003/files/20260729081614-bad5c2b1f6e64290-media_image-f3e0bf1ce918411a8401b1c83bbfcf04.jpg,Pure Chiffon & Silk,"Handcrafted Zardozi, Tilla & Fine Resham","3-Piece (Shirt, Trouser, Dupatta)",0 to 2 Weeks,Stitched,FALSE,TRUE,FALSE,"Exquisite handcrafted Naqs Fine Couture ensemble from Haseens Official. Masterfully tailored with generational Pakistani artistry, premium pure fabrics, and delicate celebratory motifs."
has-030,Asrar,Festive Drops,Naqs Drop,Architectural Hand Needlework,Naqs Fine Couture,21500,,https://cdn.shopify.com/s/files/1/2337/7003/files/20260729081523-5df8de60535445c4-media_image-3738cbaef1ab426b8f42b74a548d59f4.jpg,https://cdn.shopify.com/s/files/1/2337/7003/files/20260729081544-70ee55e56c094658-media_image-4f24956a74e14d4dab5811ea61d0d91f.jpg,https://cdn.shopify.com/s/files/1/2337/7003/files/20260729081544-c789969cd6ee45b5-media_image-1efe933cdde84a6bb2e1dd3ebb2cceff.jpg,https://cdn.shopify.com/s/files/1/2337/7003/files/20260729081625-0b1fa1c4a7924e75-media_image-8355aa5352bc47fba897b4da80910a74.jpg,https://cdn.shopify.com/s/files/1/2337/7003/files/20260729081604-cda1e1990fac4f92-media_image-b0d6a9ba7ee544acae858d1f88a4ecf5.jpg | https://cdn.shopify.com/s/files/1/2337/7003/files/20260729081523-3b60082effee498f-media_image-372529a0b2bd4c2d9a41becf776cc565.jpg | https://cdn.shopify.com/s/files/1/2337/7003/files/20260729081523-c8c420997e48447c-media_image-3dfd409178284dc399b1843482115761.jpg | https://cdn.shopify.com/s/files/1/2337/7003/files/20260729081523-317575747a2a499a-media_image-623999ce50c44e02bb420ac0fc3e2b67.jpg | https://cdn.shopify.com/s/files/1/2337/7003/files/20260729081523-ba43c8270d3743a9-media_image-6f7042c16b7d42879ba8a98aec7743fb.jpg,https://cdn.shopify.com/s/files/1/2337/7003/files/20260729081523-5df8de60535445c4-media_image-3738cbaef1ab426b8f42b74a548d59f4.jpg | https://cdn.shopify.com/s/files/1/2337/7003/files/20260729081544-70ee55e56c094658-media_image-4f24956a74e14d4dab5811ea61d0d91f.jpg | https://cdn.shopify.com/s/files/1/2337/7003/files/20260729081544-c789969cd6ee45b5-media_image-1efe933cdde84a6bb2e1dd3ebb2cceff.jpg | https://cdn.shopify.com/s/files/1/2337/7003/files/20260729081625-0b1fa1c4a7924e75-media_image-8355aa5352bc47fba897b4da80910a74.jpg | https://cdn.shopify.com/s/files/1/2337/7003/files/20260729081604-cda1e1990fac4f92-media_image-b0d6a9ba7ee544acae858d1f88a4ecf5.jpg | https://cdn.shopify.com/s/files/1/2337/7003/files/20260729081523-3b60082effee498f-media_image-372529a0b2bd4c2d9a41becf776cc565.jpg | https://cdn.shopify.com/s/files/1/2337/7003/files/20260729081523-c8c420997e48447c-media_image-3dfd409178284dc399b1843482115761.jpg | https://cdn.shopify.com/s/files/1/2337/7003/files/20260729081523-317575747a2a499a-media_image-623999ce50c44e02bb420ac0fc3e2b67.jpg | https://cdn.shopify.com/s/files/1/2337/7003/files/20260729081523-ba43c8270d3743a9-media_image-6f7042c16b7d42879ba8a98aec7743fb.jpg,Pure Chiffon & Silk,"Handcrafted Zardozi, Tilla & Fine Resham","3-Piece (Shirt, Trouser, Dupatta)",0 to 2 Weeks,Stitched,FALSE,FALSE,FALSE,"Exquisite handcrafted Naqs Fine Couture ensemble from Haseens Official. Masterfully tailored with generational Pakistani artistry, premium pure fabrics, and delicate celebratory motifs."
has-031,Hunaiza,Festive Drops,Naqs Drop,Architectural Hand Needlework,Naqs Fine Couture,23200,,https://cdn.shopify.com/s/files/1/2337/7003/files/20260729091339-1541f71d1d2e4195-media_image-510fd5f841284f679648b0464e704b7a.jpg,https://cdn.shopify.com/s/files/1/2337/7003/files/20260729091425-591d7bef4ee9434a-media_image-f7834abd4e9046d295a8449f49281a00.jpg,https://cdn.shopify.com/s/files/1/2337/7003/files/20260729091359-bd93df74775d4251-media_image-b1f6efd6dac64e1ca3c9606a0af38648.jpg,https://cdn.shopify.com/s/files/1/2337/7003/files/20260729091339-971fe934efef460c-media_image-291b6f6c43f14bef95996d15314cd7dc.jpg,https://cdn.shopify.com/s/files/1/2337/7003/files/20260729091400-48f6761b9d4e49ef-media_image-497c694f768d447db723b07015ab80e5.jpg | https://cdn.shopify.com/s/files/1/2337/7003/files/20260729091339-18aca6dd48fe4b40-media_image-0ff2819b34c744298e8c697112cc15d2.jpg | https://cdn.shopify.com/s/files/1/2337/7003/files/20260729091339-3b10e736f6ba4f90-media_image-c52961d339ef46f198964d5bb762f752.jpg | https://cdn.shopify.com/s/files/1/2337/7003/files/20260729091339-71f7093bd9214a3e-media_image-fb6f8d221e9b4d55910d6912d8869bcf.jpg,https://cdn.shopify.com/s/files/1/2337/7003/files/20260729091339-1541f71d1d2e4195-media_image-510fd5f841284f679648b0464e704b7a.jpg | https://cdn.shopify.com/s/files/1/2337/7003/files/20260729091425-591d7bef4ee9434a-media_image-f7834abd4e9046d295a8449f49281a00.jpg | https://cdn.shopify.com/s/files/1/2337/7003/files/20260729091359-bd93df74775d4251-media_image-b1f6efd6dac64e1ca3c9606a0af38648.jpg | https://cdn.shopify.com/s/files/1/2337/7003/files/20260729091339-971fe934efef460c-media_image-291b6f6c43f14bef95996d15314cd7dc.jpg | https://cdn.shopify.com/s/files/1/2337/7003/files/20260729091400-48f6761b9d4e49ef-media_image-497c694f768d447db723b07015ab80e5.jpg | https://cdn.shopify.com/s/files/1/2337/7003/files/20260729091339-18aca6dd48fe4b40-media_image-0ff2819b34c744298e8c697112cc15d2.jpg | https://cdn.shopify.com/s/files/1/2337/7003/files/20260729091339-3b10e736f6ba4f90-media_image-c52961d339ef46f198964d5bb762f752.jpg | https://cdn.shopify.com/s/files/1/2337/7003/files/20260729091339-71f7093bd9214a3e-media_image-fb6f8d221e9b4d55910d6912d8869bcf.jpg,Pure Chiffon & Silk,"Handcrafted Zardozi, Tilla & Fine Resham","3-Piece (Shirt, Trouser, Dupatta)",0 to 2 Weeks,Stitched,TRUE,FALSE,TRUE,"Exquisite handcrafted Naqs Fine Couture ensemble from Haseens Official. Masterfully tailored with generational Pakistani artistry, premium pure fabrics, and delicate celebratory motifs."
has-032,Insiya,Festive Drops,Naqs Drop,Architectural Hand Needlework,Naqs Fine Couture,23400,,https://cdn.shopify.com/s/files/1/2337/7003/files/20260729091303-7785edfe152b455a-media_image-1dbe0442e2a843188472007bda05e53f.jpg,https://cdn.shopify.com/s/files/1/2337/7003/files/20260729091344-5d19be60020343c6-media_image-7375604cd7604289aef9037fc9b2c3e3.jpg,https://cdn.shopify.com/s/files/1/2337/7003/files/20260729091405-6f1379b87db74a86-media_image-efccf0fac8c64a2e89231bf94a55d5e0.jpg,https://cdn.shopify.com/s/files/1/2337/7003/files/20260729091242-4e4b1c830f5a4235-media_image-46078cd7bd544715a824cbc9264ea70e.jpg,https://cdn.shopify.com/s/files/1/2337/7003/files/20260729091323-fb94a71bfb4d46c7-media_image-16e07946c1354ac9a72953dc2f5c912d.jpg | https://cdn.shopify.com/s/files/1/2337/7003/files/20260729091242-25c7c6a222b64f1c-media_image-eb4b4330b7fe41b6a956c5d0cb212326.jpg | https://cdn.shopify.com/s/files/1/2337/7003/files/20260729091242-9cf80a93115e4648-media_image-4834975cf83a45499784f388b62712e5.jpg | https://cdn.shopify.com/s/files/1/2337/7003/files/20260729091303-23ace5bd05b142e1-media_image-380a90e62340458a871fbedc47969a7b.jpg | https://cdn.shopify.com/s/files/1/2337/7003/files/20260729091324-75e8c526d50a4032-media_image-85743606247d42be88bddd02bb509d21.jpg | https://cdn.shopify.com/s/files/1/2337/7003/files/20260729091242-d6f9b9c296b64bf9-media_image-2982f97a6b9e4cfd97aff3524f21b669.jpg | https://cdn.shopify.com/s/files/1/2337/7003/files/20260729091242-d2053607d1c44d78-media_image-6fde5e9a5ea5417788352ab4468dcf29.jpg,https://cdn.shopify.com/s/files/1/2337/7003/files/20260729091303-7785edfe152b455a-media_image-1dbe0442e2a843188472007bda05e53f.jpg | https://cdn.shopify.com/s/files/1/2337/7003/files/20260729091344-5d19be60020343c6-media_image-7375604cd7604289aef9037fc9b2c3e3.jpg | https://cdn.shopify.com/s/files/1/2337/7003/files/20260729091405-6f1379b87db74a86-media_image-efccf0fac8c64a2e89231bf94a55d5e0.jpg | https://cdn.shopify.com/s/files/1/2337/7003/files/20260729091242-4e4b1c830f5a4235-media_image-46078cd7bd544715a824cbc9264ea70e.jpg | https://cdn.shopify.com/s/files/1/2337/7003/files/20260729091323-fb94a71bfb4d46c7-media_image-16e07946c1354ac9a72953dc2f5c912d.jpg | https://cdn.shopify.com/s/files/1/2337/7003/files/20260729091242-25c7c6a222b64f1c-media_image-eb4b4330b7fe41b6a956c5d0cb212326.jpg | https://cdn.shopify.com/s/files/1/2337/7003/files/20260729091242-9cf80a93115e4648-media_image-4834975cf83a45499784f388b62712e5.jpg | https://cdn.shopify.com/s/files/1/2337/7003/files/20260729091303-23ace5bd05b142e1-media_image-380a90e62340458a871fbedc47969a7b.jpg | https://cdn.shopify.com/s/files/1/2337/7003/files/20260729091324-75e8c526d50a4032-media_image-85743606247d42be88bddd02bb509d21.jpg | https://cdn.shopify.com/s/files/1/2337/7003/files/20260729091242-d6f9b9c296b64bf9-media_image-2982f97a6b9e4cfd97aff3524f21b669.jpg | https://cdn.shopify.com/s/files/1/2337/7003/files/20260729091242-d2053607d1c44d78-media_image-6fde5e9a5ea5417788352ab4468dcf29.jpg,Pure Chiffon & Silk,"Handcrafted Zardozi, Tilla & Fine Resham","3-Piece (Shirt, Trouser, Dupatta)",0 to 2 Weeks,Stitched,FALSE,FALSE,FALSE,"Exquisite handcrafted Naqs Fine Couture ensemble from Haseens Official. Masterfully tailored with generational Pakistani artistry, premium pure fabrics, and delicate celebratory motifs."
has-033,Huma,Festive Drops,Naqs Drop,Architectural Hand Needlework,Naqs Fine Couture,14080,,https://cdn.shopify.com/s/files/1/2337/7003/files/20260729100305-6063ca40bd754705-media_image-09d5ae36e3bb458cbff0cbbd3cca648f.jpg,https://cdn.shopify.com/s/files/1/2337/7003/files/20260729100244-b76ce885a47b4605-media_image-884f26adf1154ef782ead32beccdda40.jpg,https://cdn.shopify.com/s/files/1/2337/7003/files/20260729100245-333d883f77144f16-media_image-833e4d7c0c0647a1a7954c0ac89a0e1d.jpg,https://cdn.shopify.com/s/files/1/2337/7003/files/20260729100324-31fc5df8433f408f-media_image-c822453e949f45c8a00b9f4b99ea4a5a.jpg,https://cdn.shopify.com/s/files/1/2337/7003/files/20260729100245-f7c306460283499b-media_image-beaed1a8050447fba52ce46f7196c8a6.jpg | https://cdn.shopify.com/s/files/1/2337/7003/files/20260729100244-451cd1c6bce047c8-media_image-e08e6ec8ccd74b499be5beebaff8f8fb.jpg | https://cdn.shopify.com/s/files/1/2337/7003/files/20260729100245-6d8654642e5e41aa-media_image-bf382f110aec40c382ecd4d36991fdf0.jpg | https://cdn.shopify.com/s/files/1/2337/7003/files/20260729100303-3bb71504a8a2417f-media_image-7394a6f67260494682119c471d151d10.jpg,https://cdn.shopify.com/s/files/1/2337/7003/files/20260729100305-6063ca40bd754705-media_image-09d5ae36e3bb458cbff0cbbd3cca648f.jpg | https://cdn.shopify.com/s/files/1/2337/7003/files/20260729100244-b76ce885a47b4605-media_image-884f26adf1154ef782ead32beccdda40.jpg | https://cdn.shopify.com/s/files/1/2337/7003/files/20260729100245-333d883f77144f16-media_image-833e4d7c0c0647a1a7954c0ac89a0e1d.jpg | https://cdn.shopify.com/s/files/1/2337/7003/files/20260729100324-31fc5df8433f408f-media_image-c822453e949f45c8a00b9f4b99ea4a5a.jpg | https://cdn.shopify.com/s/files/1/2337/7003/files/20260729100245-f7c306460283499b-media_image-beaed1a8050447fba52ce46f7196c8a6.jpg | https://cdn.shopify.com/s/files/1/2337/7003/files/20260729100244-451cd1c6bce047c8-media_image-e08e6ec8ccd74b499be5beebaff8f8fb.jpg | https://cdn.shopify.com/s/files/1/2337/7003/files/20260729100245-6d8654642e5e41aa-media_image-bf382f110aec40c382ecd4d36991fdf0.jpg | https://cdn.shopify.com/s/files/1/2337/7003/files/20260729100303-3bb71504a8a2417f-media_image-7394a6f67260494682119c471d151d10.jpg,Pure Chiffon & Silk,"Handcrafted Zardozi, Tilla & Fine Resham","3-Piece (Shirt, Trouser, Dupatta)",0 to 2 Weeks,Stitched,FALSE,TRUE,FALSE,"Exquisite handcrafted Naqs Fine Couture ensemble from Haseens Official. Masterfully tailored with generational Pakistani artistry, premium pure fabrics, and delicate celebratory motifs."
has-034,Seema,Festive Drops,Naqs Drop,Architectural Hand Needlework,Naqs Fine Couture,12880,,https://cdn.shopify.com/s/files/1/2337/7003/files/20260729100351-02291893bbb14b8b-media_image-30972c0261044f4eb0c5fba442340934.jpg,https://cdn.shopify.com/s/files/1/2337/7003/files/20260729100330-2fe4d69f10394489-media_image-dc62058880fd4faa97e2d4636194ec48.jpg,https://cdn.shopify.com/s/files/1/2337/7003/files/20260729100330-67919ff3a3df460d-media_image-0291e10d6155472c8fd577b4261312d6.jpg,https://cdn.shopify.com/s/files/1/2337/7003/files/20260729100330-67186df5c1f944f9-media_image-f6b2bebbc3c5459f8802326d0e806bf7.jpg,https://cdn.shopify.com/s/files/1/2337/7003/files/20260729100331-dd6d1c8387ae4533-media_image-82c1dde487e14752b6bb7545d1fb5053.jpg | https://cdn.shopify.com/s/files/1/2337/7003/files/20260729100331-fc7dc63d5dc04722-media_image-733be8b1dd574c57897c8b8608e7542b.jpg | https://cdn.shopify.com/s/files/1/2337/7003/files/20260729100351-656dc8138105404d-media_image-14fd012e06d6464199f2bd15f9792d99.jpg | https://cdn.shopify.com/s/files/1/2337/7003/files/20260729100330-317c5f654b0c40b4-media_image-254b033262a142ee915a2a6b6f61b96b.jpg | https://cdn.shopify.com/s/files/1/2337/7003/files/20260729100331-3d90cfbb85c44e53-media_image-14449fd3a3b74c24b948bd64ed099816.jpg,https://cdn.shopify.com/s/files/1/2337/7003/files/20260729100351-02291893bbb14b8b-media_image-30972c0261044f4eb0c5fba442340934.jpg | https://cdn.shopify.com/s/files/1/2337/7003/files/20260729100330-2fe4d69f10394489-media_image-dc62058880fd4faa97e2d4636194ec48.jpg | https://cdn.shopify.com/s/files/1/2337/7003/files/20260729100330-67919ff3a3df460d-media_image-0291e10d6155472c8fd577b4261312d6.jpg | https://cdn.shopify.com/s/files/1/2337/7003/files/20260729100330-67186df5c1f944f9-media_image-f6b2bebbc3c5459f8802326d0e806bf7.jpg | https://cdn.shopify.com/s/files/1/2337/7003/files/20260729100331-dd6d1c8387ae4533-media_image-82c1dde487e14752b6bb7545d1fb5053.jpg | https://cdn.shopify.com/s/files/1/2337/7003/files/20260729100331-fc7dc63d5dc04722-media_image-733be8b1dd574c57897c8b8608e7542b.jpg | https://cdn.shopify.com/s/files/1/2337/7003/files/20260729100351-656dc8138105404d-media_image-14fd012e06d6464199f2bd15f9792d99.jpg | https://cdn.shopify.com/s/files/1/2337/7003/files/20260729100330-317c5f654b0c40b4-media_image-254b033262a142ee915a2a6b6f61b96b.jpg | https://cdn.shopify.com/s/files/1/2337/7003/files/20260729100331-3d90cfbb85c44e53-media_image-14449fd3a3b74c24b948bd64ed099816.jpg,Pure Chiffon & Silk,"Handcrafted Zardozi, Tilla & Fine Resham","3-Piece (Shirt, Trouser, Dupatta)",0 to 2 Weeks,Stitched,FALSE,FALSE,TRUE,"Exquisite handcrafted Naqs Fine Couture ensemble from Haseens Official. Masterfully tailored with generational Pakistani artistry, premium pure fabrics, and delicate celebratory motifs."
has-035,Nigaish,Festive Drops,Naqs Drop,Architectural Hand Needlework,Naqs Fine Couture,18560,,https://cdn.shopify.com/s/files/1/2337/7003/files/20260729081449-88d984eb7ca74b5b-media_image-986bad44d60d44baa459ff94bf4fe3b0.jpg,https://cdn.shopify.com/s/files/1/2337/7003/files/20260729081510-648b661d0dba40ca-media_image-e80ce1f5287846f996dd85ebe58bddf3.jpg,https://cdn.shopify.com/s/files/1/2337/7003/files/20260729081510-25ac0e750f2644c0-media_image-30a93806bd7141d6a9e5990afdb72c00.jpg,https://cdn.shopify.com/s/files/1/2337/7003/files/20260729081449-b90157bdfca84b07-media_image-5fd1b0b2ab4e41aca423c0a889a90fe7.jpg,https://cdn.shopify.com/s/files/1/2337/7003/files/20260729081510-29dabf9a55ec4b7e-media_image-25f5a349cf2349699d20a174b4782da4.jpg | https://cdn.shopify.com/s/files/1/2337/7003/files/20260729081531-59235269ecc44b0f-media_image-9318fc8c86df495cbbe11fb9bf54fd03.jpg | https://cdn.shopify.com/s/files/1/2337/7003/files/20260729081450-5ae1b62afeec4775-media_image-5803882d2cce48a88b29c91495d3b262.jpg | https://cdn.shopify.com/s/files/1/2337/7003/files/20260729081531-491d0daece284480-media_image-a7704c59655646aa82df782f8c5591d4.jpg,https://cdn.shopify.com/s/files/1/2337/7003/files/20260729081449-88d984eb7ca74b5b-media_image-986bad44d60d44baa459ff94bf4fe3b0.jpg | https://cdn.shopify.com/s/files/1/2337/7003/files/20260729081510-648b661d0dba40ca-media_image-e80ce1f5287846f996dd85ebe58bddf3.jpg | https://cdn.shopify.com/s/files/1/2337/7003/files/20260729081510-25ac0e750f2644c0-media_image-30a93806bd7141d6a9e5990afdb72c00.jpg | https://cdn.shopify.com/s/files/1/2337/7003/files/20260729081449-b90157bdfca84b07-media_image-5fd1b0b2ab4e41aca423c0a889a90fe7.jpg | https://cdn.shopify.com/s/files/1/2337/7003/files/20260729081510-29dabf9a55ec4b7e-media_image-25f5a349cf2349699d20a174b4782da4.jpg | https://cdn.shopify.com/s/files/1/2337/7003/files/20260729081531-59235269ecc44b0f-media_image-9318fc8c86df495cbbe11fb9bf54fd03.jpg | https://cdn.shopify.com/s/files/1/2337/7003/files/20260729081450-5ae1b62afeec4775-media_image-5803882d2cce48a88b29c91495d3b262.jpg | https://cdn.shopify.com/s/files/1/2337/7003/files/20260729081531-491d0daece284480-media_image-a7704c59655646aa82df782f8c5591d4.jpg,Pure Chiffon & Silk,"Handcrafted Zardozi, Tilla & Fine Resham","3-Piece (Shirt, Trouser, Dupatta)",0 to 2 Weeks,Stitched,FALSE,FALSE,FALSE,"Exquisite handcrafted Naqs Fine Couture ensemble from Haseens Official. Masterfully tailored with generational Pakistani artistry, premium pure fabrics, and delicate celebratory motifs."
has-036,Ana,Festive Drops,Naqs Drop,Architectural Hand Needlework,Naqs Fine Couture,12180,,https://cdn.shopify.com/s/files/1/2337/7003/files/20260729091307-5bcd33c70df44290-media_image-8c4a77103fa24045b0cbc3fc0c12d261.jpg,https://cdn.shopify.com/s/files/1/2337/7003/files/20260729091328-8e8cebb1b60b43eb-media_image-e66a80f6c6f0428ebe0902879cd9da71.jpg,https://cdn.shopify.com/s/files/1/2337/7003/files/20260729091327-d363824ccfed4058-media_image-737a8e34a1724f34abcb6d06376ce55c.jpg,https://cdn.shopify.com/s/files/1/2337/7003/files/20260729091307-6019feb5bee349ea-media_image-a9cae6feb6ea471c9092b489a3e153b1.jpg,https://cdn.shopify.com/s/files/1/2337/7003/files/20260729091306-04c7094104764daf-media_image-ce6de705fc274dd6a4dad8ea32f257f8.jpg | https://cdn.shopify.com/s/files/1/2337/7003/files/20260729091321-d3575427b60240b5-media_image-82122bfe0e384552988f3e8f9b48edbd.jpg | https://cdn.shopify.com/s/files/1/2337/7003/files/20260729091307-f78b1173c8e94ee5-media_image-16dcc8c9c7b64545bd98e6f877806bc9.jpg | https://cdn.shopify.com/s/files/1/2337/7003/files/20260729091307-59841c00c66a4bde-media_image-32c2a7b3a34f48be8bf13b4b0b4d8e6a.jpg | https://cdn.shopify.com/s/files/1/2337/7003/files/20260729091307-8b47826c81a841c9-media_image-b5b348950eed437bbbba24762c4be875.jpg,https://cdn.shopify.com/s/files/1/2337/7003/files/20260729091307-5bcd33c70df44290-media_image-8c4a77103fa24045b0cbc3fc0c12d261.jpg | https://cdn.shopify.com/s/files/1/2337/7003/files/20260729091328-8e8cebb1b60b43eb-media_image-e66a80f6c6f0428ebe0902879cd9da71.jpg | https://cdn.shopify.com/s/files/1/2337/7003/files/20260729091327-d363824ccfed4058-media_image-737a8e34a1724f34abcb6d06376ce55c.jpg | https://cdn.shopify.com/s/files/1/2337/7003/files/20260729091307-6019feb5bee349ea-media_image-a9cae6feb6ea471c9092b489a3e153b1.jpg | https://cdn.shopify.com/s/files/1/2337/7003/files/20260729091306-04c7094104764daf-media_image-ce6de705fc274dd6a4dad8ea32f257f8.jpg | https://cdn.shopify.com/s/files/1/2337/7003/files/20260729091321-d3575427b60240b5-media_image-82122bfe0e384552988f3e8f9b48edbd.jpg | https://cdn.shopify.com/s/files/1/2337/7003/files/20260729091307-f78b1173c8e94ee5-media_image-16dcc8c9c7b64545bd98e6f877806bc9.jpg | https://cdn.shopify.com/s/files/1/2337/7003/files/20260729091307-59841c00c66a4bde-media_image-32c2a7b3a34f48be8bf13b4b0b4d8e6a.jpg | https://cdn.shopify.com/s/files/1/2337/7003/files/20260729091307-8b47826c81a841c9-media_image-b5b348950eed437bbbba24762c4be875.jpg,Pure Chiffon & Silk,"Handcrafted Zardozi, Tilla & Fine Resham","3-Piece (Shirt, Trouser, Dupatta)",0 to 2 Weeks,Stitched,TRUE,FALSE,FALSE,"Exquisite handcrafted Naqs Fine Couture ensemble from Haseens Official. Masterfully tailored with generational Pakistani artistry, premium pure fabrics, and delicate celebratory motifs."
has-037,Noorjahan,Festive Drops,Naqs Drop,Architectural Hand Needlework,Naqs Fine Couture,12720,,https://cdn.shopify.com/s/files/1/2337/7003/files/20260729091115-ba66dd0871154159-media_image-c97c9400530d48a3a9f347ab9b948323.jpg,https://cdn.shopify.com/s/files/1/2337/7003/files/20260729091135-68ed7dd4df4a4100-media_image-1a4f5fd99915489eb1a3505803776658.jpg,https://cdn.shopify.com/s/files/1/2337/7003/files/20260729091115-92b386701a184325-media_image-c3d478e7abfb44a5b6638c7447de965b.jpg,https://cdn.shopify.com/s/files/1/2337/7003/files/20260729091135-c0a4714e94f24d65-media_image-aae46a220801440e978a465113d37081.jpg,https://cdn.shopify.com/s/files/1/2337/7003/files/20260729091115-df069a9f5dbc4aed-media_image-2a799999ba9645de9ef5b95b4e3bb135.jpg | https://cdn.shopify.com/s/files/1/2337/7003/files/20260729091135-19f2973fa27b4b43-media_image-24e5b1125f7147698aaa556b8a31e520.jpg | https://cdn.shopify.com/s/files/1/2337/7003/files/20260729091156-8c7b18ab369e4f7e-media_image-8c133c8b49de4ef5b5a7d1db8b3c83b2.jpg | https://cdn.shopify.com/s/files/1/2337/7003/files/20260729091115-a94ec803e1d94db4-media_image-9bf072013a664e75a5aea17996e5d774.jpg,https://cdn.shopify.com/s/files/1/2337/7003/files/20260729091115-ba66dd0871154159-media_image-c97c9400530d48a3a9f347ab9b948323.jpg | https://cdn.shopify.com/s/files/1/2337/7003/files/20260729091135-68ed7dd4df4a4100-media_image-1a4f5fd99915489eb1a3505803776658.jpg | https://cdn.shopify.com/s/files/1/2337/7003/files/20260729091115-92b386701a184325-media_image-c3d478e7abfb44a5b6638c7447de965b.jpg | https://cdn.shopify.com/s/files/1/2337/7003/files/20260729091135-c0a4714e94f24d65-media_image-aae46a220801440e978a465113d37081.jpg | https://cdn.shopify.com/s/files/1/2337/7003/files/20260729091115-df069a9f5dbc4aed-media_image-2a799999ba9645de9ef5b95b4e3bb135.jpg | https://cdn.shopify.com/s/files/1/2337/7003/files/20260729091135-19f2973fa27b4b43-media_image-24e5b1125f7147698aaa556b8a31e520.jpg | https://cdn.shopify.com/s/files/1/2337/7003/files/20260729091156-8c7b18ab369e4f7e-media_image-8c133c8b49de4ef5b5a7d1db8b3c83b2.jpg | https://cdn.shopify.com/s/files/1/2337/7003/files/20260729091115-a94ec803e1d94db4-media_image-9bf072013a664e75a5aea17996e5d774.jpg,Pure Chiffon & Silk,"Handcrafted Zardozi, Tilla & Fine Resham","3-Piece (Shirt, Trouser, Dupatta)",0 to 2 Weeks,Stitched,FALSE,TRUE,TRUE,"Exquisite handcrafted Naqs Fine Couture ensemble from Haseens Official. Masterfully tailored with generational Pakistani artistry, premium pure fabrics, and delicate celebratory motifs."
has-038,Zuhal,Festive Drops,Zahia Drop,Crystalline Shimmer Evening Pret,Zahia Collection,9075,,https://cdn.shopify.com/s/files/1/2337/7003/files/20260721090737-7bb44f50814d40c4-media_image-736dbe06b65e4ac59b066964018fcf7c.jpg,https://cdn.shopify.com/s/files/1/2337/7003/files/20260721090756-66bac432d89a486c-media_image-096cdbfb1b9745598ef76f11a4451620.jpg,https://cdn.shopify.com/s/files/1/2337/7003/files/20260721090743-756118fb9ddb4a12-media_image-5e11c1571e404f689006f32420590a2a.jpg,https://cdn.shopify.com/s/files/1/2337/7003/files/20260721090746-9d5dcad1a9444268-media_image-f9bff097377e45f59e7c3c0975c51298.jpg,https://cdn.shopify.com/s/files/1/2337/7003/files/20260721090804-81c1ecebaabb4d26-media_image-24376a6c09f045c78aaf10fff6475e32.jpg | https://cdn.shopify.com/s/files/1/2337/7003/files/20260721090744-2aa02778642a4a24-media_image-51765e0db0ba4c38a60420a4b0792423.jpg | https://cdn.shopify.com/s/files/1/2337/7003/files/20260721090817-43a70876bb954a61-media_image-3d85dbc799ed4511a842ecd9f03e0caf.jpg | https://cdn.shopify.com/s/files/1/2337/7003/files/20260721090744-9456a81c40fb4238-media_image-9f711de8d2544a5d81e7d04ae3a6dce7.jpg | https://cdn.shopify.com/s/files/1/2337/7003/files/20260721090735-eea533b997914369-media_image-12ce3a46125b43c5b8c43c109c908670.jpg | https://cdn.shopify.com/s/files/1/2337/7003/files/20260721090741-dda8b164c2f44098-media_image-775f9bfe075446659330b4e329ff80e5.jpg,https://cdn.shopify.com/s/files/1/2337/7003/files/20260721090737-7bb44f50814d40c4-media_image-736dbe06b65e4ac59b066964018fcf7c.jpg | https://cdn.shopify.com/s/files/1/2337/7003/files/20260721090756-66bac432d89a486c-media_image-096cdbfb1b9745598ef76f11a4451620.jpg | https://cdn.shopify.com/s/files/1/2337/7003/files/20260721090743-756118fb9ddb4a12-media_image-5e11c1571e404f689006f32420590a2a.jpg | https://cdn.shopify.com/s/files/1/2337/7003/files/20260721090746-9d5dcad1a9444268-media_image-f9bff097377e45f59e7c3c0975c51298.jpg | https://cdn.shopify.com/s/files/1/2337/7003/files/20260721090804-81c1ecebaabb4d26-media_image-24376a6c09f045c78aaf10fff6475e32.jpg | https://cdn.shopify.com/s/files/1/2337/7003/files/20260721090744-2aa02778642a4a24-media_image-51765e0db0ba4c38a60420a4b0792423.jpg | https://cdn.shopify.com/s/files/1/2337/7003/files/20260721090817-43a70876bb954a61-media_image-3d85dbc799ed4511a842ecd9f03e0caf.jpg | https://cdn.shopify.com/s/files/1/2337/7003/files/20260721090744-9456a81c40fb4238-media_image-9f711de8d2544a5d81e7d04ae3a6dce7.jpg | https://cdn.shopify.com/s/files/1/2337/7003/files/20260721090735-eea533b997914369-media_image-12ce3a46125b43c5b8c43c109c908670.jpg | https://cdn.shopify.com/s/files/1/2337/7003/files/20260721090741-dda8b164c2f44098-media_image-775f9bfe075446659330b4e329ff80e5.jpg,Pure Chiffon & Silk,"Handcrafted Zardozi, Tilla & Fine Resham","3-Piece (Shirt, Trouser, Dupatta)",ReadyToShip,Stitched,FALSE,FALSE,FALSE,"Exquisite handcrafted Zahia Collection ensemble from Haseens Official. Masterfully tailored with generational Pakistani artistry, premium pure fabrics, and delicate celebratory motifs."
has-039,Ashma,Festive Drops,Zahia Drop,Crystalline Shimmer Evening Pret,Zahia Collection,9900,,https://cdn.shopify.com/s/files/1/2337/7003/files/20260721090633-9e101c71459044a2-media_image-3d8b3af3214a4ab68497ee8fda462c74.jpg,https://cdn.shopify.com/s/files/1/2337/7003/files/20260721090634-e16461ef8b544dd6-media_image-f9bc2aec94494e1fbc92b71e4b9934d0.jpg,https://cdn.shopify.com/s/files/1/2337/7003/files/20260721090715-99eb8c1f7d7647cc-media_image-0f84fdc4bfb542f6aeb05ead51691e23.jpg,https://cdn.shopify.com/s/files/1/2337/7003/files/20260721090635-388df46a4b1d4032-media_image-e4c248949b82470fa1ae363b7800d0d5.jpg,https://cdn.shopify.com/s/files/1/2337/7003/files/20260721090635-10ffbcab34d34922-media_image-3ca997bef26242e193bcc885940e6b04.jpg | https://cdn.shopify.com/s/files/1/2337/7003/files/20260721090641-83b5c8b892af47ff-media_image-558d19dd92a248a9b34c3e57aa411200.jpg | https://cdn.shopify.com/s/files/1/2337/7003/files/20260721090639-126850945d754c91-media_image-1f497f9de2444649b8113a4e84845f7d.jpg | https://cdn.shopify.com/s/files/1/2337/7003/files/20260721090654-f92d7f74d84642d6-media_image-332d7896369448b78c620e86816e280f.jpg | https://cdn.shopify.com/s/files/1/2337/7003/files/20260721090633-414269be849d417a-media_image-cfec63af36e345299555371445e4e99d.jpg,https://cdn.shopify.com/s/files/1/2337/7003/files/20260721090633-9e101c71459044a2-media_image-3d8b3af3214a4ab68497ee8fda462c74.jpg | https://cdn.shopify.com/s/files/1/2337/7003/files/20260721090634-e16461ef8b544dd6-media_image-f9bc2aec94494e1fbc92b71e4b9934d0.jpg | https://cdn.shopify.com/s/files/1/2337/7003/files/20260721090715-99eb8c1f7d7647cc-media_image-0f84fdc4bfb542f6aeb05ead51691e23.jpg | https://cdn.shopify.com/s/files/1/2337/7003/files/20260721090635-388df46a4b1d4032-media_image-e4c248949b82470fa1ae363b7800d0d5.jpg | https://cdn.shopify.com/s/files/1/2337/7003/files/20260721090635-10ffbcab34d34922-media_image-3ca997bef26242e193bcc885940e6b04.jpg | https://cdn.shopify.com/s/files/1/2337/7003/files/20260721090641-83b5c8b892af47ff-media_image-558d19dd92a248a9b34c3e57aa411200.jpg | https://cdn.shopify.com/s/files/1/2337/7003/files/20260721090639-126850945d754c91-media_image-1f497f9de2444649b8113a4e84845f7d.jpg | https://cdn.shopify.com/s/files/1/2337/7003/files/20260721090654-f92d7f74d84642d6-media_image-332d7896369448b78c620e86816e280f.jpg | https://cdn.shopify.com/s/files/1/2337/7003/files/20260721090633-414269be849d417a-media_image-cfec63af36e345299555371445e4e99d.jpg,Pure Chiffon & Silk,"Handcrafted Zardozi, Tilla & Fine Resham","3-Piece (Shirt, Trouser, Dupatta)",ReadyToShip,Stitched,FALSE,FALSE,FALSE,"Exquisite handcrafted Zahia Collection ensemble from Haseens Official. Masterfully tailored with generational Pakistani artistry, premium pure fabrics, and delicate celebratory motifs."
has-040,Mehza,Festive Drops,Zahia Drop,Crystalline Shimmer Evening Pret,Zahia Collection,9310,,https://cdn.shopify.com/s/files/1/2337/7003/files/20260721090712-c05018c998bf4193-media_image-f331922ac7e546d3a441c9bd22208aa2.jpg,https://cdn.shopify.com/s/files/1/2337/7003/files/20260721090713-e9d13afbc54348d8-media_image-c431e89e02744f989b5ff980214ad3e0.jpg,https://cdn.shopify.com/s/files/1/2337/7003/files/20260721090708-11c2f2ae86a54c28-media_image-a7ee0832c5734caa812eec6529330c2a.jpg,https://cdn.shopify.com/s/files/1/2337/7003/files/20260721090712-a8ad6a1baa7d429b-media_image-29908196937e48f98fc34c9fe6504d2c.jpg,https://cdn.shopify.com/s/files/1/2337/7003/files/20260721090729-f5f9cb25533c4d5b-media_image-d5651180fb3947dd83c2b64409d946b9.jpg | https://cdn.shopify.com/s/files/1/2337/7003/files/20260721090713-2d18b36996694073-media_image-8471304011284da6b45a63f0b9e77114.jpg | https://cdn.shopify.com/s/files/1/2337/7003/files/20260721090714-4bfa8fbb15ab4583-media_image-1360951e5d0c49d097d794f50633ca12.jpg | https://cdn.shopify.com/s/files/1/2337/7003/files/20260721090711-671ee45016c84f40-media_image-aacc103640db4510bd56ad49cbd7cf74.jpg | https://cdn.shopify.com/s/files/1/2337/7003/files/20260721090712-31995902b97c46a5-media_image-ddb90ef4c9c04e2d8bd9daa28911a2fa.jpg,https://cdn.shopify.com/s/files/1/2337/7003/files/20260721090712-c05018c998bf4193-media_image-f331922ac7e546d3a441c9bd22208aa2.jpg | https://cdn.shopify.com/s/files/1/2337/7003/files/20260721090713-e9d13afbc54348d8-media_image-c431e89e02744f989b5ff980214ad3e0.jpg | https://cdn.shopify.com/s/files/1/2337/7003/files/20260721090708-11c2f2ae86a54c28-media_image-a7ee0832c5734caa812eec6529330c2a.jpg | https://cdn.shopify.com/s/files/1/2337/7003/files/20260721090712-a8ad6a1baa7d429b-media_image-29908196937e48f98fc34c9fe6504d2c.jpg | https://cdn.shopify.com/s/files/1/2337/7003/files/20260721090729-f5f9cb25533c4d5b-media_image-d5651180fb3947dd83c2b64409d946b9.jpg | https://cdn.shopify.com/s/files/1/2337/7003/files/20260721090713-2d18b36996694073-media_image-8471304011284da6b45a63f0b9e77114.jpg | https://cdn.shopify.com/s/files/1/2337/7003/files/20260721090714-4bfa8fbb15ab4583-media_image-1360951e5d0c49d097d794f50633ca12.jpg | https://cdn.shopify.com/s/files/1/2337/7003/files/20260721090711-671ee45016c84f40-media_image-aacc103640db4510bd56ad49cbd7cf74.jpg | https://cdn.shopify.com/s/files/1/2337/7003/files/20260721090712-31995902b97c46a5-media_image-ddb90ef4c9c04e2d8bd9daa28911a2fa.jpg,Pure Chiffon & Silk,"Handcrafted Zardozi, Tilla & Fine Resham","3-Piece (Shirt, Trouser, Dupatta)",ReadyToShip,Stitched,FALSE,FALSE,TRUE,"Exquisite handcrafted Zahia Collection ensemble from Haseens Official. Masterfully tailored with generational Pakistani artistry, premium pure fabrics, and delicate celebratory motifs."
has-041,Liyana,Festive Drops,Zahia Drop,Crystalline Shimmer Evening Pret,Zahia Collection,7198,,https://cdn.shopify.com/s/files/1/2337/7003/files/20260721090521-33cd02beedc643c5-media_image-0565740132bb445a807d33fd73db3034.jpg,https://cdn.shopify.com/s/files/1/2337/7003/files/20260721090500-2ffc418656b94d0e-media_image-19ffa4bd49e24519b128206727dcd517.jpg,https://cdn.shopify.com/s/files/1/2337/7003/files/20260721090501-7a2e3255f1f743f0-media_image-bbf9bca863584e87a792c6ea7826e320.jpg,https://cdn.shopify.com/s/files/1/2337/7003/files/20260721090501-1855e8cee1104689-media_image-5cf006db004a4010861987d359a04300.jpg,https://cdn.shopify.com/s/files/1/2337/7003/files/20260721090519-913d242a92ae445a-media_image-5843b50357d3409585364344692dc619.jpg | https://cdn.shopify.com/s/files/1/2337/7003/files/20260721090501-8092bcb9a4d44e8f-media_image-73d48b644f3d48049f8f7337b48e9bfc.jpg | https://cdn.shopify.com/s/files/1/2337/7003/files/20260721090502-783f2203bc294a51-media_image-e355d3a21e494537a06c17f0b49e1eec.jpg | https://cdn.shopify.com/s/files/1/2337/7003/files/20260721090520-25f96551a32743cf-media_image-9d2c5c71cab04dda99b6795e2ea853b0.jpg | https://cdn.shopify.com/s/files/1/2337/7003/files/20260721090459-d48be052021045d5-media_image-5e32e02fe5ff4b1788db05c326128a7f.jpg | https://cdn.shopify.com/s/files/1/2337/7003/files/20260721090458-f0e1eeac1dfb48a0-media_image-c887dbe9ae914d26b400a9682721a361.jpg,https://cdn.shopify.com/s/files/1/2337/7003/files/20260721090521-33cd02beedc643c5-media_image-0565740132bb445a807d33fd73db3034.jpg | https://cdn.shopify.com/s/files/1/2337/7003/files/20260721090500-2ffc418656b94d0e-media_image-19ffa4bd49e24519b128206727dcd517.jpg | https://cdn.shopify.com/s/files/1/2337/7003/files/20260721090501-7a2e3255f1f743f0-media_image-bbf9bca863584e87a792c6ea7826e320.jpg | https://cdn.shopify.com/s/files/1/2337/7003/files/20260721090501-1855e8cee1104689-media_image-5cf006db004a4010861987d359a04300.jpg | https://cdn.shopify.com/s/files/1/2337/7003/files/20260721090519-913d242a92ae445a-media_image-5843b50357d3409585364344692dc619.jpg | https://cdn.shopify.com/s/files/1/2337/7003/files/20260721090501-8092bcb9a4d44e8f-media_image-73d48b644f3d48049f8f7337b48e9bfc.jpg | https://cdn.shopify.com/s/files/1/2337/7003/files/20260721090502-783f2203bc294a51-media_image-e355d3a21e494537a06c17f0b49e1eec.jpg | https://cdn.shopify.com/s/files/1/2337/7003/files/20260721090520-25f96551a32743cf-media_image-9d2c5c71cab04dda99b6795e2ea853b0.jpg | https://cdn.shopify.com/s/files/1/2337/7003/files/20260721090459-d48be052021045d5-media_image-5e32e02fe5ff4b1788db05c326128a7f.jpg | https://cdn.shopify.com/s/files/1/2337/7003/files/20260721090458-f0e1eeac1dfb48a0-media_image-c887dbe9ae914d26b400a9682721a361.jpg,Pure Chiffon & Silk,"Handcrafted Zardozi, Tilla & Fine Resham","3-Piece (Shirt, Trouser, Dupatta)",ReadyToShip,Stitched,TRUE,TRUE,FALSE,"Exquisite handcrafted Zahia Collection ensemble from Haseens Official. Masterfully tailored with generational Pakistani artistry, premium pure fabrics, and delicate celebratory motifs."
has-042,Zurina,Festive Drops,Zahia Drop,Crystalline Shimmer Evening Pret,Zahia Collection,11600,,https://cdn.shopify.com/s/files/1/2337/7003/files/20260721094030-44f9f80cde4c48d7-media_image-b8a7b368e93d4e3082d0321ac3cca3ae.jpg,https://cdn.shopify.com/s/files/1/2337/7003/files/20260721094021-92fe18991001490f-media_image-8287affc7b804d6ebcb98d9ea74fe397.jpg,https://cdn.shopify.com/s/files/1/2337/7003/files/20260721094016-b614a1271dc14a0b-media_image-fd36736a0e3b4f62945acb3a5e2ea2d3.jpg,https://cdn.shopify.com/s/files/1/2337/7003/files/20260721093955-fb1d5a2c43d0464b-media_image-086ba98480c645beb7376239523ce61b.jpg,https://cdn.shopify.com/s/files/1/2337/7003/files/20260721094000-d25548a21c7b495b-media_image-09580aa53ff041c7af15716d80054436.jpg | https://cdn.shopify.com/s/files/1/2337/7003/files/20260721094001-06b0657fa98a47ea-media_image-bf45af2d242d45f0ac40d52b3619cd41.jpg | https://cdn.shopify.com/s/files/1/2337/7003/files/20260721094042-06ec2c4a05484827-media_image-fb55bd0ff6ac47f8a62678d7eb9d6de1.jpg | https://cdn.shopify.com/s/files/1/2337/7003/files/20260721093957-e9a83566faee4d03-media_image-626856dc5c5542ce913db709ddf839d4.jpg | https://cdn.shopify.com/s/files/1/2337/7003/files/20260721094007-e046d0ea16584a24-media_image-246bd036869642f5974bb8a817a4e1ca.jpg | https://cdn.shopify.com/s/files/1/2337/7003/files/20260721094103-b3efb7f41fc9408e-media_image-eda38967e6ce465f9cb30151925d9576.jpg | https://cdn.shopify.com/s/files/1/2337/7003/files/20260721094008-6568e24bee804cab-media_image-fdb2a58f34cb4aa5a55078a0b0552fb6.jpg | https://cdn.shopify.com/s/files/1/2337/7003/files/20260721094001-0fd66ae2eb7d404a-media_image-89e28f1b026b4ee68787a6005e9512a8.jpg,https://cdn.shopify.com/s/files/1/2337/7003/files/20260721094030-44f9f80cde4c48d7-media_image-b8a7b368e93d4e3082d0321ac3cca3ae.jpg | https://cdn.shopify.com/s/files/1/2337/7003/files/20260721094021-92fe18991001490f-media_image-8287affc7b804d6ebcb98d9ea74fe397.jpg | https://cdn.shopify.com/s/files/1/2337/7003/files/20260721094016-b614a1271dc14a0b-media_image-fd36736a0e3b4f62945acb3a5e2ea2d3.jpg | https://cdn.shopify.com/s/files/1/2337/7003/files/20260721093955-fb1d5a2c43d0464b-media_image-086ba98480c645beb7376239523ce61b.jpg | https://cdn.shopify.com/s/files/1/2337/7003/files/20260721094000-d25548a21c7b495b-media_image-09580aa53ff041c7af15716d80054436.jpg | https://cdn.shopify.com/s/files/1/2337/7003/files/20260721094001-06b0657fa98a47ea-media_image-bf45af2d242d45f0ac40d52b3619cd41.jpg | https://cdn.shopify.com/s/files/1/2337/7003/files/20260721094042-06ec2c4a05484827-media_image-fb55bd0ff6ac47f8a62678d7eb9d6de1.jpg | https://cdn.shopify.com/s/files/1/2337/7003/files/20260721093957-e9a83566faee4d03-media_image-626856dc5c5542ce913db709ddf839d4.jpg | https://cdn.shopify.com/s/files/1/2337/7003/files/20260721094007-e046d0ea16584a24-media_image-246bd036869642f5974bb8a817a4e1ca.jpg | https://cdn.shopify.com/s/files/1/2337/7003/files/20260721094103-b3efb7f41fc9408e-media_image-eda38967e6ce465f9cb30151925d9576.jpg | https://cdn.shopify.com/s/files/1/2337/7003/files/20260721094008-6568e24bee804cab-media_image-fdb2a58f34cb4aa5a55078a0b0552fb6.jpg | https://cdn.shopify.com/s/files/1/2337/7003/files/20260721094001-0fd66ae2eb7d404a-media_image-89e28f1b026b4ee68787a6005e9512a8.jpg,Pure Chiffon & Silk,"Handcrafted Zardozi, Tilla & Fine Resham","3-Piece (Shirt, Trouser, Dupatta)",ReadyToShip,Stitched,FALSE,FALSE,FALSE,"Exquisite handcrafted Zahia Collection ensemble from Haseens Official. Masterfully tailored with generational Pakistani artistry, premium pure fabrics, and delicate celebratory motifs."
has-043,Marvi,Festive Drops,Zahia Drop,Crystalline Shimmer Evening Pret,Zahia Collection,7128,,https://cdn.shopify.com/s/files/1/2337/7003/files/20260721092854-87ccbe1dc4f840c0-media_image-2ec45fc781d242bfb0425ce1b9223a46.jpg,https://cdn.shopify.com/s/files/1/2337/7003/files/20260721092853-7fbee9fd376a4fdc-media_image-326a6c5cca8949f7a4bb586535d9a53a.jpg,https://cdn.shopify.com/s/files/1/2337/7003/files/20260721092909-49d97461413c4525-media_image-802cee8edc8d4fb1a26b94281ec787c2.jpg,https://cdn.shopify.com/s/files/1/2337/7003/files/20260721092842-06e23d7bba224d2c-media_image-81abcb826c17434d8c439c0aef234141.jpg,https://cdn.shopify.com/s/files/1/2337/7003/files/20260721092925-dfd4630ec3854d12-media_image-412ed5a9e8a04c23b647d68d077636a8.jpg | https://cdn.shopify.com/s/files/1/2337/7003/files/20260721092848-d75e58123d914f89-media_image-35cfd4499c66430e83e84104d7183c86.jpg | https://cdn.shopify.com/s/files/1/2337/7003/files/20260721092930-17aa802b2c864a73-media_image-43fc3f53a79f4c05914448b914a4c52d.jpg | https://cdn.shopify.com/s/files/1/2337/7003/files/20260721092902-67ca2097f51f442c-media_image-d48d04cf0ab3467eb2013b1fb149f5b9.jpg | https://cdn.shopify.com/s/files/1/2337/7003/files/20260721092950-c9d40d0de8e440e5-media_image-6e9638299ef14a419e0ecec928c5f609.jpg | https://cdn.shopify.com/s/files/1/2337/7003/files/20260721092905-e9a75f6664ac4e1b-media_image-feb927935dbd404f9e2c8d13b8e171c3.jpg,https://cdn.shopify.com/s/files/1/2337/7003/files/20260721092854-87ccbe1dc4f840c0-media_image-2ec45fc781d242bfb0425ce1b9223a46.jpg | https://cdn.shopify.com/s/files/1/2337/7003/files/20260721092853-7fbee9fd376a4fdc-media_image-326a6c5cca8949f7a4bb586535d9a53a.jpg | https://cdn.shopify.com/s/files/1/2337/7003/files/20260721092909-49d97461413c4525-media_image-802cee8edc8d4fb1a26b94281ec787c2.jpg | https://cdn.shopify.com/s/files/1/2337/7003/files/20260721092842-06e23d7bba224d2c-media_image-81abcb826c17434d8c439c0aef234141.jpg | https://cdn.shopify.com/s/files/1/2337/7003/files/20260721092925-dfd4630ec3854d12-media_image-412ed5a9e8a04c23b647d68d077636a8.jpg | https://cdn.shopify.com/s/files/1/2337/7003/files/20260721092848-d75e58123d914f89-media_image-35cfd4499c66430e83e84104d7183c86.jpg | https://cdn.shopify.com/s/files/1/2337/7003/files/20260721092930-17aa802b2c864a73-media_image-43fc3f53a79f4c05914448b914a4c52d.jpg | https://cdn.shopify.com/s/files/1/2337/7003/files/20260721092902-67ca2097f51f442c-media_image-d48d04cf0ab3467eb2013b1fb149f5b9.jpg | https://cdn.shopify.com/s/files/1/2337/7003/files/20260721092950-c9d40d0de8e440e5-media_image-6e9638299ef14a419e0ecec928c5f609.jpg | https://cdn.shopify.com/s/files/1/2337/7003/files/20260721092905-e9a75f6664ac4e1b-media_image-feb927935dbd404f9e2c8d13b8e171c3.jpg,Pure Chiffon & Silk,"Handcrafted Zardozi, Tilla & Fine Resham","3-Piece (Shirt, Trouser, Dupatta)",ReadyToShip,Stitched,FALSE,FALSE,TRUE,"Exquisite handcrafted Zahia Collection ensemble from Haseens Official. Masterfully tailored with generational Pakistani artistry, premium pure fabrics, and delicate celebratory motifs."
has-044,Nagma,Festive Drops,Zahia Drop,Crystalline Shimmer Evening Pret,Zahia Collection,10880,,https://cdn.shopify.com/s/files/1/2337/7003/files/20260721092944-093f44bd07e946fc-media_image-7d65abf8088446fabf9931c8b0d8b92d.jpg,https://cdn.shopify.com/s/files/1/2337/7003/files/20260721092945-82b6ccb418224653-media_image-1f7c85ae925f4636aca0e1653199b483.jpg,https://cdn.shopify.com/s/files/1/2337/7003/files/20260721092941-b682458918c84f0f-media_image-53c7607618b24524a0b010250cefde54.jpg,https://cdn.shopify.com/s/files/1/2337/7003/files/20260721092946-8ac62a72a8fe4f82-media_image-d28c7263c665434d9b8b529c8cd65462.jpg,https://cdn.shopify.com/s/files/1/2337/7003/files/20260721093007-bc46febf214846bf-media_image-d3f221cbb1a44f309b4ee3cba152b1f6.jpg | https://cdn.shopify.com/s/files/1/2337/7003/files/20260721092947-1c6396fd29214b1e-media_image-45f8a26a021348ba95b8b1b335d66211.jpg | https://cdn.shopify.com/s/files/1/2337/7003/files/20260721092947-df4b223a6068431d-media_image-642ab0a962064e74b1f8ed74a1cf44c0.jpg | https://cdn.shopify.com/s/files/1/2337/7003/files/20260721092948-85a4dcb7d5d541ac-media_image-59de3de3d7d2416cb089e869925c1cf8.jpg | https://cdn.shopify.com/s/files/1/2337/7003/files/20260721092944-dc9e70e2e759499a-media_image-8372990b51414c9c844d92a0cb010d47.jpg,https://cdn.shopify.com/s/files/1/2337/7003/files/20260721092944-093f44bd07e946fc-media_image-7d65abf8088446fabf9931c8b0d8b92d.jpg | https://cdn.shopify.com/s/files/1/2337/7003/files/20260721092945-82b6ccb418224653-media_image-1f7c85ae925f4636aca0e1653199b483.jpg | https://cdn.shopify.com/s/files/1/2337/7003/files/20260721092941-b682458918c84f0f-media_image-53c7607618b24524a0b010250cefde54.jpg | https://cdn.shopify.com/s/files/1/2337/7003/files/20260721092946-8ac62a72a8fe4f82-media_image-d28c7263c665434d9b8b529c8cd65462.jpg | https://cdn.shopify.com/s/files/1/2337/7003/files/20260721093007-bc46febf214846bf-media_image-d3f221cbb1a44f309b4ee3cba152b1f6.jpg | https://cdn.shopify.com/s/files/1/2337/7003/files/20260721092947-1c6396fd29214b1e-media_image-45f8a26a021348ba95b8b1b335d66211.jpg | https://cdn.shopify.com/s/files/1/2337/7003/files/20260721092947-df4b223a6068431d-media_image-642ab0a962064e74b1f8ed74a1cf44c0.jpg | https://cdn.shopify.com/s/files/1/2337/7003/files/20260721092948-85a4dcb7d5d541ac-media_image-59de3de3d7d2416cb089e869925c1cf8.jpg | https://cdn.shopify.com/s/files/1/2337/7003/files/20260721092944-dc9e70e2e759499a-media_image-8372990b51414c9c844d92a0cb010d47.jpg,Pure Chiffon & Silk,"Handcrafted Zardozi, Tilla & Fine Resham","3-Piece (Shirt, Trouser, Dupatta)",ReadyToShip,Stitched,FALSE,FALSE,FALSE,"Exquisite handcrafted Zahia Collection ensemble from Haseens Official. Masterfully tailored with generational Pakistani artistry, premium pure fabrics, and delicate celebratory motifs."
has-045,Mahzala,Festive Drops,Zahia Drop,Crystalline Shimmer Evening Pret,Zahia Collection,7191,,https://cdn.shopify.com/s/files/1/2337/7003/files/20260721093947-f32d684a170a4c76-media_image-6ee5f6bfa3e4459ebc92342190ebef5f.jpg,https://cdn.shopify.com/s/files/1/2337/7003/files/20260721094010-87126eec6c4d441c-media_image-a50477de6cce448fbf8f53fd7030886e.jpg,https://cdn.shopify.com/s/files/1/2337/7003/files/20260721093950-70bfa685a32c488e-media_image-389389182ec34900ba08eb96d934d42a.jpg,https://cdn.shopify.com/s/files/1/2337/7003/files/20260721093928-f426319f0b2448fa-media_image-6fb571db67814dcb823a27686003967e.jpg,https://cdn.shopify.com/s/files/1/2337/7003/files/20260721093947-ae7de261a510438d-media_image-48813b6517e64213ac94e6a2943596b0.jpg | https://cdn.shopify.com/s/files/1/2337/7003/files/20260721093949-e888f2321ccc4b13-media_image-266f8caa92eb47fb8859b7bf9bf31de4.jpg,https://cdn.shopify.com/s/files/1/2337/7003/files/20260721093947-f32d684a170a4c76-media_image-6ee5f6bfa3e4459ebc92342190ebef5f.jpg | https://cdn.shopify.com/s/files/1/2337/7003/files/20260721094010-87126eec6c4d441c-media_image-a50477de6cce448fbf8f53fd7030886e.jpg | https://cdn.shopify.com/s/files/1/2337/7003/files/20260721093950-70bfa685a32c488e-media_image-389389182ec34900ba08eb96d934d42a.jpg | https://cdn.shopify.com/s/files/1/2337/7003/files/20260721093928-f426319f0b2448fa-media_image-6fb571db67814dcb823a27686003967e.jpg | https://cdn.shopify.com/s/files/1/2337/7003/files/20260721093947-ae7de261a510438d-media_image-48813b6517e64213ac94e6a2943596b0.jpg | https://cdn.shopify.com/s/files/1/2337/7003/files/20260721093949-e888f2321ccc4b13-media_image-266f8caa92eb47fb8859b7bf9bf31de4.jpg,Pure Chiffon & Silk,"Handcrafted Zardozi, Tilla & Fine Resham","3-Piece (Shirt, Trouser, Dupatta)",ReadyToShip,Stitched,FALSE,TRUE,FALSE,"Exquisite handcrafted Zahia Collection ensemble from Haseens Official. Masterfully tailored with generational Pakistani artistry, premium pure fabrics, and delicate celebratory motifs."
has-046,Seham,Festive Drops,Zahia Drop,Crystalline Shimmer Evening Pret,Zahia Collection,9920,,https://cdn.shopify.com/s/files/1/2337/7003/files/20260721090340-068fca5f33ac49c7-media_image-87b5f8f114b94ad9bd7fac7c25cd6892.jpg,https://cdn.shopify.com/s/files/1/2337/7003/files/20260721090342-71cd58de1d914662-media_image-24c04170abbe4ed18c7d4a24d4852b0f.jpg,https://cdn.shopify.com/s/files/1/2337/7003/files/20260721090343-8920dcf386974fc8-media_image-fb6ae6dd9b424ba7b6c72949a01f7d9e.jpg,https://cdn.shopify.com/s/files/1/2337/7003/files/20260721090404-b6d2471d0e564771-media_image-d1bd035aa31a46b082ca0b21855ca2f9.jpg,https://cdn.shopify.com/s/files/1/2337/7003/files/20260721090402-c8cab5f5b0e94a43-media_image-aa04f54f287f4b168cbba555610ca8ac.jpg | https://cdn.shopify.com/s/files/1/2337/7003/files/20260721090340-1b35067618fe4c7b-media_image-dea73759bd39421d887ac67f93c65e67.jpg | https://cdn.shopify.com/s/files/1/2337/7003/files/20260721090341-1ade6985246a4524-media_image-fac408e95ff24c5cbac17ebeb2f786f9.jpg | https://cdn.shopify.com/s/files/1/2337/7003/files/20260721090402-57a35ef8a3a04b0b-media_image-fb3a4a0d1dd5431ea25a0a91a34bc2b5.jpg,https://cdn.shopify.com/s/files/1/2337/7003/files/20260721090340-068fca5f33ac49c7-media_image-87b5f8f114b94ad9bd7fac7c25cd6892.jpg | https://cdn.shopify.com/s/files/1/2337/7003/files/20260721090342-71cd58de1d914662-media_image-24c04170abbe4ed18c7d4a24d4852b0f.jpg | https://cdn.shopify.com/s/files/1/2337/7003/files/20260721090343-8920dcf386974fc8-media_image-fb6ae6dd9b424ba7b6c72949a01f7d9e.jpg | https://cdn.shopify.com/s/files/1/2337/7003/files/20260721090404-b6d2471d0e564771-media_image-d1bd035aa31a46b082ca0b21855ca2f9.jpg | https://cdn.shopify.com/s/files/1/2337/7003/files/20260721090402-c8cab5f5b0e94a43-media_image-aa04f54f287f4b168cbba555610ca8ac.jpg | https://cdn.shopify.com/s/files/1/2337/7003/files/20260721090340-1b35067618fe4c7b-media_image-dea73759bd39421d887ac67f93c65e67.jpg | https://cdn.shopify.com/s/files/1/2337/7003/files/20260721090341-1ade6985246a4524-media_image-fac408e95ff24c5cbac17ebeb2f786f9.jpg | https://cdn.shopify.com/s/files/1/2337/7003/files/20260721090402-57a35ef8a3a04b0b-media_image-fb3a4a0d1dd5431ea25a0a91a34bc2b5.jpg,Pure Chiffon & Silk,"Handcrafted Zardozi, Tilla & Fine Resham","3-Piece (Shirt, Trouser, Dupatta)",ReadyToShip,Stitched,TRUE,FALSE,TRUE,"Exquisite handcrafted Zahia Collection ensemble from Haseens Official. Masterfully tailored with generational Pakistani artistry, premium pure fabrics, and delicate celebratory motifs."
has-047,Zuleha,Festive Drops,Zahia Drop,Crystalline Shimmer Evening Pret,Zahia Collection,9680,,https://cdn.shopify.com/s/files/1/2337/7003/files/20260721090649-131a1650d1364b79-media_image-f58d560f9d92449f84efa738c575bd1d.jpg,https://cdn.shopify.com/s/files/1/2337/7003/files/20260721090650-b09702d4a8da456a-media_image-b6fe520106e34417a13351bec43d9746.jpg,https://cdn.shopify.com/s/files/1/2337/7003/files/20260721090711-5e92977280314dc0-media_image-b139ccc09c2b4f40bff8a27286e77252.jpg,https://cdn.shopify.com/s/files/1/2337/7003/files/20260721090650-a927388341f449b7-media_image-ca231b0d5a75471d9b3afe1e0ef075e0.jpg,https://cdn.shopify.com/s/files/1/2337/7003/files/20260721090650-a641215069504ab8-media_image-8280599fd97e45539bfaeba2b046f6c2.jpg | https://cdn.shopify.com/s/files/1/2337/7003/files/20260721090651-f621b52377314437-media_image-c14e9187c08945da8fa548b94b354fea.jpg | https://cdn.shopify.com/s/files/1/2337/7003/files/20260721090649-4600d81c477c4623-media_image-e8de3e84f20048c681df17d00d856652.jpg | https://cdn.shopify.com/s/files/1/2337/7003/files/20260721090709-55e8f890bc25403e-media_image-294be1dd14674538b3927402a52c938c.jpg | https://cdn.shopify.com/s/files/1/2337/7003/files/20260721090649-6a1085dd6e554480-media_image-cfc5cf6144dc49b8a4688f38f5b53942.jpg,https://cdn.shopify.com/s/files/1/2337/7003/files/20260721090649-131a1650d1364b79-media_image-f58d560f9d92449f84efa738c575bd1d.jpg | https://cdn.shopify.com/s/files/1/2337/7003/files/20260721090650-b09702d4a8da456a-media_image-b6fe520106e34417a13351bec43d9746.jpg | https://cdn.shopify.com/s/files/1/2337/7003/files/20260721090711-5e92977280314dc0-media_image-b139ccc09c2b4f40bff8a27286e77252.jpg | https://cdn.shopify.com/s/files/1/2337/7003/files/20260721090650-a927388341f449b7-media_image-ca231b0d5a75471d9b3afe1e0ef075e0.jpg | https://cdn.shopify.com/s/files/1/2337/7003/files/20260721090650-a641215069504ab8-media_image-8280599fd97e45539bfaeba2b046f6c2.jpg | https://cdn.shopify.com/s/files/1/2337/7003/files/20260721090651-f621b52377314437-media_image-c14e9187c08945da8fa548b94b354fea.jpg | https://cdn.shopify.com/s/files/1/2337/7003/files/20260721090649-4600d81c477c4623-media_image-e8de3e84f20048c681df17d00d856652.jpg | https://cdn.shopify.com/s/files/1/2337/7003/files/20260721090709-55e8f890bc25403e-media_image-294be1dd14674538b3927402a52c938c.jpg | https://cdn.shopify.com/s/files/1/2337/7003/files/20260721090649-6a1085dd6e554480-media_image-cfc5cf6144dc49b8a4688f38f5b53942.jpg,Pure Chiffon & Silk,"Handcrafted Zardozi, Tilla & Fine Resham","3-Piece (Shirt, Trouser, Dupatta)",ReadyToShip,Stitched,FALSE,FALSE,FALSE,"Exquisite handcrafted Zahia Collection ensemble from Haseens Official. Masterfully tailored with generational Pakistani artistry, premium pure fabrics, and delicate celebratory motifs."
has-048,Firdous,Festive Drops,Zahia Drop,Crystalline Shimmer Evening Pret,Zahia Collection,9100,,https://cdn.shopify.com/s/files/1/2337/7003/files/20260721092853-dd3335a9de434e58-media_image-9788c0e0f6d14d73a87ebeb25a8ef3fa.jpg,https://cdn.shopify.com/s/files/1/2337/7003/files/20260721092909-e5c1ee4cb0544b2f-media_image-95ca6e2ac2294ef9a591082e70e2667f.jpg,https://cdn.shopify.com/s/files/1/2337/7003/files/20260721092844-0f3c187c6bfc4a8f-media_image-4e886821d4f64409b6ec64b28c8b5bbd.jpg,https://cdn.shopify.com/s/files/1/2337/7003/files/20260721092830-cf1cc1d9daa6484b-media_image-f692cf1d33e545d896de43cd49a677c5.jpg,https://cdn.shopify.com/s/files/1/2337/7003/files/20260721092923-7e29ff87fb0c4203-media_image-c1684465d69f4848a1a7f4ffafd2c20f.jpg | https://cdn.shopify.com/s/files/1/2337/7003/files/20260721092904-a77181aff75945bf-media_image-81d905a9573e4a008a16eb237ba68407.jpg | https://cdn.shopify.com/s/files/1/2337/7003/files/20260721092843-0a0b97b389ad4623-media_image-99478355eba94011a305262ce26c5e9a.jpg | https://cdn.shopify.com/s/files/1/2337/7003/files/20260721092848-b23b357e0bc84256-media_image-e627d2285d2c4a24b03e771b73385d6c.jpg | https://cdn.shopify.com/s/files/1/2337/7003/files/20260721092849-fb95f088d1d14ca9-media_image-6a63e4019ad943efb18b6d4f05c520b8.jpg,https://cdn.shopify.com/s/files/1/2337/7003/files/20260721092853-dd3335a9de434e58-media_image-9788c0e0f6d14d73a87ebeb25a8ef3fa.jpg | https://cdn.shopify.com/s/files/1/2337/7003/files/20260721092909-e5c1ee4cb0544b2f-media_image-95ca6e2ac2294ef9a591082e70e2667f.jpg | https://cdn.shopify.com/s/files/1/2337/7003/files/20260721092844-0f3c187c6bfc4a8f-media_image-4e886821d4f64409b6ec64b28c8b5bbd.jpg | https://cdn.shopify.com/s/files/1/2337/7003/files/20260721092830-cf1cc1d9daa6484b-media_image-f692cf1d33e545d896de43cd49a677c5.jpg | https://cdn.shopify.com/s/files/1/2337/7003/files/20260721092923-7e29ff87fb0c4203-media_image-c1684465d69f4848a1a7f4ffafd2c20f.jpg | https://cdn.shopify.com/s/files/1/2337/7003/files/20260721092904-a77181aff75945bf-media_image-81d905a9573e4a008a16eb237ba68407.jpg | https://cdn.shopify.com/s/files/1/2337/7003/files/20260721092843-0a0b97b389ad4623-media_image-99478355eba94011a305262ce26c5e9a.jpg | https://cdn.shopify.com/s/files/1/2337/7003/files/20260721092848-b23b357e0bc84256-media_image-e627d2285d2c4a24b03e771b73385d6c.jpg | https://cdn.shopify.com/s/files/1/2337/7003/files/20260721092849-fb95f088d1d14ca9-media_image-6a63e4019ad943efb18b6d4f05c520b8.jpg,Pure Chiffon & Silk,"Handcrafted Zardozi, Tilla & Fine Resham","3-Piece (Shirt, Trouser, Dupatta)",ReadyToShip,Stitched,FALSE,FALSE,FALSE,"Exquisite handcrafted Zahia Collection ensemble from Haseens Official. Masterfully tailored with generational Pakistani artistry, premium pure fabrics, and delicate celebratory motifs."
has-049,Maham,Festive Drops,Zahia Drop,Crystalline Shimmer Evening Pret,Zahia Collection,7375,,https://cdn.shopify.com/s/files/1/2337/7003/files/20260721093050-cc96dc7f6e2d46fb-media_image-4d01a379d577476d8f386253f4fd4895.jpg,https://cdn.shopify.com/s/files/1/2337/7003/files/20260721093050-05786704624245a6-media_image-18693f4a6a0549459db97a58e299dab3.jpg,https://cdn.shopify.com/s/files/1/2337/7003/files/20260721093109-148bc0b704384233-media_image-bcaf56a0bd394438a118e0720a6082e8.jpg,https://cdn.shopify.com/s/files/1/2337/7003/files/20260721093050-3dc63bec1b554ca9-media_image-877f41ab0847453b998eecdd3640f99b.jpg,https://cdn.shopify.com/s/files/1/2337/7003/files/20260721093048-78b6fb90b1a74174-media_image-8ef176623a4f4714b72a67f92615244b.jpg | https://cdn.shopify.com/s/files/1/2337/7003/files/20260721093048-79c05f748a374d67-media_image-70b285d32fad49908b85e1a16093909b.jpg | https://cdn.shopify.com/s/files/1/2337/7003/files/20260721093050-8e0ecdb72ab24f20-media_image-f97b650e5a6e4601aace370c18a6826c.jpg,https://cdn.shopify.com/s/files/1/2337/7003/files/20260721093050-cc96dc7f6e2d46fb-media_image-4d01a379d577476d8f386253f4fd4895.jpg | https://cdn.shopify.com/s/files/1/2337/7003/files/20260721093050-05786704624245a6-media_image-18693f4a6a0549459db97a58e299dab3.jpg | https://cdn.shopify.com/s/files/1/2337/7003/files/20260721093109-148bc0b704384233-media_image-bcaf56a0bd394438a118e0720a6082e8.jpg | https://cdn.shopify.com/s/files/1/2337/7003/files/20260721093050-3dc63bec1b554ca9-media_image-877f41ab0847453b998eecdd3640f99b.jpg | https://cdn.shopify.com/s/files/1/2337/7003/files/20260721093048-78b6fb90b1a74174-media_image-8ef176623a4f4714b72a67f92615244b.jpg | https://cdn.shopify.com/s/files/1/2337/7003/files/20260721093048-79c05f748a374d67-media_image-70b285d32fad49908b85e1a16093909b.jpg | https://cdn.shopify.com/s/files/1/2337/7003/files/20260721093050-8e0ecdb72ab24f20-media_image-f97b650e5a6e4601aace370c18a6826c.jpg,Pure Chiffon & Silk,"Handcrafted Zardozi, Tilla & Fine Resham","3-Piece (Shirt, Trouser, Dupatta)",0 to 2 Weeks,Stitched,FALSE,TRUE,TRUE,"Exquisite handcrafted Zahia Collection ensemble from Haseens Official. Masterfully tailored with generational Pakistani artistry, premium pure fabrics, and delicate celebratory motifs."
has-050,Mehzar,Festive Drops,Gulal Drop,Spring Garden Florals,Gulal Festive Drop,17000,,https://cdn.shopify.com/s/files/1/2337/7003/files/20260618080421-b527e751c5cb4c73-media_image-99e191ae09fc407b93ca4c9561860f5b.jpg,https://cdn.shopify.com/s/files/1/2337/7003/files/20260618080340-cbe0336d64844feb-media_image-5fd20e0ed20c43808f4b63e4be98c5ff.jpg,https://cdn.shopify.com/s/files/1/2337/7003/files/20260618080401-481e30af32264846-media_image-75fd0b36b2bf45668cbaac5953ac507a.jpg,https://cdn.shopify.com/s/files/1/2337/7003/files/20260618080340-33a4e0aa0fb64c08-media_image-3350087721f44e589b494b0b06a1db17.jpg,https://cdn.shopify.com/s/files/1/2337/7003/files/20260618080401-4162b030ec65459a-media_image-ec7fe5a62515490da8c7b347a4aa88f9.jpg | https://cdn.shopify.com/s/files/1/2337/7003/files/20260618080349-c20e641e4b594674-media_image-2dcf785e80684225b694e5120e561100.jpg | https://cdn.shopify.com/s/files/1/2337/7003/files/20260618080340-16b3cce592d7426b-media_image-95a3d766f9e344f0a15de0e6c2644f2b.jpg | https://cdn.shopify.com/s/files/1/2337/7003/files/20260618080442-6f7d97c48ce64505-media_image-e91744d41736425fbe85847334a5ac69.jpg,https://cdn.shopify.com/s/files/1/2337/7003/files/20260618080421-b527e751c5cb4c73-media_image-99e191ae09fc407b93ca4c9561860f5b.jpg | https://cdn.shopify.com/s/files/1/2337/7003/files/20260618080340-cbe0336d64844feb-media_image-5fd20e0ed20c43808f4b63e4be98c5ff.jpg | https://cdn.shopify.com/s/files/1/2337/7003/files/20260618080401-481e30af32264846-media_image-75fd0b36b2bf45668cbaac5953ac507a.jpg | https://cdn.shopify.com/s/files/1/2337/7003/files/20260618080340-33a4e0aa0fb64c08-media_image-3350087721f44e589b494b0b06a1db17.jpg | https://cdn.shopify.com/s/files/1/2337/7003/files/20260618080401-4162b030ec65459a-media_image-ec7fe5a62515490da8c7b347a4aa88f9.jpg | https://cdn.shopify.com/s/files/1/2337/7003/files/20260618080349-c20e641e4b594674-media_image-2dcf785e80684225b694e5120e561100.jpg | https://cdn.shopify.com/s/files/1/2337/7003/files/20260618080340-16b3cce592d7426b-media_image-95a3d766f9e344f0a15de0e6c2644f2b.jpg | https://cdn.shopify.com/s/files/1/2337/7003/files/20260618080442-6f7d97c48ce64505-media_image-e91744d41736425fbe85847334a5ac69.jpg,Pure Chiffon & Silk,"Handcrafted Zardozi, Tilla & Fine Resham","3-Piece (Shirt, Trouser, Dupatta)",0 to 2 Weeks,Stitched,FALSE,FALSE,FALSE,"Exquisite handcrafted Gulal Festive Drop ensemble from Haseens Official. Masterfully tailored with generational Pakistani artistry, premium pure fabrics, and delicate celebratory motifs."
has-051,Shahzadi,Festive Drops,Gulal Drop,Spring Garden Florals,Gulal Festive Drop,22400,,https://cdn.shopify.com/s/files/1/2337/7003/files/20260618083348-426175c81c244f98-media_image-1bcf6740696046c7b7bd6b74e410b707.jpg,https://cdn.shopify.com/s/files/1/2337/7003/files/20260618083348-ad97b36004c449ba-media_image-e29e5ebe55584d91a9636efa59057654.jpg,https://cdn.shopify.com/s/files/1/2337/7003/files/20260618083408-bdde5762fb13464e-media_image-8ae97cdd24e94baa91b56ce267a26ad1.jpg,https://cdn.shopify.com/s/files/1/2337/7003/files/20260618083409-ca21ff48f85a45bd-media_image-5775784ffef046aa8c68c1b3943bae4e.jpg,https://cdn.shopify.com/s/files/1/2337/7003/files/20260618083409-7fc54d87d0774b27-media_image-24f9cf46b69b4d11bff78f535339fa47.jpg | https://cdn.shopify.com/s/files/1/2337/7003/files/20260618083449-f6f6d59437074cb8-media_image-2fef1bce86fb43879a021c010185b9ac.jpg | https://cdn.shopify.com/s/files/1/2337/7003/files/20260618083429-783da2e4a80b4f83-media_image-fa4878cc46974b2db3425b229cbd52c5.jpg | https://cdn.shopify.com/s/files/1/2337/7003/files/20260618083429-b497f990437e4526-media_image-1ccea17c6fe24253beef9814780b4621.jpg,https://cdn.shopify.com/s/files/1/2337/7003/files/20260618083348-426175c81c244f98-media_image-1bcf6740696046c7b7bd6b74e410b707.jpg | https://cdn.shopify.com/s/files/1/2337/7003/files/20260618083348-ad97b36004c449ba-media_image-e29e5ebe55584d91a9636efa59057654.jpg | https://cdn.shopify.com/s/files/1/2337/7003/files/20260618083408-bdde5762fb13464e-media_image-8ae97cdd24e94baa91b56ce267a26ad1.jpg | https://cdn.shopify.com/s/files/1/2337/7003/files/20260618083409-ca21ff48f85a45bd-media_image-5775784ffef046aa8c68c1b3943bae4e.jpg | https://cdn.shopify.com/s/files/1/2337/7003/files/20260618083409-7fc54d87d0774b27-media_image-24f9cf46b69b4d11bff78f535339fa47.jpg | https://cdn.shopify.com/s/files/1/2337/7003/files/20260618083449-f6f6d59437074cb8-media_image-2fef1bce86fb43879a021c010185b9ac.jpg | https://cdn.shopify.com/s/files/1/2337/7003/files/20260618083429-783da2e4a80b4f83-media_image-fa4878cc46974b2db3425b229cbd52c5.jpg | https://cdn.shopify.com/s/files/1/2337/7003/files/20260618083429-b497f990437e4526-media_image-1ccea17c6fe24253beef9814780b4621.jpg,Pure Chiffon & Silk,"Handcrafted Zardozi, Tilla & Fine Resham","3-Piece (Shirt, Trouser, Dupatta)",0 to 2 Weeks,Stitched,TRUE,FALSE,FALSE,"Exquisite handcrafted Gulal Festive Drop ensemble from Haseens Official. Masterfully tailored with generational Pakistani artistry, premium pure fabrics, and delicate celebratory motifs."
has-052,Mahroza,Festive Drops,Gulal Drop,Spring Garden Florals,Gulal Festive Drop,15200,,https://cdn.shopify.com/s/files/1/2337/7003/files/20260618080218-c05f40f49534470f-media_image-22df03715851474a948b7b890bfcf59e.jpg,https://cdn.shopify.com/s/files/1/2337/7003/files/20260618080218-379014a9a26b4c50-media_image-273c130ea0934eab8a6cd82ddbea3c35.jpg,https://cdn.shopify.com/s/files/1/2337/7003/files/20260618080238-5301fd0918794148-media_image-bc31811fc0134101b89bf711af31d714.jpg,https://cdn.shopify.com/s/files/1/2337/7003/files/20260618080238-5aadbb6295c04aff-media_image-c7513b8683b84bdba680af521574a6a5.jpg,https://cdn.shopify.com/s/files/1/2337/7003/files/20260618080218-79dc408dd5c0424c-media_image-f00be506103b4964a2025013a66300cf.jpg | https://cdn.shopify.com/s/files/1/2337/7003/files/20260618080259-33b7bc2dc1cc4369-media_image-60220c6f3b1a4643a3b405d907c4302d.jpg | https://cdn.shopify.com/s/files/1/2337/7003/files/20260618080218-4e81d83fa59e4900-media_image-6da4f20d18204ed2bb8ac45be5638edf.jpg | https://cdn.shopify.com/s/files/1/2337/7003/files/20260618080238-7f65db4280764e8d-media_image-e04ba747188a46428eab74afbaee92ef.jpg,https://cdn.shopify.com/s/files/1/2337/7003/files/20260618080218-c05f40f49534470f-media_image-22df03715851474a948b7b890bfcf59e.jpg | https://cdn.shopify.com/s/files/1/2337/7003/files/20260618080218-379014a9a26b4c50-media_image-273c130ea0934eab8a6cd82ddbea3c35.jpg | https://cdn.shopify.com/s/files/1/2337/7003/files/20260618080238-5301fd0918794148-media_image-bc31811fc0134101b89bf711af31d714.jpg | https://cdn.shopify.com/s/files/1/2337/7003/files/20260618080238-5aadbb6295c04aff-media_image-c7513b8683b84bdba680af521574a6a5.jpg | https://cdn.shopify.com/s/files/1/2337/7003/files/20260618080218-79dc408dd5c0424c-media_image-f00be506103b4964a2025013a66300cf.jpg | https://cdn.shopify.com/s/files/1/2337/7003/files/20260618080259-33b7bc2dc1cc4369-media_image-60220c6f3b1a4643a3b405d907c4302d.jpg | https://cdn.shopify.com/s/files/1/2337/7003/files/20260618080218-4e81d83fa59e4900-media_image-6da4f20d18204ed2bb8ac45be5638edf.jpg | https://cdn.shopify.com/s/files/1/2337/7003/files/20260618080238-7f65db4280764e8d-media_image-e04ba747188a46428eab74afbaee92ef.jpg,Pure Chiffon & Silk,"Handcrafted Zardozi, Tilla & Fine Resham","3-Piece (Shirt, Trouser, Dupatta)",0 to 2 Weeks,Stitched,FALSE,FALSE,TRUE,"Exquisite handcrafted Gulal Festive Drop ensemble from Haseens Official. Masterfully tailored with generational Pakistani artistry, premium pure fabrics, and delicate celebratory motifs."
has-053,Aroha,Festive Drops,Gulal Drop,Spring Garden Florals,Gulal Festive Drop,14000,,https://cdn.shopify.com/s/files/1/2337/7003/files/20260618080523-8e072949bb694da6-media_image-57b70ec668b04dfd9c949b8f9df37172.jpg,https://cdn.shopify.com/s/files/1/2337/7003/files/20260618080456-920088c80e474ea1-media_image-f9f9d3752bd3424486f7f7289e569cbb.jpg,https://cdn.shopify.com/s/files/1/2337/7003/files/20260618080604-5486ba13995746b9-media_image-a455eb8fe2ba46aeb1c8fc25af4dfdaf.jpg,https://cdn.shopify.com/s/files/1/2337/7003/files/20260618080544-e13f4ec0ea154327-media_image-dce12bbc01e1410f946f13d8cc31fe61.jpg,https://cdn.shopify.com/s/files/1/2337/7003/files/20260618080442-6a618f8fc26e43aa-media_image-9650a496d4884320ae30b7f0b6cef70c.jpg | https://cdn.shopify.com/s/files/1/2337/7003/files/20260618080503-5d24bb384ca74332-media_image-b2ebc41e895340d7a5158aff24d9f45c.jpg | https://cdn.shopify.com/s/files/1/2337/7003/files/20260618080501-b646eaf4e62641bf-media_image-a41221f55df547cb8d295013b9755392.jpg | https://cdn.shopify.com/s/files/1/2337/7003/files/20260618080521-2f51f524792e4fc7-media_image-614fed86eb8144ccb3313da270f0a530.jpg,https://cdn.shopify.com/s/files/1/2337/7003/files/20260618080523-8e072949bb694da6-media_image-57b70ec668b04dfd9c949b8f9df37172.jpg | https://cdn.shopify.com/s/files/1/2337/7003/files/20260618080456-920088c80e474ea1-media_image-f9f9d3752bd3424486f7f7289e569cbb.jpg | https://cdn.shopify.com/s/files/1/2337/7003/files/20260618080604-5486ba13995746b9-media_image-a455eb8fe2ba46aeb1c8fc25af4dfdaf.jpg | https://cdn.shopify.com/s/files/1/2337/7003/files/20260618080544-e13f4ec0ea154327-media_image-dce12bbc01e1410f946f13d8cc31fe61.jpg | https://cdn.shopify.com/s/files/1/2337/7003/files/20260618080442-6a618f8fc26e43aa-media_image-9650a496d4884320ae30b7f0b6cef70c.jpg | https://cdn.shopify.com/s/files/1/2337/7003/files/20260618080503-5d24bb384ca74332-media_image-b2ebc41e895340d7a5158aff24d9f45c.jpg | https://cdn.shopify.com/s/files/1/2337/7003/files/20260618080501-b646eaf4e62641bf-media_image-a41221f55df547cb8d295013b9755392.jpg | https://cdn.shopify.com/s/files/1/2337/7003/files/20260618080521-2f51f524792e4fc7-media_image-614fed86eb8144ccb3313da270f0a530.jpg,Pure Chiffon & Silk,"Handcrafted Zardozi, Tilla & Fine Resham","3-Piece (Shirt, Trouser, Dupatta)",ReadyToShip,Stitched,FALSE,TRUE,FALSE,"Exquisite handcrafted Gulal Festive Drop ensemble from Haseens Official. Masterfully tailored with generational Pakistani artistry, premium pure fabrics, and delicate celebratory motifs."
has-054,Naazish,Festive Drops,Gulal Drop,Spring Garden Florals,Gulal Festive Drop,19200,,https://cdn.shopify.com/s/files/1/2337/7003/files/20260618085803-d269774beae344f4-media_image-51b394f5cc8647ae895a7445af1ec445.jpg,https://cdn.shopify.com/s/files/1/2337/7003/files/20260618085804-9397ed43139548fd-media_image-4e3c2a64471d4e2b9082ca51d1741b36.jpg,https://cdn.shopify.com/s/files/1/2337/7003/files/20260618085824-e15a5c49ab87457f-media_image-30a384eeec14475d8c3e91d6ddba9f9c.jpg,https://cdn.shopify.com/s/files/1/2337/7003/files/20260618085844-ae694c98f34f44b7-media_image-3fba15dae4a64ecba5c4511c39907714.jpg,https://cdn.shopify.com/s/files/1/2337/7003/files/20260618085804-377c9c6a364d4440-media_image-a8a44caaa1c24d3584dae1791288f0d2.jpg | https://cdn.shopify.com/s/files/1/2337/7003/files/20260618085824-b23eb7947b0044b9-media_image-d79da2f78c12460dae407de9c32e626a.jpg | https://cdn.shopify.com/s/files/1/2337/7003/files/20260618085824-3c7eacc3b29c4886-media_image-73e5a88bd1f14074ab0a80c2c7d626fa.jpg | https://cdn.shopify.com/s/files/1/2337/7003/files/20260618085825-293ba7ceb2d54cb3-media_image-7ddabbdb18a84a6490a341d9a0600d1b.jpg | https://cdn.shopify.com/s/files/1/2337/7003/files/20260618085803-4bd66a5f69de43a8-media_image-55717770a7f1473085cc8c573c92f07f.jpg | https://cdn.shopify.com/s/files/1/2337/7003/files/20260618085803-00e3e2494b1344bd-media_image-a9352a53b16a4e4c84c0c634067e96eb.jpg,https://cdn.shopify.com/s/files/1/2337/7003/files/20260618085803-d269774beae344f4-media_image-51b394f5cc8647ae895a7445af1ec445.jpg | https://cdn.shopify.com/s/files/1/2337/7003/files/20260618085804-9397ed43139548fd-media_image-4e3c2a64471d4e2b9082ca51d1741b36.jpg | https://cdn.shopify.com/s/files/1/2337/7003/files/20260618085824-e15a5c49ab87457f-media_image-30a384eeec14475d8c3e91d6ddba9f9c.jpg | https://cdn.shopify.com/s/files/1/2337/7003/files/20260618085844-ae694c98f34f44b7-media_image-3fba15dae4a64ecba5c4511c39907714.jpg | https://cdn.shopify.com/s/files/1/2337/7003/files/20260618085804-377c9c6a364d4440-media_image-a8a44caaa1c24d3584dae1791288f0d2.jpg | https://cdn.shopify.com/s/files/1/2337/7003/files/20260618085824-b23eb7947b0044b9-media_image-d79da2f78c12460dae407de9c32e626a.jpg | https://cdn.shopify.com/s/files/1/2337/7003/files/20260618085824-3c7eacc3b29c4886-media_image-73e5a88bd1f14074ab0a80c2c7d626fa.jpg | https://cdn.shopify.com/s/files/1/2337/7003/files/20260618085825-293ba7ceb2d54cb3-media_image-7ddabbdb18a84a6490a341d9a0600d1b.jpg | https://cdn.shopify.com/s/files/1/2337/7003/files/20260618085803-4bd66a5f69de43a8-media_image-55717770a7f1473085cc8c573c92f07f.jpg | https://cdn.shopify.com/s/files/1/2337/7003/files/20260618085803-00e3e2494b1344bd-media_image-a9352a53b16a4e4c84c0c634067e96eb.jpg,Pure Chiffon & Silk,"Handcrafted Zardozi, Tilla & Fine Resham","3-Piece (Shirt, Trouser, Dupatta)",0 to 2 Weeks,Stitched,FALSE,FALSE,FALSE,"Exquisite handcrafted Gulal Festive Drop ensemble from Haseens Official. Masterfully tailored with generational Pakistani artistry, premium pure fabrics, and delicate celebratory motifs."
has-055,Zarqam,Festive Drops,Gulal Drop,Spring Garden Florals,Gulal Festive Drop,13300,,https://cdn.shopify.com/s/files/1/2337/7003/files/20260618080247-71af74b9d8a446db-media_image-c68a76a010104a558c0dd93ab545177e.jpg,https://cdn.shopify.com/s/files/1/2337/7003/files/20260618080247-330deb03562d4d4e-media_image-c28f41d2afa3470fbae2f4fb4ee7ebf3.jpg,https://cdn.shopify.com/s/files/1/2337/7003/files/20260618080349-25bc0d477f7f410b-media_image-ac0606a9d194452392d625fbc15d4963.jpg,https://cdn.shopify.com/s/files/1/2337/7003/files/20260618080338-e65a6b9953ec4544-media_image-9f3a899e840c4d6da928de179706d32c.jpg,https://cdn.shopify.com/s/files/1/2337/7003/files/20260618080308-b8f90d07562c4495-media_image-ad3ccea9e2be4263ade3697048a51025.jpg | https://cdn.shopify.com/s/files/1/2337/7003/files/20260618080308-891d38f08e1a4120-media_image-bc5999ef5ac84b68aa39ac06ab102910.jpg | https://cdn.shopify.com/s/files/1/2337/7003/files/20260618080328-4f1b9db17f4549ff-media_image-9eeb2d7820e5405d904f1bc0f12fbba8.jpg | https://cdn.shopify.com/s/files/1/2337/7003/files/20260618080430-7cd575d30d694527-media_image-47fe626ebe60487b837abff5704f870c.jpg | https://cdn.shopify.com/s/files/1/2337/7003/files/20260618080328-9a6499b3d6fb4fbc-media_image-70c3cc9a522f48e1976b0dc83e950438.jpg | https://cdn.shopify.com/s/files/1/2337/7003/files/20260618080409-9cb77c6674d2457d-media_image-f8e8cc69ce15468f8ad82800dffd2b33.jpg,https://cdn.shopify.com/s/files/1/2337/7003/files/20260618080247-71af74b9d8a446db-media_image-c68a76a010104a558c0dd93ab545177e.jpg | https://cdn.shopify.com/s/files/1/2337/7003/files/20260618080247-330deb03562d4d4e-media_image-c28f41d2afa3470fbae2f4fb4ee7ebf3.jpg | https://cdn.shopify.com/s/files/1/2337/7003/files/20260618080349-25bc0d477f7f410b-media_image-ac0606a9d194452392d625fbc15d4963.jpg | https://cdn.shopify.com/s/files/1/2337/7003/files/20260618080338-e65a6b9953ec4544-media_image-9f3a899e840c4d6da928de179706d32c.jpg | https://cdn.shopify.com/s/files/1/2337/7003/files/20260618080308-b8f90d07562c4495-media_image-ad3ccea9e2be4263ade3697048a51025.jpg | https://cdn.shopify.com/s/files/1/2337/7003/files/20260618080308-891d38f08e1a4120-media_image-bc5999ef5ac84b68aa39ac06ab102910.jpg | https://cdn.shopify.com/s/files/1/2337/7003/files/20260618080328-4f1b9db17f4549ff-media_image-9eeb2d7820e5405d904f1bc0f12fbba8.jpg | https://cdn.shopify.com/s/files/1/2337/7003/files/20260618080430-7cd575d30d694527-media_image-47fe626ebe60487b837abff5704f870c.jpg | https://cdn.shopify.com/s/files/1/2337/7003/files/20260618080328-9a6499b3d6fb4fbc-media_image-70c3cc9a522f48e1976b0dc83e950438.jpg | https://cdn.shopify.com/s/files/1/2337/7003/files/20260618080409-9cb77c6674d2457d-media_image-f8e8cc69ce15468f8ad82800dffd2b33.jpg,Pure Chiffon & Silk,"Handcrafted Zardozi, Tilla & Fine Resham","3-Piece (Shirt, Trouser, Dupatta)",0 to 2 Weeks,Stitched,FALSE,FALSE,TRUE,"Exquisite handcrafted Gulal Festive Drop ensemble from Haseens Official. Masterfully tailored with generational Pakistani artistry, premium pure fabrics, and delicate celebratory motifs."
has-056,Gulzaib,Festive Drops,Gulal Drop,Spring Garden Florals,Gulal Festive Drop,14000,,https://cdn.shopify.com/s/files/1/2337/7003/files/20260618080502-f1c3e5ae932641ae-media_image-0dcabc7422ee4090b46478a03079bfa0.jpg,https://cdn.shopify.com/s/files/1/2337/7003/files/20260618080409-6be30576af984d5e-media_image-98058d6e860b4958ae53ab5c4ad1616d.jpg,https://cdn.shopify.com/s/files/1/2337/7003/files/20260618080409-97943f904a964e23-media_image-76affbdfe5a948448ce05fe54c880e52.jpg,https://cdn.shopify.com/s/files/1/2337/7003/files/20260618080430-11c6ff04a5204dc9-media_image-29389ee55be642a0a62d9b00473071b3.jpg,https://cdn.shopify.com/s/files/1/2337/7003/files/20260618080409-be4cd9cbc5fa43a6-media_image-63dbbdf6680a44a0ae7b6a8114957a52.jpg | https://cdn.shopify.com/s/files/1/2337/7003/files/20260618080511-9cce7462523449ae-media_image-6a689a8eca214bd4a57b853536472549.jpg | https://cdn.shopify.com/s/files/1/2337/7003/files/20260618080429-67de2398bad44918-media_image-c0ab41333d974e7cb1ae7fb0ef0de128.jpg | https://cdn.shopify.com/s/files/1/2337/7003/files/20260618080450-ce8bb265183a4084-media_image-4e517fb44899437aab366b96c78fbc1e.jpg | https://cdn.shopify.com/s/files/1/2337/7003/files/20260618080450-e6d9cc18e08c40b7-media_image-91c0ec1d6f3044c19290af022d1ac466.jpg,https://cdn.shopify.com/s/files/1/2337/7003/files/20260618080502-f1c3e5ae932641ae-media_image-0dcabc7422ee4090b46478a03079bfa0.jpg | https://cdn.shopify.com/s/files/1/2337/7003/files/20260618080409-6be30576af984d5e-media_image-98058d6e860b4958ae53ab5c4ad1616d.jpg | https://cdn.shopify.com/s/files/1/2337/7003/files/20260618080409-97943f904a964e23-media_image-76affbdfe5a948448ce05fe54c880e52.jpg | https://cdn.shopify.com/s/files/1/2337/7003/files/20260618080430-11c6ff04a5204dc9-media_image-29389ee55be642a0a62d9b00473071b3.jpg | https://cdn.shopify.com/s/files/1/2337/7003/files/20260618080409-be4cd9cbc5fa43a6-media_image-63dbbdf6680a44a0ae7b6a8114957a52.jpg | https://cdn.shopify.com/s/files/1/2337/7003/files/20260618080511-9cce7462523449ae-media_image-6a689a8eca214bd4a57b853536472549.jpg | https://cdn.shopify.com/s/files/1/2337/7003/files/20260618080429-67de2398bad44918-media_image-c0ab41333d974e7cb1ae7fb0ef0de128.jpg | https://cdn.shopify.com/s/files/1/2337/7003/files/20260618080450-ce8bb265183a4084-media_image-4e517fb44899437aab366b96c78fbc1e.jpg | https://cdn.shopify.com/s/files/1/2337/7003/files/20260618080450-e6d9cc18e08c40b7-media_image-91c0ec1d6f3044c19290af022d1ac466.jpg,Pure Chiffon & Silk,"Handcrafted Zardozi, Tilla & Fine Resham","3-Piece (Shirt, Trouser, Dupatta)",ReadyToShip,Stitched,TRUE,FALSE,FALSE,"Exquisite handcrafted Gulal Festive Drop ensemble from Haseens Official. Masterfully tailored with generational Pakistani artistry, premium pure fabrics, and delicate celebratory motifs."
has-057,Afsheen,Festive Drops,Gulal Drop,Spring Garden Florals,Gulal Festive Drop,15050,,https://cdn.shopify.com/s/files/1/2337/7003/files/20260618083437-ab2243638de64424-media_image-11554223a0c94746ac973078b220521a.jpg,https://cdn.shopify.com/s/files/1/2337/7003/files/20260618083438-94e947d217424790-media_image-80bb85a0ffc3427d98c02d00b561ab5d.jpg,https://cdn.shopify.com/s/files/1/2337/7003/files/20260618083440-5b147de9f8a84119-media_image-0b446c18b57c44608315a32149018476.jpg,https://cdn.shopify.com/s/files/1/2337/7003/files/20260618083519-7a59cff355f14132-media_image-bf0b1be486744125bd917bc66111f500.jpg,https://cdn.shopify.com/s/files/1/2337/7003/files/20260618083539-1cf575836f314f23-media_image-0e2e62bfb1f9463196d4cc1d136e48fe.jpg | https://cdn.shopify.com/s/files/1/2337/7003/files/20260618083458-8a243a46466e41df-media_image-d85cb64a58a648ad9065dbe2b6b252e4.jpg | https://cdn.shopify.com/s/files/1/2337/7003/files/20260618083519-7781e8eaefee44a6-media_image-7dec27739cac40e8884d3d557ba51ac2.jpg | https://cdn.shopify.com/s/files/1/2337/7003/files/20260618083458-6e357251d4eb4db1-media_image-7f53b937491e4415a4dd046aa59930fa.jpg,https://cdn.shopify.com/s/files/1/2337/7003/files/20260618083437-ab2243638de64424-media_image-11554223a0c94746ac973078b220521a.jpg | https://cdn.shopify.com/s/files/1/2337/7003/files/20260618083438-94e947d217424790-media_image-80bb85a0ffc3427d98c02d00b561ab5d.jpg | https://cdn.shopify.com/s/files/1/2337/7003/files/20260618083440-5b147de9f8a84119-media_image-0b446c18b57c44608315a32149018476.jpg | https://cdn.shopify.com/s/files/1/2337/7003/files/20260618083519-7a59cff355f14132-media_image-bf0b1be486744125bd917bc66111f500.jpg | https://cdn.shopify.com/s/files/1/2337/7003/files/20260618083539-1cf575836f314f23-media_image-0e2e62bfb1f9463196d4cc1d136e48fe.jpg | https://cdn.shopify.com/s/files/1/2337/7003/files/20260618083458-8a243a46466e41df-media_image-d85cb64a58a648ad9065dbe2b6b252e4.jpg | https://cdn.shopify.com/s/files/1/2337/7003/files/20260618083519-7781e8eaefee44a6-media_image-7dec27739cac40e8884d3d557ba51ac2.jpg | https://cdn.shopify.com/s/files/1/2337/7003/files/20260618083458-6e357251d4eb4db1-media_image-7f53b937491e4415a4dd046aa59930fa.jpg,Pure Chiffon & Silk,"Handcrafted Zardozi, Tilla & Fine Resham","3-Piece (Shirt, Trouser, Dupatta)",0 to 2 Weeks,Stitched,FALSE,TRUE,FALSE,"Exquisite handcrafted Gulal Festive Drop ensemble from Haseens Official. Masterfully tailored with generational Pakistani artistry, premium pure fabrics, and delicate celebratory motifs."
has-058,Gulrang,Festive Drops,Gulal Drop,Spring Garden Florals,Gulal Festive Drop,15050,,https://cdn.shopify.com/s/files/1/2337/7003/files/20260618084539-91950b2724b64d84-media_image-ba14b99780c44242b3ce2e62b9134e2d.jpg,https://cdn.shopify.com/s/files/1/2337/7003/files/20260618084539-e5e6b0aa87204cbc-media_image-cb5b6f9521804517a7c08ce3764e419d.jpg,https://cdn.shopify.com/s/files/1/2337/7003/files/20260618084600-93e368a9e9ad45d3-media_image-a8fac51f67cc4a469630cfdb26009e2e.jpg,https://cdn.shopify.com/s/files/1/2337/7003/files/20260618084538-e2c459e131d74ffb-media_image-a45abb26b95e4b759ee9478ac338540d.jpg,https://cdn.shopify.com/s/files/1/2337/7003/files/20260618084620-e882b40e74de4c44-media_image-77872239745a4a089d247c3ef7f26ce2.jpg | https://cdn.shopify.com/s/files/1/2337/7003/files/20260618084539-8709ed58a1d948b0-media_image-c19890f2de6244349a1e4759fad7180c.jpg | https://cdn.shopify.com/s/files/1/2337/7003/files/20260618084539-5ef16087ff6b4742-media_image-28f1e86ad9bb457eaa39622dbe85e233.jpg | https://cdn.shopify.com/s/files/1/2337/7003/files/20260618084600-3fcf46d841054d32-media_image-2946f5f5e0804f3e88e55ac6f5f98fab.jpg | https://cdn.shopify.com/s/files/1/2337/7003/files/20260618084539-abd6eff4222d43ae-media_image-9c935ba313d942f4ab25a4d3412c1430.jpg | https://cdn.shopify.com/s/files/1/2337/7003/files/20260618084539-a29577e4e3494808-media_image-9b010cc985614db8ac75e114e1f31437.jpg,https://cdn.shopify.com/s/files/1/2337/7003/files/20260618084539-91950b2724b64d84-media_image-ba14b99780c44242b3ce2e62b9134e2d.jpg | https://cdn.shopify.com/s/files/1/2337/7003/files/20260618084539-e5e6b0aa87204cbc-media_image-cb5b6f9521804517a7c08ce3764e419d.jpg | https://cdn.shopify.com/s/files/1/2337/7003/files/20260618084600-93e368a9e9ad45d3-media_image-a8fac51f67cc4a469630cfdb26009e2e.jpg | https://cdn.shopify.com/s/files/1/2337/7003/files/20260618084538-e2c459e131d74ffb-media_image-a45abb26b95e4b759ee9478ac338540d.jpg | https://cdn.shopify.com/s/files/1/2337/7003/files/20260618084620-e882b40e74de4c44-media_image-77872239745a4a089d247c3ef7f26ce2.jpg | https://cdn.shopify.com/s/files/1/2337/7003/files/20260618084539-8709ed58a1d948b0-media_image-c19890f2de6244349a1e4759fad7180c.jpg | https://cdn.shopify.com/s/files/1/2337/7003/files/20260618084539-5ef16087ff6b4742-media_image-28f1e86ad9bb457eaa39622dbe85e233.jpg | https://cdn.shopify.com/s/files/1/2337/7003/files/20260618084600-3fcf46d841054d32-media_image-2946f5f5e0804f3e88e55ac6f5f98fab.jpg | https://cdn.shopify.com/s/files/1/2337/7003/files/20260618084539-abd6eff4222d43ae-media_image-9c935ba313d942f4ab25a4d3412c1430.jpg | https://cdn.shopify.com/s/files/1/2337/7003/files/20260618084539-a29577e4e3494808-media_image-9b010cc985614db8ac75e114e1f31437.jpg,Pure Chiffon & Silk,"Handcrafted Zardozi, Tilla & Fine Resham","3-Piece (Shirt, Trouser, Dupatta)",ReadyToShip,Stitched,FALSE,FALSE,TRUE,"Exquisite handcrafted Gulal Festive Drop ensemble from Haseens Official. Masterfully tailored with generational Pakistani artistry, premium pure fabrics, and delicate celebratory motifs."
has-059,Mehrun,Festive Drops,Gulal Drop,Spring Garden Florals,Gulal Festive Drop,15050,,https://cdn.shopify.com/s/files/1/2337/7003/files/20260618083236-38a808e32c374ba9-media_image-cac81bba77ca447d92e812a39612776e.jpg,https://cdn.shopify.com/s/files/1/2337/7003/files/20260618083257-11935beee0144cd1-media_image-4135b3d1c1fa437daa3595cae66adafb.jpg,https://cdn.shopify.com/s/files/1/2337/7003/files/20260618083257-82d5a97197444b99-media_image-a06bcc1c200e4dc9b173d269f0a16137.jpg,https://cdn.shopify.com/s/files/1/2337/7003/files/20260618083236-055b8acd45204101-media_image-109b7940c94b4cfdb2862e0a4a0d116e.jpg,https://cdn.shopify.com/s/files/1/2337/7003/files/20260618083236-f5b76f2003784015-media_image-d996481cc9814a1382fd7f6c9ad8a844.jpg | https://cdn.shopify.com/s/files/1/2337/7003/files/20260618083236-a913ba107c3f4c14-media_image-09173f1be3944604a7b5bb49cff34dfc.jpg | https://cdn.shopify.com/s/files/1/2337/7003/files/20260618083236-6f241d26d4404801-media_image-02d1a71a65554fe88ef74a192f38c422.jpg,https://cdn.shopify.com/s/files/1/2337/7003/files/20260618083236-38a808e32c374ba9-media_image-cac81bba77ca447d92e812a39612776e.jpg | https://cdn.shopify.com/s/files/1/2337/7003/files/20260618083257-11935beee0144cd1-media_image-4135b3d1c1fa437daa3595cae66adafb.jpg | https://cdn.shopify.com/s/files/1/2337/7003/files/20260618083257-82d5a97197444b99-media_image-a06bcc1c200e4dc9b173d269f0a16137.jpg | https://cdn.shopify.com/s/files/1/2337/7003/files/20260618083236-055b8acd45204101-media_image-109b7940c94b4cfdb2862e0a4a0d116e.jpg | https://cdn.shopify.com/s/files/1/2337/7003/files/20260618083236-f5b76f2003784015-media_image-d996481cc9814a1382fd7f6c9ad8a844.jpg | https://cdn.shopify.com/s/files/1/2337/7003/files/20260618083236-a913ba107c3f4c14-media_image-09173f1be3944604a7b5bb49cff34dfc.jpg | https://cdn.shopify.com/s/files/1/2337/7003/files/20260618083236-6f241d26d4404801-media_image-02d1a71a65554fe88ef74a192f38c422.jpg,Pure Chiffon & Silk,"Handcrafted Zardozi, Tilla & Fine Resham","3-Piece (Shirt, Trouser, Dupatta)",0 to 2 Weeks,Stitched,FALSE,FALSE,FALSE,"Exquisite handcrafted Gulal Festive Drop ensemble from Haseens Official. Masterfully tailored with generational Pakistani artistry, premium pure fabrics, and delicate celebratory motifs."
has-060,Mehnaaz,Promotions & Specials,10.10 Festive Sale,Up to 60% Off Specials,10.10 Festive Sale,16184,20230,https://cdn.shopify.com/s/files/1/2337/7003/files/9e2cadb36342a3f8bcdb7e2261c73d9e_2724e1d6-fa3f-447b-b9a0-21dd289fd1e9.jpg?v=1754743104,https://cdn.shopify.com/s/files/1/2337/7003/files/9e2cadb36342a3f8bcdb7e2261c73d9e_2724e1d6-fa3f-447b-b9a0-21dd289fd1e9.jpg,https://cdn.shopify.com/s/files/1/2337/7003/files/5b8bfe155556aba34da317d433c2f846_4b981b9c-813d-476b-ba47-5d3ff65e3ccf.jpg,https://cdn.shopify.com/s/files/1/2337/7003/files/5742acba7f10c963ef7f1b0208bf469f_7eba6805-af7e-48c5-b12a-42cdb8d83ab8.jpg,https://cdn.shopify.com/s/files/1/2337/7003/files/ca9bf08f2f7aed63835528d1b978aa28_34882ec9-d728-4e84-a096-0516f239d4b6.jpg | https://cdn.shopify.com/s/files/1/2337/7003/files/fedb6580074596e30d2df9b545f41fb3_1d979d89-63c7-4548-a154-75172d8e2b7b.jpg | https://cdn.shopify.com/s/files/1/2337/7003/files/e876a564e905277e7ff7c8f8039f8bcf_92c042fb-a162-435c-a05b-b67afcf239d9.jpg | https://cdn.shopify.com/s/files/1/2337/7003/files/4d0bd18f47437263fa693164e16ab578_5d9e3563-e83a-41ce-b918-dc4de6a20a9e.jpg | https://cdn.shopify.com/s/files/1/2337/7003/files/9b336a42bf213f7113522112bd5c6c56_38e2206f-3cdd-4e51-94dd-800190753e3c.jpg | https://cdn.shopify.com/s/files/1/2337/7003/files/fb0a6cd59214288948b7ff719b8da81d_23ed4246-7ed8-4570-8519-e880aafdeaf3.jpg | https://cdn.shopify.com/s/files/1/2337/7003/files/d30811efb5d3c8eaf63894f78105491c_f80b8c59-62f1-46fd-ae0f-401465e25325.jpg | https://cdn.shopify.com/s/files/1/2337/7003/files/03eb961e94ebdc4fba958fa7056acc0b_66ed3aff-0069-40de-8a7c-dbf59c21ac47.jpg | https://cdn.shopify.com/s/files/1/2337/7003/files/d53c746ac27732096a84aeb3fbf1fec9_471b4282-cb7b-4fc1-95ec-6665ce24d5f3.jpg | https://cdn.shopify.com/s/files/1/2337/7003/files/c1fe80cd072b3e6a969a038734edca58_d3921fb0-837c-44e7-8bc0-aff873150cee.jpg | https://cdn.shopify.com/s/files/1/2337/7003/files/e32d36721cc615eb91afc678f874e4bd_f62a4485-425b-4390-9746-96152c218bc8.jpg,https://cdn.shopify.com/s/files/1/2337/7003/files/9e2cadb36342a3f8bcdb7e2261c73d9e_2724e1d6-fa3f-447b-b9a0-21dd289fd1e9.jpg?v=1754743104 | https://cdn.shopify.com/s/files/1/2337/7003/files/9e2cadb36342a3f8bcdb7e2261c73d9e_2724e1d6-fa3f-447b-b9a0-21dd289fd1e9.jpg | https://cdn.shopify.com/s/files/1/2337/7003/files/5b8bfe155556aba34da317d433c2f846_4b981b9c-813d-476b-ba47-5d3ff65e3ccf.jpg | https://cdn.shopify.com/s/files/1/2337/7003/files/5742acba7f10c963ef7f1b0208bf469f_7eba6805-af7e-48c5-b12a-42cdb8d83ab8.jpg | https://cdn.shopify.com/s/files/1/2337/7003/files/ca9bf08f2f7aed63835528d1b978aa28_34882ec9-d728-4e84-a096-0516f239d4b6.jpg | https://cdn.shopify.com/s/files/1/2337/7003/files/fedb6580074596e30d2df9b545f41fb3_1d979d89-63c7-4548-a154-75172d8e2b7b.jpg | https://cdn.shopify.com/s/files/1/2337/7003/files/e876a564e905277e7ff7c8f8039f8bcf_92c042fb-a162-435c-a05b-b67afcf239d9.jpg | https://cdn.shopify.com/s/files/1/2337/7003/files/4d0bd18f47437263fa693164e16ab578_5d9e3563-e83a-41ce-b918-dc4de6a20a9e.jpg | https://cdn.shopify.com/s/files/1/2337/7003/files/9b336a42bf213f7113522112bd5c6c56_38e2206f-3cdd-4e51-94dd-800190753e3c.jpg | https://cdn.shopify.com/s/files/1/2337/7003/files/fb0a6cd59214288948b7ff719b8da81d_23ed4246-7ed8-4570-8519-e880aafdeaf3.jpg | https://cdn.shopify.com/s/files/1/2337/7003/files/d30811efb5d3c8eaf63894f78105491c_f80b8c59-62f1-46fd-ae0f-401465e25325.jpg | https://cdn.shopify.com/s/files/1/2337/7003/files/03eb961e94ebdc4fba958fa7056acc0b_66ed3aff-0069-40de-8a7c-dbf59c21ac47.jpg | https://cdn.shopify.com/s/files/1/2337/7003/files/d53c746ac27732096a84aeb3fbf1fec9_471b4282-cb7b-4fc1-95ec-6665ce24d5f3.jpg | https://cdn.shopify.com/s/files/1/2337/7003/files/c1fe80cd072b3e6a969a038734edca58_d3921fb0-837c-44e7-8bc0-aff873150cee.jpg | https://cdn.shopify.com/s/files/1/2337/7003/files/e32d36721cc615eb91afc678f874e4bd_f62a4485-425b-4390-9746-96152c218bc8.jpg,Pure Chiffon & Silk,"Handcrafted Zardozi, Tilla & Fine Resham","3-Piece (Shirt, Trouser, Dupatta)",0 to 2 Weeks,Stitched,FALSE,FALSE,FALSE,"Exquisite handcrafted 10.10 Festive Sale ensemble from Haseens Official. Masterfully tailored with generational Pakistani artistry, premium pure fabrics, and delicate celebratory motifs."
has-061,Saba-Khussa,Promotions & Specials,10.10 Festive Sale,Up to 60% Off Specials,10.10 Festive Sale,2632,3290,https://cdn.shopify.com/s/files/1/2337/7003/files/media_image-962aae248ec74235ad1239d9ef3f11d2_c03c0ed1-fdd5-4287-be5b-c4398c9aec4a.jpg?v=1762859300,https://cdn.shopify.com/s/files/1/2337/7003/files/media_image-962aae248ec74235ad1239d9ef3f11d2_c03c0ed1-fdd5-4287-be5b-c4398c9aec4a.jpg,https://cdn.shopify.com/s/files/1/2337/7003/files/media_image-6681c1e92a81412fb916e821e431bb20_b1378352-3ab5-42bd-aa3d-bc77d057d9fd.jpg,https://cdn.shopify.com/s/files/1/2337/7003/files/media_image-59c1291ac7b74be399153f07e64bf203_944fb888-1942-43a9-9ec4-b20c36c79858.jpg,,https://cdn.shopify.com/s/files/1/2337/7003/files/media_image-962aae248ec74235ad1239d9ef3f11d2_c03c0ed1-fdd5-4287-be5b-c4398c9aec4a.jpg?v=1762859300 | https://cdn.shopify.com/s/files/1/2337/7003/files/media_image-962aae248ec74235ad1239d9ef3f11d2_c03c0ed1-fdd5-4287-be5b-c4398c9aec4a.jpg | https://cdn.shopify.com/s/files/1/2337/7003/files/media_image-6681c1e92a81412fb916e821e431bb20_b1378352-3ab5-42bd-aa3d-bc77d057d9fd.jpg | https://cdn.shopify.com/s/files/1/2337/7003/files/media_image-59c1291ac7b74be399153f07e64bf203_944fb888-1942-43a9-9ec4-b20c36c79858.jpg,Pure Chiffon & Silk,"Handcrafted Zardozi, Tilla & Fine Resham","3-Piece (Shirt, Trouser, Dupatta)",0 to 2 Weeks,Stitched,TRUE,TRUE,TRUE,"Exquisite handcrafted 10.10 Festive Sale ensemble from Haseens Official. Masterfully tailored with generational Pakistani artistry, premium pure fabrics, and delicate celebratory motifs."
has-062,Dilafroz,Promotions & Specials,10.10 Festive Sale,Up to 60% Off Specials,10.10 Festive Sale,13760,17200,https://cdn.shopify.com/s/files/1/2337/7003/files/20260410125958-391ed9cf7ab8437a-media_image-175d0dadecb84e01a412f5b800142f15.jpg,https://cdn.shopify.com/s/files/1/2337/7003/files/20260410125958-00d71dbe0e7e4a73-media_image-8afa60b68ad64a2fa3f4aa37ec6b3ca7.jpg,https://cdn.shopify.com/s/files/1/2337/7003/files/20260410130001-7a903f8e7f2a48fc-media_image-a703c4af5379474da31b85e0c28e69f1.jpg,https://cdn.shopify.com/s/files/1/2337/7003/files/20260410125959-0e74cc2190da404b-media_image-3af709d2434a4ca68e10ee3a92546178.jpg,https://cdn.shopify.com/s/files/1/2337/7003/files/20260410125958-37ad2778b91f4943-media_image-544852e539734b2eb80439db1858db7b.jpg | https://cdn.shopify.com/s/files/1/2337/7003/files/20260410125958-07bd85e61e534d00-media_image-9c704ff5ec244bae8e862e0c73dc4862.jpg | https://cdn.shopify.com/s/files/1/2337/7003/files/20260410125959-e6e874f6d63c40db-media_image-87b709c0b8ce47de859adb9585bc4f84.jpg | https://cdn.shopify.com/s/files/1/2337/7003/files/20260410130000-6a9ccdc4941446ca-media_image-a254b8a9f288421c8e876192689a8b4c.jpg | https://cdn.shopify.com/s/files/1/2337/7003/files/20260410130001-4dbd37d0a81241b2-media_image-f9e593a29c904580b65182984990382a.jpg | https://cdn.shopify.com/s/files/1/2337/7003/files/20260410125958-80974f45361d4604-media_image-ca777ca4284b431698bfec3363cb5e45.jpg,https://cdn.shopify.com/s/files/1/2337/7003/files/20260410125958-391ed9cf7ab8437a-media_image-175d0dadecb84e01a412f5b800142f15.jpg | https://cdn.shopify.com/s/files/1/2337/7003/files/20260410125958-00d71dbe0e7e4a73-media_image-8afa60b68ad64a2fa3f4aa37ec6b3ca7.jpg | https://cdn.shopify.com/s/files/1/2337/7003/files/20260410130001-7a903f8e7f2a48fc-media_image-a703c4af5379474da31b85e0c28e69f1.jpg | https://cdn.shopify.com/s/files/1/2337/7003/files/20260410125959-0e74cc2190da404b-media_image-3af709d2434a4ca68e10ee3a92546178.jpg | https://cdn.shopify.com/s/files/1/2337/7003/files/20260410125958-37ad2778b91f4943-media_image-544852e539734b2eb80439db1858db7b.jpg | https://cdn.shopify.com/s/files/1/2337/7003/files/20260410125958-07bd85e61e534d00-media_image-9c704ff5ec244bae8e862e0c73dc4862.jpg | https://cdn.shopify.com/s/files/1/2337/7003/files/20260410125959-e6e874f6d63c40db-media_image-87b709c0b8ce47de859adb9585bc4f84.jpg | https://cdn.shopify.com/s/files/1/2337/7003/files/20260410130000-6a9ccdc4941446ca-media_image-a254b8a9f288421c8e876192689a8b4c.jpg | https://cdn.shopify.com/s/files/1/2337/7003/files/20260410130001-4dbd37d0a81241b2-media_image-f9e593a29c904580b65182984990382a.jpg | https://cdn.shopify.com/s/files/1/2337/7003/files/20260410125958-80974f45361d4604-media_image-ca777ca4284b431698bfec3363cb5e45.jpg,Pure Chiffon & Silk,"Handcrafted Zardozi, Tilla & Fine Resham","3-Piece (Shirt, Trouser, Dupatta)",0 to 2 Weeks,Stitched,FALSE,FALSE,FALSE,"Exquisite handcrafted 10.10 Festive Sale ensemble from Haseens Official. Masterfully tailored with generational Pakistani artistry, premium pure fabrics, and delicate celebratory motifs."
has-063,Alizeh,Promotions & Specials,10.10 Festive Sale,Up to 60% Off Specials,10.10 Festive Sale,13200,16500,https://cdn.shopify.com/s/files/1/2337/7003/files/20260408213746-20577c56bbd045ec-media_image-a67532124c644775a0538badf9bdb98c.jpg,https://cdn.shopify.com/s/files/1/2337/7003/files/20260408213746-4796dcdfe0e348f9-media_image-d27ac5e3169040018deb0b3c1ca64fc0.jpg,https://cdn.shopify.com/s/files/1/2337/7003/files/20260408213746-2624cfd78804467f-media_image-cd971e0f1b3048f29b1f76f67f67aa1c.jpg,https://cdn.shopify.com/s/files/1/2337/7003/files/20260408213745-8da913f2bd24473a-media_image-2df2bbcb67a3403485bc25ccb7f5901c.jpg,https://cdn.shopify.com/s/files/1/2337/7003/files/20260408213742-60d70f15d61f4290-media_image-32672ce8e57448fabca6ee6fa0e111a0.jpg | https://cdn.shopify.com/s/files/1/2337/7003/files/20260408213747-2bf8fdf387234bb1-media_image-23ae4b28c38e41b9ac255fd52687635a.jpg | https://cdn.shopify.com/s/files/1/2337/7003/files/20260408213745-91a9fb106e0a4f39-media_image-e1ca5ba186c74368b9df9f0949621f71.jpg | https://cdn.shopify.com/s/files/1/2337/7003/files/20260408213746-68b817517daf4a01-media_image-439cba1b85024d779ffb4cbf6c4bbd58.jpg | https://cdn.shopify.com/s/files/1/2337/7003/files/20260408213745-8bc410892f474586-media_image-75d9ac7c000f4a1a923ea526751cfe83.jpg | https://cdn.shopify.com/s/files/1/2337/7003/files/20260408213745-e3233459d32344fe-media_image-2be11310523644008554cccbe289fd45.jpg | https://cdn.shopify.com/s/files/1/2337/7003/files/20260408213745-1ddfd897ac614bcd-media_image-7260e47ac9784233b84c1ee459720fb2.jpg,https://cdn.shopify.com/s/files/1/2337/7003/files/20260408213746-20577c56bbd045ec-media_image-a67532124c644775a0538badf9bdb98c.jpg | https://cdn.shopify.com/s/files/1/2337/7003/files/20260408213746-4796dcdfe0e348f9-media_image-d27ac5e3169040018deb0b3c1ca64fc0.jpg | https://cdn.shopify.com/s/files/1/2337/7003/files/20260408213746-2624cfd78804467f-media_image-cd971e0f1b3048f29b1f76f67f67aa1c.jpg | https://cdn.shopify.com/s/files/1/2337/7003/files/20260408213745-8da913f2bd24473a-media_image-2df2bbcb67a3403485bc25ccb7f5901c.jpg | https://cdn.shopify.com/s/files/1/2337/7003/files/20260408213742-60d70f15d61f4290-media_image-32672ce8e57448fabca6ee6fa0e111a0.jpg | https://cdn.shopify.com/s/files/1/2337/7003/files/20260408213747-2bf8fdf387234bb1-media_image-23ae4b28c38e41b9ac255fd52687635a.jpg | https://cdn.shopify.com/s/files/1/2337/7003/files/20260408213745-91a9fb106e0a4f39-media_image-e1ca5ba186c74368b9df9f0949621f71.jpg | https://cdn.shopify.com/s/files/1/2337/7003/files/20260408213746-68b817517daf4a01-media_image-439cba1b85024d779ffb4cbf6c4bbd58.jpg | https://cdn.shopify.com/s/files/1/2337/7003/files/20260408213745-8bc410892f474586-media_image-75d9ac7c000f4a1a923ea526751cfe83.jpg | https://cdn.shopify.com/s/files/1/2337/7003/files/20260408213745-e3233459d32344fe-media_image-2be11310523644008554cccbe289fd45.jpg | https://cdn.shopify.com/s/files/1/2337/7003/files/20260408213745-1ddfd897ac614bcd-media_image-7260e47ac9784233b84c1ee459720fb2.jpg,Pure Chiffon & Silk,"Handcrafted Zardozi, Tilla & Fine Resham","3-Piece (Shirt, Trouser, Dupatta)",0 to 2 Weeks,Stitched,FALSE,FALSE,FALSE,"Exquisite handcrafted 10.10 Festive Sale ensemble from Haseens Official. Masterfully tailored with generational Pakistani artistry, premium pure fabrics, and delicate celebratory motifs."
has-064,Hooriya,Promotions & Specials,10.10 Festive Sale,Up to 60% Off Specials,10.10 Festive Sale,16544,20680,https://cdn.shopify.com/s/files/1/2337/7003/files/cropped_image-172898956317875_ee452425-5350-495b-8ad7-aadcfc4ec49e.jpg?v=1729068489,https://cdn.shopify.com/s/files/1/2337/7003/files/cropped_image-172898956317875_ee452425-5350-495b-8ad7-aadcfc4ec49e.jpg,https://cdn.shopify.com/s/files/1/2337/7003/files/cropped_image-172898956310820_1669f5d0-6947-42fd-9462-f55cdfa17daa.jpg,https://cdn.shopify.com/s/files/1/2337/7003/files/cropped_image-172898962567648_c8665f46-4e92-426f-865f-46eba9199e3b.jpg,https://cdn.shopify.com/s/files/1/2337/7003/files/cropped_image-172898962549656_35ba0a87-ef5d-4399-abd2-8df80c3928b5.jpg | https://cdn.shopify.com/s/files/1/2337/7003/files/ed34e1c2a2a002dc42a800c3628b3197_9ababaac-8b0b-4cff-bc8e-d34cb289ffaf.jpg | https://cdn.shopify.com/s/files/1/2337/7003/files/da04786a2b76f68d77edb0b7343861ae_49ee29fb-4de6-401d-acc4-a8d78d3ac87b.jpg | https://cdn.shopify.com/s/files/1/2337/7003/files/fb56fbff0bcb0a3f37e2eb34b6b4972e_6a5e2906-0865-49f9-920c-0a9cb70ac9e7.jpg | https://cdn.shopify.com/s/files/1/2337/7003/files/2ae6ef7434faf4e8fa83c9dff6fca36d_bc715950-73c0-4af7-959d-17eecbee4c2a.jpg,https://cdn.shopify.com/s/files/1/2337/7003/files/cropped_image-172898956317875_ee452425-5350-495b-8ad7-aadcfc4ec49e.jpg?v=1729068489 | https://cdn.shopify.com/s/files/1/2337/7003/files/cropped_image-172898956317875_ee452425-5350-495b-8ad7-aadcfc4ec49e.jpg | https://cdn.shopify.com/s/files/1/2337/7003/files/cropped_image-172898956310820_1669f5d0-6947-42fd-9462-f55cdfa17daa.jpg | https://cdn.shopify.com/s/files/1/2337/7003/files/cropped_image-172898962567648_c8665f46-4e92-426f-865f-46eba9199e3b.jpg | https://cdn.shopify.com/s/files/1/2337/7003/files/cropped_image-172898962549656_35ba0a87-ef5d-4399-abd2-8df80c3928b5.jpg | https://cdn.shopify.com/s/files/1/2337/7003/files/ed34e1c2a2a002dc42a800c3628b3197_9ababaac-8b0b-4cff-bc8e-d34cb289ffaf.jpg | https://cdn.shopify.com/s/files/1/2337/7003/files/da04786a2b76f68d77edb0b7343861ae_49ee29fb-4de6-401d-acc4-a8d78d3ac87b.jpg | https://cdn.shopify.com/s/files/1/2337/7003/files/fb56fbff0bcb0a3f37e2eb34b6b4972e_6a5e2906-0865-49f9-920c-0a9cb70ac9e7.jpg | https://cdn.shopify.com/s/files/1/2337/7003/files/2ae6ef7434faf4e8fa83c9dff6fca36d_bc715950-73c0-4af7-959d-17eecbee4c2a.jpg,Pure Chiffon & Silk,"Handcrafted Zardozi, Tilla & Fine Resham","3-Piece (Shirt, Trouser, Dupatta)",ReadyToShip,Stitched,FALSE,FALSE,TRUE,"Exquisite handcrafted 10.10 Festive Sale ensemble from Haseens Official. Masterfully tailored with generational Pakistani artistry, premium pure fabrics, and delicate celebratory motifs."
has-065,Anishka,Promotions & Specials,10.10 Festive Sale,Up to 60% Off Specials,10.10 Festive Sale,17200,21500,https://cdn.shopify.com/s/files/1/2337/7003/files/cropped_image-173041931058213_d8a35754-ce0f-4e1f-8043-cdef17fb4fe2.jpg?v=1757399614,https://cdn.shopify.com/s/files/1/2337/7003/files/cropped_image-173041931058213_d8a35754-ce0f-4e1f-8043-cdef17fb4fe2.jpg,https://cdn.shopify.com/s/files/1/2337/7003/files/cropped_image-173041930813864_d216900c-9333-4eca-9406-b0060110041d.jpg,https://cdn.shopify.com/s/files/1/2337/7003/files/cropped_image-173041930982658_8f9e25b8-b36e-446d-9796-6580e4a1f138.jpg,https://cdn.shopify.com/s/files/1/2337/7003/files/cropped_image-173041931030695_2db1bb46-3bb2-412c-bb64-7aed92b5208e.jpg | https://cdn.shopify.com/s/files/1/2337/7003/files/cropped_image-173041931054643_32af3cce-51f6-48e2-8759-8fc55df327a1.jpg | https://cdn.shopify.com/s/files/1/2337/7003/files/cropped_image-173041935740675_a43e4e6a-e98d-4844-8f58-ac9bf595149c.jpg | https://cdn.shopify.com/s/files/1/2337/7003/files/cropped_image-173041935716342_b2313e2d-8ba1-4fe8-9fef-cd2dba60e8dc.jpg | https://cdn.shopify.com/s/files/1/2337/7003/files/cropped_image-173041935736312_f2e519ea-48c3-44f0-bcf1-c13e39a30c72.jpg,https://cdn.shopify.com/s/files/1/2337/7003/files/cropped_image-173041931058213_d8a35754-ce0f-4e1f-8043-cdef17fb4fe2.jpg?v=1757399614 | https://cdn.shopify.com/s/files/1/2337/7003/files/cropped_image-173041931058213_d8a35754-ce0f-4e1f-8043-cdef17fb4fe2.jpg | https://cdn.shopify.com/s/files/1/2337/7003/files/cropped_image-173041930813864_d216900c-9333-4eca-9406-b0060110041d.jpg | https://cdn.shopify.com/s/files/1/2337/7003/files/cropped_image-173041930982658_8f9e25b8-b36e-446d-9796-6580e4a1f138.jpg | https://cdn.shopify.com/s/files/1/2337/7003/files/cropped_image-173041931030695_2db1bb46-3bb2-412c-bb64-7aed92b5208e.jpg | https://cdn.shopify.com/s/files/1/2337/7003/files/cropped_image-173041931054643_32af3cce-51f6-48e2-8759-8fc55df327a1.jpg | https://cdn.shopify.com/s/files/1/2337/7003/files/cropped_image-173041935740675_a43e4e6a-e98d-4844-8f58-ac9bf595149c.jpg | https://cdn.shopify.com/s/files/1/2337/7003/files/cropped_image-173041935716342_b2313e2d-8ba1-4fe8-9fef-cd2dba60e8dc.jpg | https://cdn.shopify.com/s/files/1/2337/7003/files/cropped_image-173041935736312_f2e519ea-48c3-44f0-bcf1-c13e39a30c72.jpg,Pure Chiffon & Silk,"Handcrafted Zardozi, Tilla & Fine Resham","3-Piece (Shirt, Trouser, Dupatta)",0 to 2 Weeks,Stitched,FALSE,TRUE,FALSE,"Exquisite handcrafted 10.10 Festive Sale ensemble from Haseens Official. Masterfully tailored with generational Pakistani artistry, premium pure fabrics, and delicate celebratory motifs."
has-066,Anishka 2,Promotions & Specials,10.10 Festive Sale,Up to 60% Off Specials,10.10 Festive Sale,17290,21612,https://cdn.shopify.com/s/files/1/2337/7003/files/cropped_image-173286905132345_6782bf8f-4db3-472a-8b37-f50b825dbb0a.jpg?v=1760509385,https://cdn.shopify.com/s/files/1/2337/7003/files/cropped_image-173286905132345_6782bf8f-4db3-472a-8b37-f50b825dbb0a.jpg,https://cdn.shopify.com/s/files/1/2337/7003/files/cropped_image-173286905089824_4e396d15-012d-4abe-8c59-62d32b1b866a.jpg,https://cdn.shopify.com/s/files/1/2337/7003/files/cropped_image-173286905057226_be398908-8f5b-4152-b625-b6b2764efca9.jpg,,https://cdn.shopify.com/s/files/1/2337/7003/files/cropped_image-173286905132345_6782bf8f-4db3-472a-8b37-f50b825dbb0a.jpg?v=1760509385 | https://cdn.shopify.com/s/files/1/2337/7003/files/cropped_image-173286905132345_6782bf8f-4db3-472a-8b37-f50b825dbb0a.jpg | https://cdn.shopify.com/s/files/1/2337/7003/files/cropped_image-173286905089824_4e396d15-012d-4abe-8c59-62d32b1b866a.jpg | https://cdn.shopify.com/s/files/1/2337/7003/files/cropped_image-173286905057226_be398908-8f5b-4152-b625-b6b2764efca9.jpg,Pure Chiffon & Silk,"Handcrafted Zardozi, Tilla & Fine Resham","3-Piece (Shirt, Trouser, Dupatta)",0 to 2 Weeks,Stitched,TRUE,FALSE,FALSE,"Exquisite handcrafted 10.10 Festive Sale ensemble from Haseens Official. Masterfully tailored with generational Pakistani artistry, premium pure fabrics, and delicate celebratory motifs."
has-067,Zulaikha,Promotions & Specials,10.10 Festive Sale,Up to 60% Off Specials,10.10 Festive Sale,28050,35062,https://cdn.shopify.com/s/files/1/2337/7003/files/cropped_image-173988301287229_7530f6fc-5794-409d-8adb-7fcfba522a9f.jpg?v=1761286823,https://cdn.shopify.com/s/files/1/2337/7003/files/cropped_image-173988301287229_7530f6fc-5794-409d-8adb-7fcfba522a9f.jpg,https://cdn.shopify.com/s/files/1/2337/7003/files/cropped_image-173988301365356_f587eea0-91e2-4f7d-b463-17f2e9382647.jpg,https://cdn.shopify.com/s/files/1/2337/7003/files/cropped_image-173988301320935_c3d27821-4d64-488b-a298-a300b129732a.jpg,https://cdn.shopify.com/s/files/1/2337/7003/files/cropped_image-173988301294034_616cf304-dbd9-4fa4-8a16-a77975627d6e.jpg | https://cdn.shopify.com/s/files/1/2337/7003/files/cropped_image-173988301283171_238e11e3-24ff-4d98-9056-595a5910820a.jpg | https://cdn.shopify.com/s/files/1/2337/7003/files/cropped_image-173988301380064_5678d073-1565-4577-8f80-0ca0aa19097b.jpg,https://cdn.shopify.com/s/files/1/2337/7003/files/cropped_image-173988301287229_7530f6fc-5794-409d-8adb-7fcfba522a9f.jpg?v=1761286823 | https://cdn.shopify.com/s/files/1/2337/7003/files/cropped_image-173988301287229_7530f6fc-5794-409d-8adb-7fcfba522a9f.jpg | https://cdn.shopify.com/s/files/1/2337/7003/files/cropped_image-173988301365356_f587eea0-91e2-4f7d-b463-17f2e9382647.jpg | https://cdn.shopify.com/s/files/1/2337/7003/files/cropped_image-173988301320935_c3d27821-4d64-488b-a298-a300b129732a.jpg | https://cdn.shopify.com/s/files/1/2337/7003/files/cropped_image-173988301294034_616cf304-dbd9-4fa4-8a16-a77975627d6e.jpg | https://cdn.shopify.com/s/files/1/2337/7003/files/cropped_image-173988301283171_238e11e3-24ff-4d98-9056-595a5910820a.jpg | https://cdn.shopify.com/s/files/1/2337/7003/files/cropped_image-173988301380064_5678d073-1565-4577-8f80-0ca0aa19097b.jpg,Pure Chiffon & Silk,"Handcrafted Zardozi, Tilla & Fine Resham","3-Piece (Shirt, Trouser, Dupatta)",ReadyToShip,Stitched,FALSE,FALSE,TRUE,"Exquisite handcrafted 10.10 Festive Sale ensemble from Haseens Official. Masterfully tailored with generational Pakistani artistry, premium pure fabrics, and delicate celebratory motifs."
has-068,Hayat,Promotions & Specials,10.10 Festive Sale,Up to 60% Off Specials,10.10 Festive Sale,13982,17477,https://cdn.shopify.com/s/files/1/2337/7003/files/DSC02199_87915713-03c9-4b07-91f1-c4d8013dd396.jpg?v=1761545082,https://cdn.shopify.com/s/files/1/2337/7003/files/DSC02199_87915713-03c9-4b07-91f1-c4d8013dd396.jpg,https://cdn.shopify.com/s/files/1/2337/7003/files/0000_image00090_8b477fe1-0f28-4c5e-b5c5-09d2de8a0ad8.jpg,https://cdn.shopify.com/s/files/1/2337/7003/files/0003_image00087_384f21ac-7636-4a47-bfe8-a4e7f679d78f.jpg,https://cdn.shopify.com/s/files/1/2337/7003/files/0002_image00088_866123f5-24c1-4823-a0e1-b6a830a8feb1.jpg | https://cdn.shopify.com/s/files/1/2337/7003/files/0001_image00089_4e059aa2-0eb0-4c94-9c6a-a002c81b75bd.jpg | https://cdn.shopify.com/s/files/1/2337/7003/files/DSC02232_70f86823-80b9-4b99-a621-fd51622eac08.jpg | https://cdn.shopify.com/s/files/1/2337/7003/files/DSC02240_8131ba99-79ee-4a7e-b7eb-13ad72d4dda7.jpg | https://cdn.shopify.com/s/files/1/2337/7003/files/DSC02228_7eef0cfc-6df7-4dc7-b547-e8f15b9c7c63.jpg | https://cdn.shopify.com/s/files/1/2337/7003/files/DSC02220_330008ee-c56b-4959-834a-71078c509eac.jpg | https://cdn.shopify.com/s/files/1/2337/7003/files/DSC02211_843ce4b4-5d4e-49dc-858c-ce84144d82fb.jpg | https://cdn.shopify.com/s/files/1/2337/7003/files/DSC02241_ef5ab907-f801-4a3e-a1b0-e4bee8a335ae.jpg | https://cdn.shopify.com/s/files/1/2337/7003/files/0004_image00086_63d25493-c164-484a-b5bf-8a1ed204d3d2.jpg,https://cdn.shopify.com/s/files/1/2337/7003/files/DSC02199_87915713-03c9-4b07-91f1-c4d8013dd396.jpg?v=1761545082 | https://cdn.shopify.com/s/files/1/2337/7003/files/DSC02199_87915713-03c9-4b07-91f1-c4d8013dd396.jpg | https://cdn.shopify.com/s/files/1/2337/7003/files/0000_image00090_8b477fe1-0f28-4c5e-b5c5-09d2de8a0ad8.jpg | https://cdn.shopify.com/s/files/1/2337/7003/files/0003_image00087_384f21ac-7636-4a47-bfe8-a4e7f679d78f.jpg | https://cdn.shopify.com/s/files/1/2337/7003/files/0002_image00088_866123f5-24c1-4823-a0e1-b6a830a8feb1.jpg | https://cdn.shopify.com/s/files/1/2337/7003/files/0001_image00089_4e059aa2-0eb0-4c94-9c6a-a002c81b75bd.jpg | https://cdn.shopify.com/s/files/1/2337/7003/files/DSC02232_70f86823-80b9-4b99-a621-fd51622eac08.jpg | https://cdn.shopify.com/s/files/1/2337/7003/files/DSC02240_8131ba99-79ee-4a7e-b7eb-13ad72d4dda7.jpg | https://cdn.shopify.com/s/files/1/2337/7003/files/DSC02228_7eef0cfc-6df7-4dc7-b547-e8f15b9c7c63.jpg | https://cdn.shopify.com/s/files/1/2337/7003/files/DSC02220_330008ee-c56b-4959-834a-71078c509eac.jpg | https://cdn.shopify.com/s/files/1/2337/7003/files/DSC02211_843ce4b4-5d4e-49dc-858c-ce84144d82fb.jpg | https://cdn.shopify.com/s/files/1/2337/7003/files/DSC02241_ef5ab907-f801-4a3e-a1b0-e4bee8a335ae.jpg | https://cdn.shopify.com/s/files/1/2337/7003/files/0004_image00086_63d25493-c164-484a-b5bf-8a1ed204d3d2.jpg,Pure Chiffon & Silk,"Handcrafted Zardozi, Tilla & Fine Resham","3-Piece (Shirt, Trouser, Dupatta)",0 to 2 Weeks,Stitched,FALSE,FALSE,FALSE,"Exquisite handcrafted 10.10 Festive Sale ensemble from Haseens Official. Masterfully tailored with generational Pakistani artistry, premium pure fabrics, and delicate celebratory motifs."
has-069,Jasmine,Promotions & Specials,10.10 Festive Sale,Up to 60% Off Specials,10.10 Festive Sale,14720,18400,https://cdn.shopify.com/s/files/1/2337/7003/files/cropped_image-173642307894008_4b3c650d-2fa2-4c58-b9e9-da6fc5be1c18.jpg?v=1736426956,https://cdn.shopify.com/s/files/1/2337/7003/files/cropped_image-173642307894008_4b3c650d-2fa2-4c58-b9e9-da6fc5be1c18.jpg,https://cdn.shopify.com/s/files/1/2337/7003/files/cropped_image-173642307872626_aa114a61-eae2-4d67-a1ea-9ace86bba025.jpg,https://cdn.shopify.com/s/files/1/2337/7003/files/cropped_image-173642307893143_bf28a667-42d1-4c2e-a7db-81f20b34df70.jpg,https://cdn.shopify.com/s/files/1/2337/7003/files/cropped_image-173642307867522_7e3b554b-b84c-45e4-a0ca-59ce99aa5b49.jpg | https://cdn.shopify.com/s/files/1/2337/7003/files/cropped_image-173642307880311_75f7841d-46a4-4002-8504-3a40d742f553.jpg | https://cdn.shopify.com/s/files/1/2337/7003/files/cropped_image-173642307885407_b54b3c7a-2370-4878-8ebf-79afebfbc350.jpg | https://cdn.shopify.com/s/files/1/2337/7003/files/cropped_image-173642307877726_31138379-4f9f-477f-ac54-647ca340c567.jpg,https://cdn.shopify.com/s/files/1/2337/7003/files/cropped_image-173642307894008_4b3c650d-2fa2-4c58-b9e9-da6fc5be1c18.jpg?v=1736426956 | https://cdn.shopify.com/s/files/1/2337/7003/files/cropped_image-173642307894008_4b3c650d-2fa2-4c58-b9e9-da6fc5be1c18.jpg | https://cdn.shopify.com/s/files/1/2337/7003/files/cropped_image-173642307872626_aa114a61-eae2-4d67-a1ea-9ace86bba025.jpg | https://cdn.shopify.com/s/files/1/2337/7003/files/cropped_image-173642307893143_bf28a667-42d1-4c2e-a7db-81f20b34df70.jpg | https://cdn.shopify.com/s/files/1/2337/7003/files/cropped_image-173642307867522_7e3b554b-b84c-45e4-a0ca-59ce99aa5b49.jpg | https://cdn.shopify.com/s/files/1/2337/7003/files/cropped_image-173642307880311_75f7841d-46a4-4002-8504-3a40d742f553.jpg | https://cdn.shopify.com/s/files/1/2337/7003/files/cropped_image-173642307885407_b54b3c7a-2370-4878-8ebf-79afebfbc350.jpg | https://cdn.shopify.com/s/files/1/2337/7003/files/cropped_image-173642307877726_31138379-4f9f-477f-ac54-647ca340c567.jpg,Pure Chiffon & Silk,"Handcrafted Zardozi, Tilla & Fine Resham","3-Piece (Shirt, Trouser, Dupatta)",ReadyToShip,Stitched,FALSE,TRUE,FALSE,"Exquisite handcrafted 10.10 Festive Sale ensemble from Haseens Official. Masterfully tailored with generational Pakistani artistry, premium pure fabrics, and delicate celebratory motifs."
has-070,Jahan Ara,Promotions & Specials,10.10 Festive Sale,Up to 60% Off Specials,10.10 Festive Sale,15600,19500,https://cdn.shopify.com/s/files/1/2337/7003/files/20260203111856-206d6fe392dd458b-media_image-0682e9e1982046c98a83387905a8511d.jpg,https://cdn.shopify.com/s/files/1/2337/7003/files/20260203111901-aad8069868de42f5-media_image-4660237592034604b7ec7d57710d50a0.jpg,https://cdn.shopify.com/s/files/1/2337/7003/files/20260203111857-863bb3aeb0834452-media_image-1c895ee95fd547d5842751c36f476dea.jpg,https://cdn.shopify.com/s/files/1/2337/7003/files/20260203111859-3edf86b3e06f4dd6-media_image-284e458eb77b4c7f9fc9fd2d8a23a090.jpg,https://cdn.shopify.com/s/files/1/2337/7003/files/20260203111856-99f36756444c457d-media_image-8e8082a3bd7846b09f9cebf3c98b0e93.jpg | https://cdn.shopify.com/s/files/1/2337/7003/files/20260203111856-4bb3abbfb63943d8-media_image-336bcbb2812f4decb996ca83fe2140ef.jpg | https://cdn.shopify.com/s/files/1/2337/7003/files/20260203111856-0715ab88ec3544c3-media_image-5f1e4b28dd874ebc8e75069352db985d.jpg | https://cdn.shopify.com/s/files/1/2337/7003/files/20260203111857-587f1cdae4fa4c7a-media_image-cac46b7eb8c3467e88fbc756c53f0cd5.jpg | https://cdn.shopify.com/s/files/1/2337/7003/files/20260203111855-ca8cded682854129-media_image-fd12c02bbc6547a5b6ce8f0f89f541ad.jpg | https://cdn.shopify.com/s/files/1/2337/7003/files/20260203111857-0960d13a85c042c1-media_image-2cee8442b80947cd8643bcf63c5505e3.jpg | https://cdn.shopify.com/s/files/1/2337/7003/files/20260203111857-daeb7c433c464835-media_image-df214bc88d214834985e2502218ad058.jpg | https://cdn.shopify.com/s/files/1/2337/7003/files/20260203111856-a08731b3ee9b4797-media_image-c4a839964f51451eb299a70363a98931.jpg | https://cdn.shopify.com/s/files/1/2337/7003/files/20260203111858-0fa00af914d14283-media_image-1efb30be707249a0a64afb23ae5569d1.jpg,https://cdn.shopify.com/s/files/1/2337/7003/files/20260203111856-206d6fe392dd458b-media_image-0682e9e1982046c98a83387905a8511d.jpg | https://cdn.shopify.com/s/files/1/2337/7003/files/20260203111901-aad8069868de42f5-media_image-4660237592034604b7ec7d57710d50a0.jpg | https://cdn.shopify.com/s/files/1/2337/7003/files/20260203111857-863bb3aeb0834452-media_image-1c895ee95fd547d5842751c36f476dea.jpg | https://cdn.shopify.com/s/files/1/2337/7003/files/20260203111859-3edf86b3e06f4dd6-media_image-284e458eb77b4c7f9fc9fd2d8a23a090.jpg | https://cdn.shopify.com/s/files/1/2337/7003/files/20260203111856-99f36756444c457d-media_image-8e8082a3bd7846b09f9cebf3c98b0e93.jpg | https://cdn.shopify.com/s/files/1/2337/7003/files/20260203111856-4bb3abbfb63943d8-media_image-336bcbb2812f4decb996ca83fe2140ef.jpg | https://cdn.shopify.com/s/files/1/2337/7003/files/20260203111856-0715ab88ec3544c3-media_image-5f1e4b28dd874ebc8e75069352db985d.jpg | https://cdn.shopify.com/s/files/1/2337/7003/files/20260203111857-587f1cdae4fa4c7a-media_image-cac46b7eb8c3467e88fbc756c53f0cd5.jpg | https://cdn.shopify.com/s/files/1/2337/7003/files/20260203111855-ca8cded682854129-media_image-fd12c02bbc6547a5b6ce8f0f89f541ad.jpg | https://cdn.shopify.com/s/files/1/2337/7003/files/20260203111857-0960d13a85c042c1-media_image-2cee8442b80947cd8643bcf63c5505e3.jpg | https://cdn.shopify.com/s/files/1/2337/7003/files/20260203111857-daeb7c433c464835-media_image-df214bc88d214834985e2502218ad058.jpg | https://cdn.shopify.com/s/files/1/2337/7003/files/20260203111856-a08731b3ee9b4797-media_image-c4a839964f51451eb299a70363a98931.jpg | https://cdn.shopify.com/s/files/1/2337/7003/files/20260203111858-0fa00af914d14283-media_image-1efb30be707249a0a64afb23ae5569d1.jpg,Pure Chiffon & Silk,"Handcrafted Zardozi, Tilla & Fine Resham","3-Piece (Shirt, Trouser, Dupatta)",ReadyToShip,Stitched,FALSE,FALSE,TRUE,"Exquisite handcrafted 10.10 Festive Sale ensemble from Haseens Official. Masterfully tailored with generational Pakistani artistry, premium pure fabrics, and delicate celebratory motifs."
has-071,Zar Afshan,Promotions & Specials,10.10 Festive Sale,Up to 60% Off Specials,10.10 Festive Sale,17040,21300,https://cdn.shopify.com/s/files/1/2337/7003/files/20260313203621-8adb7927ac904739-media_image-5d20bf7257cf4628ac1566a951b0226f.jpg,https://cdn.shopify.com/s/files/1/2337/7003/files/20260313203622-76665ea69dbb411e-media_image-8ab50535c30c4fc7b1621b2e5ded067e.jpg,https://cdn.shopify.com/s/files/1/2337/7003/files/20260313203618-f0a4f29f05314913-media_image-f3cb485a7c2c4461ac99459802891640.jpg,https://cdn.shopify.com/s/files/1/2337/7003/files/20260313203624-96e168a4585944de-media_image-0eb1e8ff240140c9ab93c334ee8938ff.jpg,https://cdn.shopify.com/s/files/1/2337/7003/files/20260313203619-1f9fdb5916824e75-media_image-7db410dd55a84517ae64b735a969afb3.jpg | https://cdn.shopify.com/s/files/1/2337/7003/files/20260313203623-fb859f672d674f71-media_image-c2b4a852328d4f6c90ea318e483b2aff.jpg | https://cdn.shopify.com/s/files/1/2337/7003/files/20260313203622-a529d4f3e6fb40f4-media_image-7feb64c82ce74bbb94f950ea733713cc.jpg | https://cdn.shopify.com/s/files/1/2337/7003/files/20260313203620-f0ae7af75af44013-media_image-26bd27649a8e4b0c92fea22ba8fd3d2d.jpg | https://cdn.shopify.com/s/files/1/2337/7003/files/20260313203620-876cdeeae8db47f3-media_image-fc478b9b42db4004b933bc4b9dca7aeb.jpg,https://cdn.shopify.com/s/files/1/2337/7003/files/20260313203621-8adb7927ac904739-media_image-5d20bf7257cf4628ac1566a951b0226f.jpg | https://cdn.shopify.com/s/files/1/2337/7003/files/20260313203622-76665ea69dbb411e-media_image-8ab50535c30c4fc7b1621b2e5ded067e.jpg | https://cdn.shopify.com/s/files/1/2337/7003/files/20260313203618-f0a4f29f05314913-media_image-f3cb485a7c2c4461ac99459802891640.jpg | https://cdn.shopify.com/s/files/1/2337/7003/files/20260313203624-96e168a4585944de-media_image-0eb1e8ff240140c9ab93c334ee8938ff.jpg | https://cdn.shopify.com/s/files/1/2337/7003/files/20260313203619-1f9fdb5916824e75-media_image-7db410dd55a84517ae64b735a969afb3.jpg | https://cdn.shopify.com/s/files/1/2337/7003/files/20260313203623-fb859f672d674f71-media_image-c2b4a852328d4f6c90ea318e483b2aff.jpg | https://cdn.shopify.com/s/files/1/2337/7003/files/20260313203622-a529d4f3e6fb40f4-media_image-7feb64c82ce74bbb94f950ea733713cc.jpg | https://cdn.shopify.com/s/files/1/2337/7003/files/20260313203620-f0ae7af75af44013-media_image-26bd27649a8e4b0c92fea22ba8fd3d2d.jpg | https://cdn.shopify.com/s/files/1/2337/7003/files/20260313203620-876cdeeae8db47f3-media_image-fc478b9b42db4004b933bc4b9dca7aeb.jpg,Pure Chiffon & Silk,"Handcrafted Zardozi, Tilla & Fine Resham","3-Piece (Shirt, Trouser, Dupatta)",0 to 2 Weeks,Stitched,TRUE,FALSE,FALSE,"Exquisite handcrafted 10.10 Festive Sale ensemble from Haseens Official. Masterfully tailored with generational Pakistani artistry, premium pure fabrics, and delicate celebratory motifs."
has-072,Farzina,Promotions & Specials,10.10 Festive Sale,Up to 60% Off Specials,10.10 Festive Sale,11600,14500,https://cdn.shopify.com/s/files/1/2337/7003/files/media_image-5db2eb72eee04fc1af0a2e2f9c1e1128_344d8290-46fc-4c18-b81d-503e71a939f3.jpg?v=1751011902,https://cdn.shopify.com/s/files/1/2337/7003/files/media_image-5db2eb72eee04fc1af0a2e2f9c1e1128_344d8290-46fc-4c18-b81d-503e71a939f3.jpg,https://cdn.shopify.com/s/files/1/2337/7003/files/media_image-62b82ea83ffb447fbf766b7ae3e1bb9a_f225732f-fe79-4aba-aae1-ae2897af6cd3.jpg,https://cdn.shopify.com/s/files/1/2337/7003/files/media_image-d3085b4e4eb349d8818247969098c40d_0036af96-484b-4dea-a93c-399dd6ce9c05.jpg,https://cdn.shopify.com/s/files/1/2337/7003/files/media_image-4a0c47a0972648cfac77fe35c5b69de0_941705ca-0d04-4912-92cd-bc64cbdc587e.jpg | https://cdn.shopify.com/s/files/1/2337/7003/files/media_image-1b1345ff74914efe8d3f27ccffde3f99_c133f079-5cb7-4180-8909-6d9fc10afa06.jpg | https://cdn.shopify.com/s/files/1/2337/7003/files/media_image-b4857afe80b54508bfbedce5a3fe16e3_b50bbb69-20fe-4fb3-bea7-d2a2e39cd582.jpg | https://cdn.shopify.com/s/files/1/2337/7003/files/media_image-6a6fe4ad1bcb40f09ac7ae269dc7d8a9_ed4807da-4afc-4a52-936b-ce46e65b3f56.jpg | https://cdn.shopify.com/s/files/1/2337/7003/files/media_image-a8e648310e77400ba2c8b4f2635bff93_d5bcccef-e34a-4612-a45c-21716e42e308.jpg | https://cdn.shopify.com/s/files/1/2337/7003/files/media_image-989c21e2d56d4ff08c6657ad44947248_8c2d6a50-3c3c-4aa9-8004-d9d004c390ce.jpg,https://cdn.shopify.com/s/files/1/2337/7003/files/media_image-5db2eb72eee04fc1af0a2e2f9c1e1128_344d8290-46fc-4c18-b81d-503e71a939f3.jpg?v=1751011902 | https://cdn.shopify.com/s/files/1/2337/7003/files/media_image-5db2eb72eee04fc1af0a2e2f9c1e1128_344d8290-46fc-4c18-b81d-503e71a939f3.jpg | https://cdn.shopify.com/s/files/1/2337/7003/files/media_image-62b82ea83ffb447fbf766b7ae3e1bb9a_f225732f-fe79-4aba-aae1-ae2897af6cd3.jpg | https://cdn.shopify.com/s/files/1/2337/7003/files/media_image-d3085b4e4eb349d8818247969098c40d_0036af96-484b-4dea-a93c-399dd6ce9c05.jpg | https://cdn.shopify.com/s/files/1/2337/7003/files/media_image-4a0c47a0972648cfac77fe35c5b69de0_941705ca-0d04-4912-92cd-bc64cbdc587e.jpg | https://cdn.shopify.com/s/files/1/2337/7003/files/media_image-1b1345ff74914efe8d3f27ccffde3f99_c133f079-5cb7-4180-8909-6d9fc10afa06.jpg | https://cdn.shopify.com/s/files/1/2337/7003/files/media_image-b4857afe80b54508bfbedce5a3fe16e3_b50bbb69-20fe-4fb3-bea7-d2a2e39cd582.jpg | https://cdn.shopify.com/s/files/1/2337/7003/files/media_image-6a6fe4ad1bcb40f09ac7ae269dc7d8a9_ed4807da-4afc-4a52-936b-ce46e65b3f56.jpg | https://cdn.shopify.com/s/files/1/2337/7003/files/media_image-a8e648310e77400ba2c8b4f2635bff93_d5bcccef-e34a-4612-a45c-21716e42e308.jpg | https://cdn.shopify.com/s/files/1/2337/7003/files/media_image-989c21e2d56d4ff08c6657ad44947248_8c2d6a50-3c3c-4aa9-8004-d9d004c390ce.jpg,Pure Chiffon & Silk,"Handcrafted Zardozi, Tilla & Fine Resham","3-Piece (Shirt, Trouser, Dupatta)",ReadyToShip,Stitched,FALSE,FALSE,FALSE,"Exquisite handcrafted 10.10 Festive Sale ensemble from Haseens Official. Masterfully tailored with generational Pakistani artistry, premium pure fabrics, and delicate celebratory motifs."
has-073,Naqoosh,Promotions & Specials,10.10 Festive Sale,Up to 60% Off Specials,10.10 Festive Sale,13125,16406,https://cdn.shopify.com/s/files/1/2337/7003/files/cropped_image-173261314682860_496c71a3-fc8c-4184-bb9c-f16a74cc110a.jpg?v=1746691287,https://cdn.shopify.com/s/files/1/2337/7003/files/cropped_image-173261314682860_496c71a3-fc8c-4184-bb9c-f16a74cc110a.jpg,https://cdn.shopify.com/s/files/1/2337/7003/files/cropped_image-173261335747934_cb0409aa-9883-4afe-95bb-5f64f4cdb90c.jpg,https://cdn.shopify.com/s/files/1/2337/7003/files/cropped_image-173261335678062_0f4a5a00-b3b5-494e-816a-cd57b2122f1e.jpg,https://cdn.shopify.com/s/files/1/2337/7003/files/cropped_image-173261335678308_52b40def-f510-41e5-b646-08acb4b27503.jpg | https://cdn.shopify.com/s/files/1/2337/7003/files/cropped_image-173261335677770_dc9cf463-a3f1-4209-b408-f7a7d790f6d5.jpg,https://cdn.shopify.com/s/files/1/2337/7003/files/cropped_image-173261314682860_496c71a3-fc8c-4184-bb9c-f16a74cc110a.jpg?v=1746691287 | https://cdn.shopify.com/s/files/1/2337/7003/files/cropped_image-173261314682860_496c71a3-fc8c-4184-bb9c-f16a74cc110a.jpg | https://cdn.shopify.com/s/files/1/2337/7003/files/cropped_image-173261335747934_cb0409aa-9883-4afe-95bb-5f64f4cdb90c.jpg | https://cdn.shopify.com/s/files/1/2337/7003/files/cropped_image-173261335678062_0f4a5a00-b3b5-494e-816a-cd57b2122f1e.jpg | https://cdn.shopify.com/s/files/1/2337/7003/files/cropped_image-173261335678308_52b40def-f510-41e5-b646-08acb4b27503.jpg | https://cdn.shopify.com/s/files/1/2337/7003/files/cropped_image-173261335677770_dc9cf463-a3f1-4209-b408-f7a7d790f6d5.jpg,Pure Chiffon & Silk,"Handcrafted Zardozi, Tilla & Fine Resham","3-Piece (Shirt, Trouser, Dupatta)",ReadyToShip,Stitched,FALSE,TRUE,TRUE,"Exquisite handcrafted 10.10 Festive Sale ensemble from Haseens Official. Masterfully tailored with generational Pakistani artistry, premium pure fabrics, and delicate celebratory motifs."
has-074,Sehal,Promotions & Specials,10.10 Festive Sale,Up to 60% Off Specials,10.10 Festive Sale,14320,17900,https://cdn.shopify.com/s/files/1/2337/7003/files/20260327075730-7dd15897454c4808-media_image-7e83d3a531f044149cbb7a416e753617.jpg,https://cdn.shopify.com/s/files/1/2337/7003/files/20260327075729-afa737cdc9a2429b-media_image-5a9be4ea664e4d5a85186c62791d2092.jpg,https://cdn.shopify.com/s/files/1/2337/7003/files/20260327075728-34527e7afe334750-media_image-f6ff67f5f4aa47fc9a2273fd31c8815e.jpg,https://cdn.shopify.com/s/files/1/2337/7003/files/20260327080324-01ef02703a984dd6-media_image-a9fde7f40831416799082179d649ae18.jpg,https://cdn.shopify.com/s/files/1/2337/7003/files/media_image-26b52556671344958ea5c1f6724a8ac3_8df04d7f-f11b-4e89-a15f-f07bd1737634.jpg | https://cdn.shopify.com/s/files/1/2337/7003/files/media_image-5a1c140a81c8471fa6850d11f77eefcb_b24bdebc-0af9-4b3b-87d1-3b939f425e05.jpg | https://cdn.shopify.com/s/files/1/2337/7003/files/media_image-0d8448a1d18c4203b4971ada50817279_cd5a8d28-4a1a-412a-ae5f-8f5da77c5b7a.jpg | https://cdn.shopify.com/s/files/1/2337/7003/files/media_image-d14e0903dd144bf09f4c2aa702f46698_24326730-ddce-49cb-a6f9-16359be86a00.jpg | https://cdn.shopify.com/s/files/1/2337/7003/files/media_image-51ad966757554a3ab0c002aa26cfbafa_d04cb8d2-ce82-44ec-a8f9-496f13e284a3.jpg | https://cdn.shopify.com/s/files/1/2337/7003/files/media_image-af8731d9317d41eb90c589fcb32e911d_d0ee9e5e-fb13-490d-84df-90b2ab22795e.jpg | https://cdn.shopify.com/s/files/1/2337/7003/files/media_image-37f017bda98e4098b31656bbebed528f_45794474-54b5-4f6e-af54-11bd956ffcaa.jpg | https://cdn.shopify.com/s/files/1/2337/7003/files/media_image-7aabd67fec1e4efdb59454955bc21304_4df59788-eac9-4d3a-b459-c65579deb1f3.jpg,https://cdn.shopify.com/s/files/1/2337/7003/files/20260327075730-7dd15897454c4808-media_image-7e83d3a531f044149cbb7a416e753617.jpg | https://cdn.shopify.com/s/files/1/2337/7003/files/20260327075729-afa737cdc9a2429b-media_image-5a9be4ea664e4d5a85186c62791d2092.jpg | https://cdn.shopify.com/s/files/1/2337/7003/files/20260327075728-34527e7afe334750-media_image-f6ff67f5f4aa47fc9a2273fd31c8815e.jpg | https://cdn.shopify.com/s/files/1/2337/7003/files/20260327080324-01ef02703a984dd6-media_image-a9fde7f40831416799082179d649ae18.jpg | https://cdn.shopify.com/s/files/1/2337/7003/files/media_image-26b52556671344958ea5c1f6724a8ac3_8df04d7f-f11b-4e89-a15f-f07bd1737634.jpg | https://cdn.shopify.com/s/files/1/2337/7003/files/media_image-5a1c140a81c8471fa6850d11f77eefcb_b24bdebc-0af9-4b3b-87d1-3b939f425e05.jpg | https://cdn.shopify.com/s/files/1/2337/7003/files/media_image-0d8448a1d18c4203b4971ada50817279_cd5a8d28-4a1a-412a-ae5f-8f5da77c5b7a.jpg | https://cdn.shopify.com/s/files/1/2337/7003/files/media_image-d14e0903dd144bf09f4c2aa702f46698_24326730-ddce-49cb-a6f9-16359be86a00.jpg | https://cdn.shopify.com/s/files/1/2337/7003/files/media_image-51ad966757554a3ab0c002aa26cfbafa_d04cb8d2-ce82-44ec-a8f9-496f13e284a3.jpg | https://cdn.shopify.com/s/files/1/2337/7003/files/media_image-af8731d9317d41eb90c589fcb32e911d_d0ee9e5e-fb13-490d-84df-90b2ab22795e.jpg | https://cdn.shopify.com/s/files/1/2337/7003/files/media_image-37f017bda98e4098b31656bbebed528f_45794474-54b5-4f6e-af54-11bd956ffcaa.jpg | https://cdn.shopify.com/s/files/1/2337/7003/files/media_image-7aabd67fec1e4efdb59454955bc21304_4df59788-eac9-4d3a-b459-c65579deb1f3.jpg,Pure Chiffon & Silk,"Handcrafted Zardozi, Tilla & Fine Resham","3-Piece (Shirt, Trouser, Dupatta)",ReadyToShip,Stitched,FALSE,FALSE,FALSE,"Exquisite handcrafted 10.10 Festive Sale ensemble from Haseens Official. Masterfully tailored with generational Pakistani artistry, premium pure fabrics, and delicate celebratory motifs."
has-075,Zamarud,Promotions & Specials,10.10 Festive Sale,Up to 60% Off Specials,10.10 Festive Sale,15360,19200,https://cdn.shopify.com/s/files/1/2337/7003/files/media_image-fa690e6823804e3791509abfe1c30057.jpg,https://cdn.shopify.com/s/files/1/2337/7003/files/media_image-3d83716aa69747da9dc398569f89958c.jpg,https://cdn.shopify.com/s/files/1/2337/7003/files/media_image-957d3699984b4ecd9849cb935136e9de.jpg,https://cdn.shopify.com/s/files/1/2337/7003/files/media_image-c64037cc7700433182b1635829b9e5b9.jpg,https://cdn.shopify.com/s/files/1/2337/7003/files/media_image-1077e72ae4af4234be27fdf0e4d9abac.jpg | https://cdn.shopify.com/s/files/1/2337/7003/files/media_image-ca8580f5cd2c4fb2b7bb91c4403ef2d8.jpg,https://cdn.shopify.com/s/files/1/2337/7003/files/media_image-fa690e6823804e3791509abfe1c30057.jpg | https://cdn.shopify.com/s/files/1/2337/7003/files/media_image-3d83716aa69747da9dc398569f89958c.jpg | https://cdn.shopify.com/s/files/1/2337/7003/files/media_image-957d3699984b4ecd9849cb935136e9de.jpg | https://cdn.shopify.com/s/files/1/2337/7003/files/media_image-c64037cc7700433182b1635829b9e5b9.jpg | https://cdn.shopify.com/s/files/1/2337/7003/files/media_image-1077e72ae4af4234be27fdf0e4d9abac.jpg | https://cdn.shopify.com/s/files/1/2337/7003/files/media_image-ca8580f5cd2c4fb2b7bb91c4403ef2d8.jpg,Pure Chiffon & Silk,"Handcrafted Zardozi, Tilla & Fine Resham","3-Piece (Shirt, Trouser, Dupatta)",ReadyToShip,Stitched,FALSE,FALSE,FALSE,"Exquisite handcrafted 10.10 Festive Sale ensemble from Haseens Official. Masterfully tailored with generational Pakistani artistry, premium pure fabrics, and delicate celebratory motifs."
has-076,Mehvar Kids,Promotions & Specials,10.10 Festive Sale,Up to 60% Off Specials,10.10 Festive Sale,6900,8625,https://cdn.shopify.com/s/files/1/2337/7003/files/20260327171146-831b77665e1e4fc5-media_image-f976254f947d4482a21d0b9523ea7e3e.jpg,https://cdn.shopify.com/s/files/1/2337/7003/files/20260327171149-dc2bf3b36d014205-media_image-6e3a98d1782a4465ad51cc61dddc77d5.jpg,https://cdn.shopify.com/s/files/1/2337/7003/files/20260327171147-e91d308a0b5344ab-media_image-95096eb95eb5432da653190022303608.jpg,https://cdn.shopify.com/s/files/1/2337/7003/files/20260327171145-1b248ee2789d4b0d-media_image-4640fccb5526426089304285186830bd.jpg,https://cdn.shopify.com/s/files/1/2337/7003/files/20260327171145-8ee25e7b7b6a44d5-media_image-555d30f279174e9f9e08af1bab410407.jpg | https://cdn.shopify.com/s/files/1/2337/7003/files/20260327171148-b6774068d1274673-media_image-a05270646b4a44d8978ba1ae324d228f.jpg | https://cdn.shopify.com/s/files/1/2337/7003/files/20260327171146-f442c9069b5e4f77-media_image-741d58f709034ede97685623e35a087b.jpg | https://cdn.shopify.com/s/files/1/2337/7003/files/20260327171146-83286d397f3d48f1-media_image-869d70ecc38c4413a10c31abdc9432a2.jpg | https://cdn.shopify.com/s/files/1/2337/7003/files/20260327171148-67ef082d11484cb9-media_image-f09acd0d37b64e89abd1f6d5d87caf7c.jpg,https://cdn.shopify.com/s/files/1/2337/7003/files/20260327171146-831b77665e1e4fc5-media_image-f976254f947d4482a21d0b9523ea7e3e.jpg | https://cdn.shopify.com/s/files/1/2337/7003/files/20260327171149-dc2bf3b36d014205-media_image-6e3a98d1782a4465ad51cc61dddc77d5.jpg | https://cdn.shopify.com/s/files/1/2337/7003/files/20260327171147-e91d308a0b5344ab-media_image-95096eb95eb5432da653190022303608.jpg | https://cdn.shopify.com/s/files/1/2337/7003/files/20260327171145-1b248ee2789d4b0d-media_image-4640fccb5526426089304285186830bd.jpg | https://cdn.shopify.com/s/files/1/2337/7003/files/20260327171145-8ee25e7b7b6a44d5-media_image-555d30f279174e9f9e08af1bab410407.jpg | https://cdn.shopify.com/s/files/1/2337/7003/files/20260327171148-b6774068d1274673-media_image-a05270646b4a44d8978ba1ae324d228f.jpg | https://cdn.shopify.com/s/files/1/2337/7003/files/20260327171146-f442c9069b5e4f77-media_image-741d58f709034ede97685623e35a087b.jpg | https://cdn.shopify.com/s/files/1/2337/7003/files/20260327171146-83286d397f3d48f1-media_image-869d70ecc38c4413a10c31abdc9432a2.jpg | https://cdn.shopify.com/s/files/1/2337/7003/files/20260327171148-67ef082d11484cb9-media_image-f09acd0d37b64e89abd1f6d5d87caf7c.jpg,Pure Chiffon & Silk,"Handcrafted Zardozi, Tilla & Fine Resham","3-Piece (Shirt, Trouser, Dupatta)",ReadyToShip,Stitched,TRUE,FALSE,TRUE,"Exquisite handcrafted 10.10 Festive Sale ensemble from Haseens Official. Masterfully tailored with generational Pakistani artistry, premium pure fabrics, and delicate celebratory motifs."
has-077,Anchal,Promotions & Specials,10.10 Festive Sale,Up to 60% Off Specials,10.10 Festive Sale,15750,19687,https://cdn.shopify.com/s/files/1/2337/7003/files/1H8A0445_35a1ca4b-fe2c-482a-a455-525e43c18c32.jpg?v=1731909690,https://cdn.shopify.com/s/files/1/2337/7003/files/1H8A0445_35a1ca4b-fe2c-482a-a455-525e43c18c32.jpg,https://cdn.shopify.com/s/files/1/2337/7003/files/1H8A0444_9de5bb0a-8d1f-4344-82d6-77365a093861.jpg,https://cdn.shopify.com/s/files/1/2337/7003/files/1H8A0453_fd59c9f0-49e3-47a8-9c33-612e6c45784f.jpg,https://cdn.shopify.com/s/files/1/2337/7003/files/1H8A0456_a8676542-7533-41e6-b5d3-73efd80a2909.jpg | https://cdn.shopify.com/s/files/1/2337/7003/files/1H8A0485_7cc72397-84f6-419e-b511-bd2e39e5d20c.jpg | https://cdn.shopify.com/s/files/1/2337/7003/files/0000_WhatsAppImage2023-12-28at5.04.19PM_b79bc2d9-bb96-46f8-af00-4d27e3630fcb.jpg | https://cdn.shopify.com/s/files/1/2337/7003/files/0003_WhatsAppImage2023-12-28at5.04.18PM_1_68256066-54e8-48dc-b388-441c99a53837.jpg | https://cdn.shopify.com/s/files/1/2337/7003/files/0002_WhatsAppImage2023-12-28at5.04.18PM_5db9bf12-60c8-4ddc-ac5d-8f2f73b1417e.jpg | https://cdn.shopify.com/s/files/1/2337/7003/files/0004_WhatsAppImage2023-12-28at5.04.05PM_2da37305-ccd5-4194-9f59-1ba6a7ec660a.jpg | https://cdn.shopify.com/s/files/1/2337/7003/files/0001_WhatsAppImage2023-12-28at5.04.19PM_1_e8ec5b12-4785-48f8-9667-eb70e71dbf32.jpg | https://cdn.shopify.com/s/files/1/2337/7003/files/0005_WhatsAppImage2023-12-28at5.04.05PM_1_77b06ea6-ff5f-41ba-821f-36671c4717f1.jpg,https://cdn.shopify.com/s/files/1/2337/7003/files/1H8A0445_35a1ca4b-fe2c-482a-a455-525e43c18c32.jpg?v=1731909690 | https://cdn.shopify.com/s/files/1/2337/7003/files/1H8A0445_35a1ca4b-fe2c-482a-a455-525e43c18c32.jpg | https://cdn.shopify.com/s/files/1/2337/7003/files/1H8A0444_9de5bb0a-8d1f-4344-82d6-77365a093861.jpg | https://cdn.shopify.com/s/files/1/2337/7003/files/1H8A0453_fd59c9f0-49e3-47a8-9c33-612e6c45784f.jpg | https://cdn.shopify.com/s/files/1/2337/7003/files/1H8A0456_a8676542-7533-41e6-b5d3-73efd80a2909.jpg | https://cdn.shopify.com/s/files/1/2337/7003/files/1H8A0485_7cc72397-84f6-419e-b511-bd2e39e5d20c.jpg | https://cdn.shopify.com/s/files/1/2337/7003/files/0000_WhatsAppImage2023-12-28at5.04.19PM_b79bc2d9-bb96-46f8-af00-4d27e3630fcb.jpg | https://cdn.shopify.com/s/files/1/2337/7003/files/0003_WhatsAppImage2023-12-28at5.04.18PM_1_68256066-54e8-48dc-b388-441c99a53837.jpg | https://cdn.shopify.com/s/files/1/2337/7003/files/0002_WhatsAppImage2023-12-28at5.04.18PM_5db9bf12-60c8-4ddc-ac5d-8f2f73b1417e.jpg | https://cdn.shopify.com/s/files/1/2337/7003/files/0004_WhatsAppImage2023-12-28at5.04.05PM_2da37305-ccd5-4194-9f59-1ba6a7ec660a.jpg | https://cdn.shopify.com/s/files/1/2337/7003/files/0001_WhatsAppImage2023-12-28at5.04.19PM_1_e8ec5b12-4785-48f8-9667-eb70e71dbf32.jpg | https://cdn.shopify.com/s/files/1/2337/7003/files/0005_WhatsAppImage2023-12-28at5.04.05PM_1_77b06ea6-ff5f-41ba-821f-36671c4717f1.jpg,Pure Chiffon & Silk,"Handcrafted Zardozi, Tilla & Fine Resham","3-Piece (Shirt, Trouser, Dupatta)",ReadyToShip,Stitched,FALSE,TRUE,FALSE,"Exquisite handcrafted 10.10 Festive Sale ensemble from Haseens Official. Masterfully tailored with generational Pakistani artistry, premium pure fabrics, and delicate celebratory motifs."
has-078,Falha,Promotions & Specials,10.10 Festive Sale,Up to 60% Off Specials,10.10 Festive Sale,16240,20300,https://cdn.shopify.com/s/files/1/2337/7003/files/20260327075915-b188348f749d4d19-media_image-15df8cdf42e34aa38c302d2b994f8cec.jpg,https://cdn.shopify.com/s/files/1/2337/7003/files/20260327075915-f384f4e565d54288-media_image-0f6412baa343461ab72b9aaaffd5ad9b.jpg,https://cdn.shopify.com/s/files/1/2337/7003/files/20260327075915-9cd8372bc3174a27-media_image-a2bfb4048fcc467cb1f4275eb1a7ac89.jpg,https://cdn.shopify.com/s/files/1/2337/7003/files/20260327075915-270da2a0dd184466-media_image-e7444c8f6fec4328ab57206b712a49bc.jpg,https://cdn.shopify.com/s/files/1/2337/7003/files/20260327075915-58ca26cc15a1467e-media_image-3e5e9030362a4ec0a24f85be7d23e2ef.jpg | https://cdn.shopify.com/s/files/1/2337/7003/files/media_image-cde557fff7e144fa822beeaa9a740beb_6ffd72ed-1ac5-4a5e-8633-8fa0c34ffb89.jpg | https://cdn.shopify.com/s/files/1/2337/7003/files/media_image-04a6d98081e94b8782a3dc314021fac4_7d1401bb-98a3-4559-aa4a-af000a447200.jpg | https://cdn.shopify.com/s/files/1/2337/7003/files/media_image-a9857e40a6854cd5af7283ffed26011a_9eddfdce-8509-4bba-b378-75b7d9373e1b.jpg | https://cdn.shopify.com/s/files/1/2337/7003/files/media_image-90da56c6ce07459ebc71898bef7f5ec3_be666e1b-b36f-4f9e-a7db-cb001a18680d.jpg | https://cdn.shopify.com/s/files/1/2337/7003/files/media_image-83b73591e7c946b3925d45c363cd90e9_dd9c97bb-7d19-4a0a-b633-4d283674b445.jpg | https://cdn.shopify.com/s/files/1/2337/7003/files/media_image-00d93350abe3406c96a5c6e7d7ef3ed3_1fc2547f-a2cd-4691-b9b8-c544f4761955.jpg,https://cdn.shopify.com/s/files/1/2337/7003/files/20260327075915-b188348f749d4d19-media_image-15df8cdf42e34aa38c302d2b994f8cec.jpg | https://cdn.shopify.com/s/files/1/2337/7003/files/20260327075915-f384f4e565d54288-media_image-0f6412baa343461ab72b9aaaffd5ad9b.jpg | https://cdn.shopify.com/s/files/1/2337/7003/files/20260327075915-9cd8372bc3174a27-media_image-a2bfb4048fcc467cb1f4275eb1a7ac89.jpg | https://cdn.shopify.com/s/files/1/2337/7003/files/20260327075915-270da2a0dd184466-media_image-e7444c8f6fec4328ab57206b712a49bc.jpg | https://cdn.shopify.com/s/files/1/2337/7003/files/20260327075915-58ca26cc15a1467e-media_image-3e5e9030362a4ec0a24f85be7d23e2ef.jpg | https://cdn.shopify.com/s/files/1/2337/7003/files/media_image-cde557fff7e144fa822beeaa9a740beb_6ffd72ed-1ac5-4a5e-8633-8fa0c34ffb89.jpg | https://cdn.shopify.com/s/files/1/2337/7003/files/media_image-04a6d98081e94b8782a3dc314021fac4_7d1401bb-98a3-4559-aa4a-af000a447200.jpg | https://cdn.shopify.com/s/files/1/2337/7003/files/media_image-a9857e40a6854cd5af7283ffed26011a_9eddfdce-8509-4bba-b378-75b7d9373e1b.jpg | https://cdn.shopify.com/s/files/1/2337/7003/files/media_image-90da56c6ce07459ebc71898bef7f5ec3_be666e1b-b36f-4f9e-a7db-cb001a18680d.jpg | https://cdn.shopify.com/s/files/1/2337/7003/files/media_image-83b73591e7c946b3925d45c363cd90e9_dd9c97bb-7d19-4a0a-b633-4d283674b445.jpg | https://cdn.shopify.com/s/files/1/2337/7003/files/media_image-00d93350abe3406c96a5c6e7d7ef3ed3_1fc2547f-a2cd-4691-b9b8-c544f4761955.jpg,Pure Chiffon & Silk,"Handcrafted Zardozi, Tilla & Fine Resham","3-Piece (Shirt, Trouser, Dupatta)",ReadyToShip,Stitched,FALSE,FALSE,FALSE,"Exquisite handcrafted 10.10 Festive Sale ensemble from Haseens Official. Masterfully tailored with generational Pakistani artistry, premium pure fabrics, and delicate celebratory motifs."
has-079,Meena,Promotions & Specials,10.10 Festive Sale,Up to 60% Off Specials,10.10 Festive Sale,16000,20000,https://cdn.shopify.com/s/files/1/2337/7003/files/0004_1H8A2088.jpg?v=1706362740,https://cdn.shopify.com/s/files/1/2337/7003/files/0004_1H8A2088.jpg,https://cdn.shopify.com/s/files/1/2337/7003/files/0003_1H8A2089.jpg,https://cdn.shopify.com/s/files/1/2337/7003/files/0002_1H8A21132.jpg,https://cdn.shopify.com/s/files/1/2337/7003/files/0000_1H8A21292.jpg | https://cdn.shopify.com/s/files/1/2337/7003/files/0001_1H8A21182.jpg | https://cdn.shopify.com/s/files/1/2337/7003/files/DSC02752.jpg | https://cdn.shopify.com/s/files/1/2337/7003/files/DSC02762.jpg | https://cdn.shopify.com/s/files/1/2337/7003/files/DSC02764.jpg | https://cdn.shopify.com/s/files/1/2337/7003/files/DSC02777.jpg | https://cdn.shopify.com/s/files/1/2337/7003/files/DSC02771.jpg | https://cdn.shopify.com/s/files/1/2337/7003/files/DSC02773_61338f71-7ac9-4e69-8874-4b0714bb3d25.jpg | https://cdn.shopify.com/s/files/1/2337/7003/files/DSC02781.jpg,https://cdn.shopify.com/s/files/1/2337/7003/files/0004_1H8A2088.jpg?v=1706362740 | https://cdn.shopify.com/s/files/1/2337/7003/files/0004_1H8A2088.jpg | https://cdn.shopify.com/s/files/1/2337/7003/files/0003_1H8A2089.jpg | https://cdn.shopify.com/s/files/1/2337/7003/files/0002_1H8A21132.jpg | https://cdn.shopify.com/s/files/1/2337/7003/files/0000_1H8A21292.jpg | https://cdn.shopify.com/s/files/1/2337/7003/files/0001_1H8A21182.jpg | https://cdn.shopify.com/s/files/1/2337/7003/files/DSC02752.jpg | https://cdn.shopify.com/s/files/1/2337/7003/files/DSC02762.jpg | https://cdn.shopify.com/s/files/1/2337/7003/files/DSC02764.jpg | https://cdn.shopify.com/s/files/1/2337/7003/files/DSC02777.jpg | https://cdn.shopify.com/s/files/1/2337/7003/files/DSC02771.jpg | https://cdn.shopify.com/s/files/1/2337/7003/files/DSC02773_61338f71-7ac9-4e69-8874-4b0714bb3d25.jpg | https://cdn.shopify.com/s/files/1/2337/7003/files/DSC02781.jpg,Pure Chiffon & Silk,"Handcrafted Zardozi, Tilla & Fine Resham","3-Piece (Shirt, Trouser, Dupatta)",ReadyToShip,Stitched,FALSE,FALSE,TRUE,"Exquisite handcrafted 10.10 Festive Sale ensemble from Haseens Official. Masterfully tailored with generational Pakistani artistry, premium pure fabrics, and delicate celebratory motifs."
has-080,Dua,Promotions & Specials,10.10 Festive Sale,Up to 60% Off Specials,10.10 Festive Sale,17550,21937,https://cdn.shopify.com/s/files/1/2337/7003/files/208fabecd19a0d51781d2f7c7c25ed8e_dcf1970c-cb83-4e88-83c4-54b1a0d0b911.jpg?v=1760509028,https://cdn.shopify.com/s/files/1/2337/7003/files/208fabecd19a0d51781d2f7c7c25ed8e_dcf1970c-cb83-4e88-83c4-54b1a0d0b911.jpg,https://cdn.shopify.com/s/files/1/2337/7003/files/ccc5cecf18f78dd607064b0b90766f5c_240c9598-aa47-47d6-8715-ad24a5fc0a6d.jpg,https://cdn.shopify.com/s/files/1/2337/7003/files/572e67a5a3c8a9283ad0bd9d28cce154_f6588895-fe05-4ea5-816f-82936d9a5754.jpg,https://cdn.shopify.com/s/files/1/2337/7003/files/3d993c6f58e5dbeb7586ea886fe75c6f_a440b004-bc44-46f1-9d7a-2100faaf373e.jpg,https://cdn.shopify.com/s/files/1/2337/7003/files/208fabecd19a0d51781d2f7c7c25ed8e_dcf1970c-cb83-4e88-83c4-54b1a0d0b911.jpg?v=1760509028 | https://cdn.shopify.com/s/files/1/2337/7003/files/208fabecd19a0d51781d2f7c7c25ed8e_dcf1970c-cb83-4e88-83c4-54b1a0d0b911.jpg | https://cdn.shopify.com/s/files/1/2337/7003/files/ccc5cecf18f78dd607064b0b90766f5c_240c9598-aa47-47d6-8715-ad24a5fc0a6d.jpg | https://cdn.shopify.com/s/files/1/2337/7003/files/572e67a5a3c8a9283ad0bd9d28cce154_f6588895-fe05-4ea5-816f-82936d9a5754.jpg | https://cdn.shopify.com/s/files/1/2337/7003/files/3d993c6f58e5dbeb7586ea886fe75c6f_a440b004-bc44-46f1-9d7a-2100faaf373e.jpg,Pure Chiffon & Silk,"Handcrafted Zardozi, Tilla & Fine Resham","3-Piece (Shirt, Trouser, Dupatta)",ReadyToShip,Stitched,FALSE,FALSE,FALSE,"Exquisite handcrafted 10.10 Festive Sale ensemble from Haseens Official. Masterfully tailored with generational Pakistani artistry, premium pure fabrics, and delicate celebratory motifs."
has-081,Mehnaaz Kid,Promotions & Specials,10.10 Festive Sale,Up to 60% Off Specials,10.10 Festive Sale,10400,13000,https://cdn.shopify.com/s/files/1/2337/7003/files/ad1d19e8e2e96cb569ae69587ed3dd7e_e24284a0-5263-47f3-a379-d8ea6a767c4f.jpg?v=1746691252,https://cdn.shopify.com/s/files/1/2337/7003/files/ad1d19e8e2e96cb569ae69587ed3dd7e_e24284a0-5263-47f3-a379-d8ea6a767c4f.jpg,https://cdn.shopify.com/s/files/1/2337/7003/files/190903de2b32bb883f48db217e184b5b_edc09338-0944-4c5d-b151-5a3c7477666c.jpg,https://cdn.shopify.com/s/files/1/2337/7003/files/0e56878177a5d618573bb7592545d178_af01fc95-b235-4fba-8b19-d9d2758de4a7.jpg,,https://cdn.shopify.com/s/files/1/2337/7003/files/ad1d19e8e2e96cb569ae69587ed3dd7e_e24284a0-5263-47f3-a379-d8ea6a767c4f.jpg?v=1746691252 | https://cdn.shopify.com/s/files/1/2337/7003/files/ad1d19e8e2e96cb569ae69587ed3dd7e_e24284a0-5263-47f3-a379-d8ea6a767c4f.jpg | https://cdn.shopify.com/s/files/1/2337/7003/files/190903de2b32bb883f48db217e184b5b_edc09338-0944-4c5d-b151-5a3c7477666c.jpg | https://cdn.shopify.com/s/files/1/2337/7003/files/0e56878177a5d618573bb7592545d178_af01fc95-b235-4fba-8b19-d9d2758de4a7.jpg,Pure Chiffon & Silk,"Handcrafted Zardozi, Tilla & Fine Resham","3-Piece (Shirt, Trouser, Dupatta)",ReadyToShip,Stitched,TRUE,TRUE,FALSE,"Exquisite handcrafted 10.10 Festive Sale ensemble from Haseens Official. Masterfully tailored with generational Pakistani artistry, premium pure fabrics, and delicate celebratory motifs."
has-082,Safiye,Lawn Collections,Luxury Lawn Edition,80s Count Schiffli Lawn 3-Piece,Luxury Lawn Edition,10430,,https://cdn.shopify.com/s/files/1/2337/7003/files/media_image-1efeb36befe64deb88d3483bdc5097bf_08b6e8f6-6012-42c4-9513-b273385f714c.png?v=1762360123,https://cdn.shopify.com/s/files/1/2337/7003/files/media_image-1efeb36befe64deb88d3483bdc5097bf_08b6e8f6-6012-42c4-9513-b273385f714c.png,https://cdn.shopify.com/s/files/1/2337/7003/files/media_image-713426e3f2b649c9945836a598a7dd47_7475e73a-812b-4a99-a106-8ede2095e99e.png,https://cdn.shopify.com/s/files/1/2337/7003/files/media_image-ecd3abdfe1da46d3a6db49bcf220417b_4279407f-29e7-4628-bb71-9642b43927f0.jpg,https://cdn.shopify.com/s/files/1/2337/7003/files/media_image-8653a9f03dfe466d977f6646ac4117a0_d74a25b0-7ee0-4d8d-aee7-24b16add7202.png | https://cdn.shopify.com/s/files/1/2337/7003/files/media_image-b72c197be6e64241acadb5fb7c6185c5_b7fcd6a8-eb22-4ee8-8456-a79a9c87c31a.png | https://cdn.shopify.com/s/files/1/2337/7003/files/media_image-9ce58edc2e7943fcb9ed8251ccb69b49_39f7b10f-55ea-4a45-91dd-57deaf086676.png | https://cdn.shopify.com/s/files/1/2337/7003/files/media_image-34dd830b23b1421f805ef03a3de11eeb_9d04d4b1-5b73-4d9c-9efb-b31ad9a3277e.png | https://cdn.shopify.com/s/files/1/2337/7003/files/media_image-b9859e9b73714377b5cb90341bfc072c_439d0c5b-5a5f-466e-adbd-f0dfbfc5da09.png,https://cdn.shopify.com/s/files/1/2337/7003/files/media_image-1efeb36befe64deb88d3483bdc5097bf_08b6e8f6-6012-42c4-9513-b273385f714c.png?v=1762360123 | https://cdn.shopify.com/s/files/1/2337/7003/files/media_image-1efeb36befe64deb88d3483bdc5097bf_08b6e8f6-6012-42c4-9513-b273385f714c.png | https://cdn.shopify.com/s/files/1/2337/7003/files/media_image-713426e3f2b649c9945836a598a7dd47_7475e73a-812b-4a99-a106-8ede2095e99e.png | https://cdn.shopify.com/s/files/1/2337/7003/files/media_image-ecd3abdfe1da46d3a6db49bcf220417b_4279407f-29e7-4628-bb71-9642b43927f0.jpg | https://cdn.shopify.com/s/files/1/2337/7003/files/media_image-8653a9f03dfe466d977f6646ac4117a0_d74a25b0-7ee0-4d8d-aee7-24b16add7202.png | https://cdn.shopify.com/s/files/1/2337/7003/files/media_image-b72c197be6e64241acadb5fb7c6185c5_b7fcd6a8-eb22-4ee8-8456-a79a9c87c31a.png | https://cdn.shopify.com/s/files/1/2337/7003/files/media_image-9ce58edc2e7943fcb9ed8251ccb69b49_39f7b10f-55ea-4a45-91dd-57deaf086676.png | https://cdn.shopify.com/s/files/1/2337/7003/files/media_image-34dd830b23b1421f805ef03a3de11eeb_9d04d4b1-5b73-4d9c-9efb-b31ad9a3277e.png | https://cdn.shopify.com/s/files/1/2337/7003/files/media_image-b9859e9b73714377b5cb90341bfc072c_439d0c5b-5a5f-466e-adbd-f0dfbfc5da09.png,Pure Chiffon & Silk,"Handcrafted Zardozi, Tilla & Fine Resham","3-Piece (Shirt, Trouser, Dupatta)",ReadyToShip,Stitched,FALSE,FALSE,TRUE,"Exquisite handcrafted Luxury Lawn Edition ensemble from Haseens Official. Masterfully tailored with generational Pakistani artistry, premium pure fabrics, and delicate celebratory motifs."
has-083,Celene,Lawn Collections,Luxury Lawn Edition,80s Count Schiffli Lawn 3-Piece,Luxury Lawn Edition,10132,,https://cdn.shopify.com/s/files/1/2337/7003/files/media_image-a83cc9135dad47daab2fbefe8e9b9aa2_9949581e-b70b-42ef-bcce-bc4a7169c740.jpg?v=1762356838,https://cdn.shopify.com/s/files/1/2337/7003/files/media_image-a83cc9135dad47daab2fbefe8e9b9aa2_9949581e-b70b-42ef-bcce-bc4a7169c740.jpg,https://cdn.shopify.com/s/files/1/2337/7003/files/media_image-3ffff5d8539e4601b6f7a6f8e40ed374_d55f0c61-08c9-4d7e-a0bd-44716de71ce7.png,https://cdn.shopify.com/s/files/1/2337/7003/files/media_image-515104930abd4d5693108d97f4c3b53d_7e276543-e63a-4c23-a8da-5b47a40b0b9b.png,https://cdn.shopify.com/s/files/1/2337/7003/files/media_image-2977ff31a4c9462795f170338d55fcf4_a23263c9-f80c-48f2-b6a3-0e4364f0e47f.png | https://cdn.shopify.com/s/files/1/2337/7003/files/media_image-6eadd7fd55144778a8c09ff641b412dd_097471f9-36ab-4a56-9041-16e7d45eb44e.png | https://cdn.shopify.com/s/files/1/2337/7003/files/media_image-657937d0449848958c65c25626879e95_a94780c1-1a16-4e0f-abce-3b62575c8608.png,https://cdn.shopify.com/s/files/1/2337/7003/files/media_image-a83cc9135dad47daab2fbefe8e9b9aa2_9949581e-b70b-42ef-bcce-bc4a7169c740.jpg?v=1762356838 | https://cdn.shopify.com/s/files/1/2337/7003/files/media_image-a83cc9135dad47daab2fbefe8e9b9aa2_9949581e-b70b-42ef-bcce-bc4a7169c740.jpg | https://cdn.shopify.com/s/files/1/2337/7003/files/media_image-3ffff5d8539e4601b6f7a6f8e40ed374_d55f0c61-08c9-4d7e-a0bd-44716de71ce7.png | https://cdn.shopify.com/s/files/1/2337/7003/files/media_image-515104930abd4d5693108d97f4c3b53d_7e276543-e63a-4c23-a8da-5b47a40b0b9b.png | https://cdn.shopify.com/s/files/1/2337/7003/files/media_image-2977ff31a4c9462795f170338d55fcf4_a23263c9-f80c-48f2-b6a3-0e4364f0e47f.png | https://cdn.shopify.com/s/files/1/2337/7003/files/media_image-6eadd7fd55144778a8c09ff641b412dd_097471f9-36ab-4a56-9041-16e7d45eb44e.png | https://cdn.shopify.com/s/files/1/2337/7003/files/media_image-657937d0449848958c65c25626879e95_a94780c1-1a16-4e0f-abce-3b62575c8608.png,Pure Chiffon & Silk,"Handcrafted Zardozi, Tilla & Fine Resham","3-Piece (Shirt, Trouser, Dupatta)",ReadyToShip,Stitched,FALSE,FALSE,FALSE,"Exquisite handcrafted Luxury Lawn Edition ensemble from Haseens Official. Masterfully tailored with generational Pakistani artistry, premium pure fabrics, and delicate celebratory motifs."
has-084,Zyrah,Lawn Collections,Luxury Lawn Edition,80s Count Schiffli Lawn 3-Piece,Luxury Lawn Edition,11280,,https://cdn.shopify.com/s/files/1/2337/7003/files/20260226163524-b63a69ddda774069-media_image-958cabfeee364a55a7e3dc99c05fb57b.jpg,https://cdn.shopify.com/s/files/1/2337/7003/files/20260226163523-10af39b1fdb743bd-media_image-83c88d3d8d394ad7bbf7ad9daeebf531.jpg,https://cdn.shopify.com/s/files/1/2337/7003/files/20260226163526-d71f5279b93a412c-media_image-967d103e053d44aa9b8520782e41fcbc.jpg,https://cdn.shopify.com/s/files/1/2337/7003/files/20260226163521-1dc51b513f544c5d-media_image-5456c58691a4411ca689c9b46386a48e.jpg,https://cdn.shopify.com/s/files/1/2337/7003/files/20260226163523-357b1ff78359488f-media_image-9a3d9328558541e08f68cae85d77d7a8.jpg | https://cdn.shopify.com/s/files/1/2337/7003/files/20260226163527-031ad2833cac4541-media_image-2cf212ed361842de960dfb2008c409ba.jpg | https://cdn.shopify.com/s/files/1/2337/7003/files/20260226163522-71b0f6a510e546e3-media_image-5fe1a6a72b224819a736305e9df3d244.jpg | https://cdn.shopify.com/s/files/1/2337/7003/files/20260226163525-e8f76f80c4e5401a-media_image-ac8d1031be5146aa8b6d84c9444cd8a1.jpg | https://cdn.shopify.com/s/files/1/2337/7003/files/20260226163528-4bea0b0247b14772-media_image-dddd67e5ed924b749ae1224a16ac857b.jpg | https://cdn.shopify.com/s/files/1/2337/7003/files/20260226163525-ff0e83bd3b3a4aec-media_image-14ac3eea79f842d29d7ac5afa738a47a.jpg,https://cdn.shopify.com/s/files/1/2337/7003/files/20260226163524-b63a69ddda774069-media_image-958cabfeee364a55a7e3dc99c05fb57b.jpg | https://cdn.shopify.com/s/files/1/2337/7003/files/20260226163523-10af39b1fdb743bd-media_image-83c88d3d8d394ad7bbf7ad9daeebf531.jpg | https://cdn.shopify.com/s/files/1/2337/7003/files/20260226163526-d71f5279b93a412c-media_image-967d103e053d44aa9b8520782e41fcbc.jpg | https://cdn.shopify.com/s/files/1/2337/7003/files/20260226163521-1dc51b513f544c5d-media_image-5456c58691a4411ca689c9b46386a48e.jpg | https://cdn.shopify.com/s/files/1/2337/7003/files/20260226163523-357b1ff78359488f-media_image-9a3d9328558541e08f68cae85d77d7a8.jpg | https://cdn.shopify.com/s/files/1/2337/7003/files/20260226163527-031ad2833cac4541-media_image-2cf212ed361842de960dfb2008c409ba.jpg | https://cdn.shopify.com/s/files/1/2337/7003/files/20260226163522-71b0f6a510e546e3-media_image-5fe1a6a72b224819a736305e9df3d244.jpg | https://cdn.shopify.com/s/files/1/2337/7003/files/20260226163525-e8f76f80c4e5401a-media_image-ac8d1031be5146aa8b6d84c9444cd8a1.jpg | https://cdn.shopify.com/s/files/1/2337/7003/files/20260226163528-4bea0b0247b14772-media_image-dddd67e5ed924b749ae1224a16ac857b.jpg | https://cdn.shopify.com/s/files/1/2337/7003/files/20260226163525-ff0e83bd3b3a4aec-media_image-14ac3eea79f842d29d7ac5afa738a47a.jpg,Pure Chiffon & Silk,"Handcrafted Zardozi, Tilla & Fine Resham","3-Piece (Shirt, Trouser, Dupatta)",0 to 2 Weeks,Stitched,FALSE,FALSE,FALSE,"Exquisite handcrafted Luxury Lawn Edition ensemble from Haseens Official. Masterfully tailored with generational Pakistani artistry, premium pure fabrics, and delicate celebratory motifs."
has-085,Elvan,Lawn Collections,Luxury Lawn Edition,80s Count Schiffli Lawn 3-Piece,Luxury Lawn Edition,8378,,https://cdn.shopify.com/s/files/1/2337/7003/files/20260226150036-c7d17aeef487453d-media_image-9292895afd2a42c691e3012167442dbd.jpg,https://cdn.shopify.com/s/files/1/2337/7003/files/20260226150035-7ade8cc931cb4fd3-media_image-8e10f3fc58584702bdbf3640d4a06864.jpg,https://cdn.shopify.com/s/files/1/2337/7003/files/20260226150036-c552cc761a1d43c0-media_image-998fe9ff443c457f96e8c05332f95c39.jpg,https://cdn.shopify.com/s/files/1/2337/7003/files/20260226150033-ce3ac87f5f4c48cf-media_image-6af97bb5b2324aef9fc8e9a96ee80e1c.jpg,https://cdn.shopify.com/s/files/1/2337/7003/files/20260226150037-ab8e67588a4144b6-media_image-05e4fb39f85c4a8d84d6d0e25cefabbc.jpg | https://cdn.shopify.com/s/files/1/2337/7003/files/20260226150032-de92f1c88b9d44bf-media_image-262ba96dfabe4419b9ae004b836fe786.jpg | https://cdn.shopify.com/s/files/1/2337/7003/files/20260226150038-01aebf0ffe524d8a-media_image-f3f57fbfd0774d03966c9d9d6dc719e7.jpg | https://cdn.shopify.com/s/files/1/2337/7003/files/20260226150032-76c43055a7014148-media_image-23646ad2cd5c4f5aaa45140af3011d89.jpg | https://cdn.shopify.com/s/files/1/2337/7003/files/20260226150032-b47adf17f9664acd-media_image-a115486beb964c4e936bdc02a001761d.jpg | https://cdn.shopify.com/s/files/1/2337/7003/files/20260226150032-84ca92c49248410f-media_image-7f60782d77504e3481d1f6cb29f1d0e9.jpg,https://cdn.shopify.com/s/files/1/2337/7003/files/20260226150036-c7d17aeef487453d-media_image-9292895afd2a42c691e3012167442dbd.jpg | https://cdn.shopify.com/s/files/1/2337/7003/files/20260226150035-7ade8cc931cb4fd3-media_image-8e10f3fc58584702bdbf3640d4a06864.jpg | https://cdn.shopify.com/s/files/1/2337/7003/files/20260226150036-c552cc761a1d43c0-media_image-998fe9ff443c457f96e8c05332f95c39.jpg | https://cdn.shopify.com/s/files/1/2337/7003/files/20260226150033-ce3ac87f5f4c48cf-media_image-6af97bb5b2324aef9fc8e9a96ee80e1c.jpg | https://cdn.shopify.com/s/files/1/2337/7003/files/20260226150037-ab8e67588a4144b6-media_image-05e4fb39f85c4a8d84d6d0e25cefabbc.jpg | https://cdn.shopify.com/s/files/1/2337/7003/files/20260226150032-de92f1c88b9d44bf-media_image-262ba96dfabe4419b9ae004b836fe786.jpg | https://cdn.shopify.com/s/files/1/2337/7003/files/20260226150038-01aebf0ffe524d8a-media_image-f3f57fbfd0774d03966c9d9d6dc719e7.jpg | https://cdn.shopify.com/s/files/1/2337/7003/files/20260226150032-76c43055a7014148-media_image-23646ad2cd5c4f5aaa45140af3011d89.jpg | https://cdn.shopify.com/s/files/1/2337/7003/files/20260226150032-b47adf17f9664acd-media_image-a115486beb964c4e936bdc02a001761d.jpg | https://cdn.shopify.com/s/files/1/2337/7003/files/20260226150032-84ca92c49248410f-media_image-7f60782d77504e3481d1f6cb29f1d0e9.jpg,Pure Chiffon & Silk,"Handcrafted Zardozi, Tilla & Fine Resham","3-Piece (Shirt, Trouser, Dupatta)",ReadyToShip,Stitched,FALSE,TRUE,TRUE,"Exquisite handcrafted Luxury Lawn Edition ensemble from Haseens Official. Masterfully tailored with generational Pakistani artistry, premium pure fabrics, and delicate celebratory motifs."
has-086,Zarmehr,Lawn Collections,Luxury Lawn Edition,80s Count Schiffli Lawn 3-Piece,Luxury Lawn Edition,8960,,https://cdn.shopify.com/s/files/1/2337/7003/files/20260226104345-5c20b54515e740e1-media_image-43dd79c8ae8f48a1aeef4fd57e6c40d2.jpg,https://cdn.shopify.com/s/files/1/2337/7003/files/20260226104345-5c20b54515e740e1-media_image-43dd79c8ae8f48a1aeef4fd57e6c40d2.jpg,,,,https://cdn.shopify.com/s/files/1/2337/7003/files/20260226104345-5c20b54515e740e1-media_image-43dd79c8ae8f48a1aeef4fd57e6c40d2.jpg,Pure Chiffon & Silk,"Handcrafted Zardozi, Tilla & Fine Resham","3-Piece (Shirt, Trouser, Dupatta)",0 to 2 Weeks,Stitched,TRUE,FALSE,FALSE,"Exquisite handcrafted Luxury Lawn Edition ensemble from Haseens Official. Masterfully tailored with generational Pakistani artistry, premium pure fabrics, and delicate celebratory motifs."
has-087,Tavish,Lawn Collections,Luxury Lawn Edition,80s Count Schiffli Lawn 3-Piece,Luxury Lawn Edition,9170,,https://cdn.shopify.com/s/files/1/2337/7003/files/20260226161948-ddd7d0e462bf4853-media_image-aa6c13782d604fd586e995eb42b8b68d.jpg,https://cdn.shopify.com/s/files/1/2337/7003/files/20260226161948-128e7ae242984bf1-media_image-6833411ec8e844ad8e7c4c94bf23c610.jpg,https://cdn.shopify.com/s/files/1/2337/7003/files/20260226161948-635d7ddebefd4e40-media_image-ffc1d03cbd57456bb8cca580d34c0846.jpg,https://cdn.shopify.com/s/files/1/2337/7003/files/20260226161948-d224324e02eb4970-media_image-b5c8b8cfdbd546e39a34970fdd834534.jpg,https://cdn.shopify.com/s/files/1/2337/7003/files/20260226161949-7740ba74d9234a48-media_image-cccee33c168544f8a4673a77e9b16f60.jpg | https://cdn.shopify.com/s/files/1/2337/7003/files/20260226161948-09f84bcfcce248ff-media_image-8c44f812fe94436ca2dd3fba38677a56.jpg | https://cdn.shopify.com/s/files/1/2337/7003/files/20260226161948-e64f2066cb1f43b3-media_image-22cbfc81df6a43ef90224244d22a3c77.jpg | https://cdn.shopify.com/s/files/1/2337/7003/files/20260226161948-185f587708454d7b-media_image-5d6007f23fb94b60a55cee43479fdd2b.jpg | https://cdn.shopify.com/s/files/1/2337/7003/files/20260226161947-290214df68124e71-media_image-4911e752b100480ab9f93fd1ddd4ecc4.jpg | https://cdn.shopify.com/s/files/1/2337/7003/files/20260226161947-7163781eb96046fe-media_image-a1d1ea78c7e7460992b062e6ddb313cf.jpg,https://cdn.shopify.com/s/files/1/2337/7003/files/20260226161948-ddd7d0e462bf4853-media_image-aa6c13782d604fd586e995eb42b8b68d.jpg | https://cdn.shopify.com/s/files/1/2337/7003/files/20260226161948-128e7ae242984bf1-media_image-6833411ec8e844ad8e7c4c94bf23c610.jpg | https://cdn.shopify.com/s/files/1/2337/7003/files/20260226161948-635d7ddebefd4e40-media_image-ffc1d03cbd57456bb8cca580d34c0846.jpg | https://cdn.shopify.com/s/files/1/2337/7003/files/20260226161948-d224324e02eb4970-media_image-b5c8b8cfdbd546e39a34970fdd834534.jpg | https://cdn.shopify.com/s/files/1/2337/7003/files/20260226161949-7740ba74d9234a48-media_image-cccee33c168544f8a4673a77e9b16f60.jpg | https://cdn.shopify.com/s/files/1/2337/7003/files/20260226161948-09f84bcfcce248ff-media_image-8c44f812fe94436ca2dd3fba38677a56.jpg | https://cdn.shopify.com/s/files/1/2337/7003/files/20260226161948-e64f2066cb1f43b3-media_image-22cbfc81df6a43ef90224244d22a3c77.jpg | https://cdn.shopify.com/s/files/1/2337/7003/files/20260226161948-185f587708454d7b-media_image-5d6007f23fb94b60a55cee43479fdd2b.jpg | https://cdn.shopify.com/s/files/1/2337/7003/files/20260226161947-290214df68124e71-media_image-4911e752b100480ab9f93fd1ddd4ecc4.jpg | https://cdn.shopify.com/s/files/1/2337/7003/files/20260226161947-7163781eb96046fe-media_image-a1d1ea78c7e7460992b062e6ddb313cf.jpg,Pure Chiffon & Silk,"Handcrafted Zardozi, Tilla & Fine Resham","3-Piece (Shirt, Trouser, Dupatta)",0 to 2 Weeks,Stitched,FALSE,FALSE,FALSE,"Exquisite handcrafted Luxury Lawn Edition ensemble from Haseens Official. Masterfully tailored with generational Pakistani artistry, premium pure fabrics, and delicate celebratory motifs."
has-088,Isla,Lawn Collections,Luxury Lawn Edition,80s Count Schiffli Lawn 3-Piece,Luxury Lawn Edition,9204,,https://cdn.shopify.com/s/files/1/2337/7003/files/media_image-154b1c90d595433ba1654d185dac734f_cbd78fe1-245d-4b53-8c43-9f16ad20b529.jpg?v=1762338125,https://cdn.shopify.com/s/files/1/2337/7003/files/media_image-154b1c90d595433ba1654d185dac734f_cbd78fe1-245d-4b53-8c43-9f16ad20b529.jpg,https://cdn.shopify.com/s/files/1/2337/7003/files/media_image-7b01b0df03a64362817f7e94469b561f_9c05ca69-e3cf-44aa-944f-e9fcd4f198ac.png,https://cdn.shopify.com/s/files/1/2337/7003/files/media_image-8584a9596627405098453b661a677554_e2e76165-68d2-47b1-8026-1ab6ab40556b.png,https://cdn.shopify.com/s/files/1/2337/7003/files/media_image-97fce5de011a44188f31eec4fbfceecf_83ef05c2-5314-4cd3-af64-c545506b484f.png | https://cdn.shopify.com/s/files/1/2337/7003/files/media_image-3606a3a0d59b4a25a1eb1e6da7f013b3_ae63d18a-259a-4634-969a-2544ce636997.png | https://cdn.shopify.com/s/files/1/2337/7003/files/media_image-e3126b7ba0c74fae96a13aa721f641f8_ad6e9245-3200-4d7c-8b70-2112978c03ca.png | https://cdn.shopify.com/s/files/1/2337/7003/files/media_image-1dd0f052cc224739a63778b30f2c4928_be38631e-2531-4e1f-b5f5-f02fae25ab6e.png,https://cdn.shopify.com/s/files/1/2337/7003/files/media_image-154b1c90d595433ba1654d185dac734f_cbd78fe1-245d-4b53-8c43-9f16ad20b529.jpg?v=1762338125 | https://cdn.shopify.com/s/files/1/2337/7003/files/media_image-154b1c90d595433ba1654d185dac734f_cbd78fe1-245d-4b53-8c43-9f16ad20b529.jpg | https://cdn.shopify.com/s/files/1/2337/7003/files/media_image-7b01b0df03a64362817f7e94469b561f_9c05ca69-e3cf-44aa-944f-e9fcd4f198ac.png | https://cdn.shopify.com/s/files/1/2337/7003/files/media_image-8584a9596627405098453b661a677554_e2e76165-68d2-47b1-8026-1ab6ab40556b.png | https://cdn.shopify.com/s/files/1/2337/7003/files/media_image-97fce5de011a44188f31eec4fbfceecf_83ef05c2-5314-4cd3-af64-c545506b484f.png | https://cdn.shopify.com/s/files/1/2337/7003/files/media_image-3606a3a0d59b4a25a1eb1e6da7f013b3_ae63d18a-259a-4634-969a-2544ce636997.png | https://cdn.shopify.com/s/files/1/2337/7003/files/media_image-e3126b7ba0c74fae96a13aa721f641f8_ad6e9245-3200-4d7c-8b70-2112978c03ca.png | https://cdn.shopify.com/s/files/1/2337/7003/files/media_image-1dd0f052cc224739a63778b30f2c4928_be38631e-2531-4e1f-b5f5-f02fae25ab6e.png,Pure Chiffon & Silk,"Handcrafted Zardozi, Tilla & Fine Resham","3-Piece (Shirt, Trouser, Dupatta)",ReadyToShip,Stitched,FALSE,FALSE,TRUE,"Exquisite handcrafted Luxury Lawn Edition ensemble from Haseens Official. Masterfully tailored with generational Pakistani artistry, premium pure fabrics, and delicate celebratory motifs."
has-089,Kaaf,Lawn Collections,Luxury Lawn Edition,80s Count Schiffli Lawn 3-Piece,Luxury Lawn Edition,7395,,https://cdn.shopify.com/s/files/1/2337/7003/files/media_image-e2ac6812e06e47bd95d82381b1496df6_d75a649e-a130-46fa-9239-ddebffe2ccb5.png?v=1762353171,https://cdn.shopify.com/s/files/1/2337/7003/files/media_image-e2ac6812e06e47bd95d82381b1496df6_d75a649e-a130-46fa-9239-ddebffe2ccb5.png,https://cdn.shopify.com/s/files/1/2337/7003/files/media_image-645a2e4de10e484789c1b024b30b4d60_cb0ecdd5-158c-4eae-bb16-e5e5c4e64925.png,https://cdn.shopify.com/s/files/1/2337/7003/files/media_image-a25d184a5df64ca59e24196ccf846bf3_3e11adf5-8c5a-4604-a548-b5371f411ca0.png,https://cdn.shopify.com/s/files/1/2337/7003/files/media_image-15ee4e5961cc4440b25a96383ee7a149_4f9bfc7a-2369-41f1-bddd-3dfe8e20e6f6.png | https://cdn.shopify.com/s/files/1/2337/7003/files/media_image-a1d497f40ca64f4eb34c0d4e7e8af9ad_f18fb3dd-64f5-4cd4-97c1-fc8a25aea12a.png | https://cdn.shopify.com/s/files/1/2337/7003/files/media_image-79776d5415334e888397fa859c833b53_66b74ede-9c04-42a2-85ae-92780c75afa3.jpg | https://cdn.shopify.com/s/files/1/2337/7003/files/media_image-1ec4d4e4d7424b88a3dccd22cecaf40e_9cfd7212-6b59-402b-8066-131c3ba717d6.png | https://cdn.shopify.com/s/files/1/2337/7003/files/media_image-7d4017c7455c4d8a888c0c1f8d43d411_2af8f024-f510-445c-b495-92b1c6cac0a1.png,https://cdn.shopify.com/s/files/1/2337/7003/files/media_image-e2ac6812e06e47bd95d82381b1496df6_d75a649e-a130-46fa-9239-ddebffe2ccb5.png?v=1762353171 | https://cdn.shopify.com/s/files/1/2337/7003/files/media_image-e2ac6812e06e47bd95d82381b1496df6_d75a649e-a130-46fa-9239-ddebffe2ccb5.png | https://cdn.shopify.com/s/files/1/2337/7003/files/media_image-645a2e4de10e484789c1b024b30b4d60_cb0ecdd5-158c-4eae-bb16-e5e5c4e64925.png | https://cdn.shopify.com/s/files/1/2337/7003/files/media_image-a25d184a5df64ca59e24196ccf846bf3_3e11adf5-8c5a-4604-a548-b5371f411ca0.png | https://cdn.shopify.com/s/files/1/2337/7003/files/media_image-15ee4e5961cc4440b25a96383ee7a149_4f9bfc7a-2369-41f1-bddd-3dfe8e20e6f6.png | https://cdn.shopify.com/s/files/1/2337/7003/files/media_image-a1d497f40ca64f4eb34c0d4e7e8af9ad_f18fb3dd-64f5-4cd4-97c1-fc8a25aea12a.png | https://cdn.shopify.com/s/files/1/2337/7003/files/media_image-79776d5415334e888397fa859c833b53_66b74ede-9c04-42a2-85ae-92780c75afa3.jpg | https://cdn.shopify.com/s/files/1/2337/7003/files/media_image-1ec4d4e4d7424b88a3dccd22cecaf40e_9cfd7212-6b59-402b-8066-131c3ba717d6.png | https://cdn.shopify.com/s/files/1/2337/7003/files/media_image-7d4017c7455c4d8a888c0c1f8d43d411_2af8f024-f510-445c-b495-92b1c6cac0a1.png,Pure Chiffon & Silk,"Handcrafted Zardozi, Tilla & Fine Resham","3-Piece (Shirt, Trouser, Dupatta)",ReadyToShip,Stitched,FALSE,TRUE,FALSE,"Exquisite handcrafted Luxury Lawn Edition ensemble from Haseens Official. Masterfully tailored with generational Pakistani artistry, premium pure fabrics, and delicate celebratory motifs."
has-090,Melene,Lawn Collections,Luxury Lawn Edition,80s Count Schiffli Lawn 3-Piece,Luxury Lawn Edition,9675,,https://cdn.shopify.com/s/files/1/2337/7003/files/20260226142850-792cddb9c4cc44fa-media_image-2d92546800cd43e19d7fd6399a1e9894.jpg,https://cdn.shopify.com/s/files/1/2337/7003/files/20260226142854-63e94d039a8f4488-media_image-17a76b8b8bda43528f589937fa430c03.jpg,https://cdn.shopify.com/s/files/1/2337/7003/files/20260226142852-694200c09f06437b-media_image-4dd100ceb2a447fcb2fc51b4ea34b62c.jpg,https://cdn.shopify.com/s/files/1/2337/7003/files/20260226142852-57b1ee56cb5445aa-media_image-f5642e1a245c430c8922b3df279bf835.jpg,https://cdn.shopify.com/s/files/1/2337/7003/files/20260226142853-8a3e49d1e9454f8e-media_image-4b75e86e7edd4394841e9f83f4ea8305.jpg | https://cdn.shopify.com/s/files/1/2337/7003/files/20260226142848-df7967c59dcb416c-media_image-f45efe0a34f64d95b7c373a1617adbdb.jpg | https://cdn.shopify.com/s/files/1/2337/7003/files/20260226142850-aa1e42a423154eec-media_image-9d287df83f414a21bdd44cc39cc738cb.jpg | https://cdn.shopify.com/s/files/1/2337/7003/files/20260226142851-ad440989b2cb49f1-media_image-f8f8f9b59aca40bfa513c315f4dabeb9.jpg | https://cdn.shopify.com/s/files/1/2337/7003/files/20260226142849-e77abf13792a4953-media_image-0de9bdbea72849d5a5c8ba553e7b2af1.jpg,https://cdn.shopify.com/s/files/1/2337/7003/files/20260226142850-792cddb9c4cc44fa-media_image-2d92546800cd43e19d7fd6399a1e9894.jpg | https://cdn.shopify.com/s/files/1/2337/7003/files/20260226142854-63e94d039a8f4488-media_image-17a76b8b8bda43528f589937fa430c03.jpg | https://cdn.shopify.com/s/files/1/2337/7003/files/20260226142852-694200c09f06437b-media_image-4dd100ceb2a447fcb2fc51b4ea34b62c.jpg | https://cdn.shopify.com/s/files/1/2337/7003/files/20260226142852-57b1ee56cb5445aa-media_image-f5642e1a245c430c8922b3df279bf835.jpg | https://cdn.shopify.com/s/files/1/2337/7003/files/20260226142853-8a3e49d1e9454f8e-media_image-4b75e86e7edd4394841e9f83f4ea8305.jpg | https://cdn.shopify.com/s/files/1/2337/7003/files/20260226142848-df7967c59dcb416c-media_image-f45efe0a34f64d95b7c373a1617adbdb.jpg | https://cdn.shopify.com/s/files/1/2337/7003/files/20260226142850-aa1e42a423154eec-media_image-9d287df83f414a21bdd44cc39cc738cb.jpg | https://cdn.shopify.com/s/files/1/2337/7003/files/20260226142851-ad440989b2cb49f1-media_image-f8f8f9b59aca40bfa513c315f4dabeb9.jpg | https://cdn.shopify.com/s/files/1/2337/7003/files/20260226142849-e77abf13792a4953-media_image-0de9bdbea72849d5a5c8ba553e7b2af1.jpg,Pure Chiffon & Silk,"Handcrafted Zardozi, Tilla & Fine Resham","3-Piece (Shirt, Trouser, Dupatta)",0 to 2 Weeks,Stitched,FALSE,FALSE,FALSE,"Exquisite handcrafted Luxury Lawn Edition ensemble from Haseens Official. Masterfully tailored with generational Pakistani artistry, premium pure fabrics, and delicate celebratory motifs."
has-091,Eliora,Lawn Collections,Luxury Lawn Edition,80s Count Schiffli Lawn 3-Piece,Luxury Lawn Edition,6936,,https://cdn.shopify.com/s/files/1/2337/7003/files/20260226162550-c486394919d84e9a-media_image-841382287952486a9dd687cfdb65fbea.jpg,https://cdn.shopify.com/s/files/1/2337/7003/files/20260226162550-fc654ae96ed54830-media_image-2ab89d98fbd74f6ead3a6f83910a05c1.jpg,https://cdn.shopify.com/s/files/1/2337/7003/files/20260226162547-87823de8c9344314-media_image-6faf3b02ce1546b0a02405abed9aa916.jpg,https://cdn.shopify.com/s/files/1/2337/7003/files/20260226162548-fac5fda567b34070-media_image-36ad76068bda4740bc072b2d2a85af12.jpg,https://cdn.shopify.com/s/files/1/2337/7003/files/20260226162548-298ebeda85e141cc-media_image-a7e7964d0c9e44f89a0f7d28f23372e6.jpg | https://cdn.shopify.com/s/files/1/2337/7003/files/20260226162549-555c792231154a9f-media_image-bfe88ef8f14b453ba058b874b5e08833.jpg | https://cdn.shopify.com/s/files/1/2337/7003/files/20260226162549-12362a51334b411b-media_image-202a4452d30045d9b21889854a744eb3.jpg | https://cdn.shopify.com/s/files/1/2337/7003/files/20260226162548-f2e52a36a70747c3-media_image-7b4fc99dd3a14e54bc45390362e6de4d.jpg | https://cdn.shopify.com/s/files/1/2337/7003/files/20260226162547-5ca410065c064ad8-media_image-77213a0c492e4866bff4602290708a3e.jpg | https://cdn.shopify.com/s/files/1/2337/7003/files/20260226162546-05174111f5a84e4a-media_image-4fac64fb754f443d87e7acbf2e18e447.jpg | https://cdn.shopify.com/s/files/1/2337/7003/files/20260226162549-da7ca550c6074d6a-media_image-f41ef2ade2574f1e9eaecd068a2631ef.jpg,https://cdn.shopify.com/s/files/1/2337/7003/files/20260226162550-c486394919d84e9a-media_image-841382287952486a9dd687cfdb65fbea.jpg | https://cdn.shopify.com/s/files/1/2337/7003/files/20260226162550-fc654ae96ed54830-media_image-2ab89d98fbd74f6ead3a6f83910a05c1.jpg | https://cdn.shopify.com/s/files/1/2337/7003/files/20260226162547-87823de8c9344314-media_image-6faf3b02ce1546b0a02405abed9aa916.jpg | https://cdn.shopify.com/s/files/1/2337/7003/files/20260226162548-fac5fda567b34070-media_image-36ad76068bda4740bc072b2d2a85af12.jpg | https://cdn.shopify.com/s/files/1/2337/7003/files/20260226162548-298ebeda85e141cc-media_image-a7e7964d0c9e44f89a0f7d28f23372e6.jpg | https://cdn.shopify.com/s/files/1/2337/7003/files/20260226162549-555c792231154a9f-media_image-bfe88ef8f14b453ba058b874b5e08833.jpg | https://cdn.shopify.com/s/files/1/2337/7003/files/20260226162549-12362a51334b411b-media_image-202a4452d30045d9b21889854a744eb3.jpg | https://cdn.shopify.com/s/files/1/2337/7003/files/20260226162548-f2e52a36a70747c3-media_image-7b4fc99dd3a14e54bc45390362e6de4d.jpg | https://cdn.shopify.com/s/files/1/2337/7003/files/20260226162547-5ca410065c064ad8-media_image-77213a0c492e4866bff4602290708a3e.jpg | https://cdn.shopify.com/s/files/1/2337/7003/files/20260226162546-05174111f5a84e4a-media_image-4fac64fb754f443d87e7acbf2e18e447.jpg | https://cdn.shopify.com/s/files/1/2337/7003/files/20260226162549-da7ca550c6074d6a-media_image-f41ef2ade2574f1e9eaecd068a2631ef.jpg,Pure Chiffon & Silk,"Handcrafted Zardozi, Tilla & Fine Resham","3-Piece (Shirt, Trouser, Dupatta)",ReadyToShip,Stitched,TRUE,FALSE,TRUE,"Exquisite handcrafted Luxury Lawn Edition ensemble from Haseens Official. Masterfully tailored with generational Pakistani artistry, premium pure fabrics, and delicate celebratory motifs."
has-092,Surkhzar,Lawn Collections,Luxury Lawn Edition,80s Count Schiffli Lawn 3-Piece,Luxury Lawn Edition,10800,,https://cdn.shopify.com/s/files/1/2337/7003/files/20260420113842-f3ed3bf9d5424c51-media_image-b01940dabd3343a8a7ae40e034d5a6cd.jpg,https://cdn.shopify.com/s/files/1/2337/7003/files/20260420113843-67e740e330f54cf2-media_image-83b81e2d14754465bf04d9de38bbb565.jpg,https://cdn.shopify.com/s/files/1/2337/7003/files/20260420113842-44fdfb1bbdeb457e-media_image-f48d164c3a6d4c81ac0b495ca1d4a039.jpg,https://cdn.shopify.com/s/files/1/2337/7003/files/20260420113843-8d264575089b4b4b-media_image-7d5ee1d29df946f6b2b92f111788ab83.jpg,https://cdn.shopify.com/s/files/1/2337/7003/files/20260420113843-c5f4bc24339b411f-media_image-8f5e863309254925a30215cc6ea989f5.jpg | https://cdn.shopify.com/s/files/1/2337/7003/files/20260420113843-7109cf055106465f-media_image-a6edd1a8b40d4120b69bf22b72ef16e4.jpg | https://cdn.shopify.com/s/files/1/2337/7003/files/20260420113842-51dc5582494c4252-media_image-874e44bc10dc408ab26eed042a6cf9fb.jpg | https://cdn.shopify.com/s/files/1/2337/7003/files/20260420113842-addeb16b74b846c7-media_image-f5f0a37160334c9d8dcc9709c296758e.jpg,https://cdn.shopify.com/s/files/1/2337/7003/files/20260420113842-f3ed3bf9d5424c51-media_image-b01940dabd3343a8a7ae40e034d5a6cd.jpg | https://cdn.shopify.com/s/files/1/2337/7003/files/20260420113843-67e740e330f54cf2-media_image-83b81e2d14754465bf04d9de38bbb565.jpg | https://cdn.shopify.com/s/files/1/2337/7003/files/20260420113842-44fdfb1bbdeb457e-media_image-f48d164c3a6d4c81ac0b495ca1d4a039.jpg | https://cdn.shopify.com/s/files/1/2337/7003/files/20260420113843-8d264575089b4b4b-media_image-7d5ee1d29df946f6b2b92f111788ab83.jpg | https://cdn.shopify.com/s/files/1/2337/7003/files/20260420113843-c5f4bc24339b411f-media_image-8f5e863309254925a30215cc6ea989f5.jpg | https://cdn.shopify.com/s/files/1/2337/7003/files/20260420113843-7109cf055106465f-media_image-a6edd1a8b40d4120b69bf22b72ef16e4.jpg | https://cdn.shopify.com/s/files/1/2337/7003/files/20260420113842-51dc5582494c4252-media_image-874e44bc10dc408ab26eed042a6cf9fb.jpg | https://cdn.shopify.com/s/files/1/2337/7003/files/20260420113842-addeb16b74b846c7-media_image-f5f0a37160334c9d8dcc9709c296758e.jpg,Pure Chiffon & Silk,"Handcrafted Zardozi, Tilla & Fine Resham","3-Piece (Shirt, Trouser, Dupatta)",0 to 2 Weeks,Stitched,FALSE,FALSE,FALSE,"Exquisite handcrafted Luxury Lawn Edition ensemble from Haseens Official. Masterfully tailored with generational Pakistani artistry, premium pure fabrics, and delicate celebratory motifs."
has-093,Mahroze,Lawn Collections,Luxury Lawn Edition,80s Count Schiffli Lawn 3-Piece,Luxury Lawn Edition,8378,,https://cdn.shopify.com/s/files/1/2337/7003/files/media_image-19c2f5a60b824377acc49cacce9c74d1_37b80db0-1b9f-4cdb-9bd8-188f8f3ee638.jpg?v=1762354429,https://cdn.shopify.com/s/files/1/2337/7003/files/media_image-19c2f5a60b824377acc49cacce9c74d1_37b80db0-1b9f-4cdb-9bd8-188f8f3ee638.jpg,https://cdn.shopify.com/s/files/1/2337/7003/files/media_image-d6dde9047cab4e5bb44972e6b84d3b64_01c96628-dfaf-4d14-9e0d-3fa735ed2bff.png,https://cdn.shopify.com/s/files/1/2337/7003/files/media_image-e46a965ef26d406192322a3b007dd636_6acdde6c-7308-4591-85e8-ed5707fd1806.png,https://cdn.shopify.com/s/files/1/2337/7003/files/media_image-2a748ad7eaee47f2b1ff0e976799ee18_b1e7ad73-57f7-4eaf-99cf-aaf9b8cde557.png | https://cdn.shopify.com/s/files/1/2337/7003/files/media_image-19d94671611149bea9fefb23b3d57e5d_e14785fb-6255-42fc-bac6-33b1aaa82709.png | https://cdn.shopify.com/s/files/1/2337/7003/files/media_image-d6522b681c9645558aebb38807c1ba2e_78402c7b-dbf3-41aa-ab3a-abc34731ba17.png | https://cdn.shopify.com/s/files/1/2337/7003/files/media_image-5c3265080e6f4d4e965749cd055c8b2a_019cb720-fb68-48a6-8cd8-91dc7667b731.png | https://cdn.shopify.com/s/files/1/2337/7003/files/media_image-db8fb0d2c8024d0fb3d3eb07686c9bbb_c100e0ce-4572-4581-9889-93d812006d07.png | https://cdn.shopify.com/s/files/1/2337/7003/files/media_image-c59fa61667114fcb8dd4ea8ae155ca56_f01c9cbb-7b4d-4746-83f9-42df93640555.png,https://cdn.shopify.com/s/files/1/2337/7003/files/media_image-19c2f5a60b824377acc49cacce9c74d1_37b80db0-1b9f-4cdb-9bd8-188f8f3ee638.jpg?v=1762354429 | https://cdn.shopify.com/s/files/1/2337/7003/files/media_image-19c2f5a60b824377acc49cacce9c74d1_37b80db0-1b9f-4cdb-9bd8-188f8f3ee638.jpg | https://cdn.shopify.com/s/files/1/2337/7003/files/media_image-d6dde9047cab4e5bb44972e6b84d3b64_01c96628-dfaf-4d14-9e0d-3fa735ed2bff.png | https://cdn.shopify.com/s/files/1/2337/7003/files/media_image-e46a965ef26d406192322a3b007dd636_6acdde6c-7308-4591-85e8-ed5707fd1806.png | https://cdn.shopify.com/s/files/1/2337/7003/files/media_image-2a748ad7eaee47f2b1ff0e976799ee18_b1e7ad73-57f7-4eaf-99cf-aaf9b8cde557.png | https://cdn.shopify.com/s/files/1/2337/7003/files/media_image-19d94671611149bea9fefb23b3d57e5d_e14785fb-6255-42fc-bac6-33b1aaa82709.png | https://cdn.shopify.com/s/files/1/2337/7003/files/media_image-d6522b681c9645558aebb38807c1ba2e_78402c7b-dbf3-41aa-ab3a-abc34731ba17.png | https://cdn.shopify.com/s/files/1/2337/7003/files/media_image-5c3265080e6f4d4e965749cd055c8b2a_019cb720-fb68-48a6-8cd8-91dc7667b731.png | https://cdn.shopify.com/s/files/1/2337/7003/files/media_image-db8fb0d2c8024d0fb3d3eb07686c9bbb_c100e0ce-4572-4581-9889-93d812006d07.png | https://cdn.shopify.com/s/files/1/2337/7003/files/media_image-c59fa61667114fcb8dd4ea8ae155ca56_f01c9cbb-7b4d-4746-83f9-42df93640555.png,Pure Chiffon & Silk,"Handcrafted Zardozi, Tilla & Fine Resham","3-Piece (Shirt, Trouser, Dupatta)",ReadyToShip,Stitched,FALSE,TRUE,FALSE,"Exquisite handcrafted Luxury Lawn Edition ensemble from Haseens Official. Masterfully tailored with generational Pakistani artistry, premium pure fabrics, and delicate celebratory motifs."
has-094,Verda,Lawn Collections,Luxury Lawn Edition,80s Count Schiffli Lawn 3-Piece,Luxury Lawn Edition,8700,,https://cdn.shopify.com/s/files/1/2337/7003/files/media_image-c3d8a37f21554a9285c33ad1087ddfba_dd295428-d241-4ea5-b067-664bcc555662.png?v=1762356119,https://cdn.shopify.com/s/files/1/2337/7003/files/media_image-c3d8a37f21554a9285c33ad1087ddfba_dd295428-d241-4ea5-b067-664bcc555662.png,https://cdn.shopify.com/s/files/1/2337/7003/files/media_image-a051c210a6b5483e8afcbbf1a1c3c5c4_66f54637-da80-44f1-9ee9-5a23708557ea.jpg,https://cdn.shopify.com/s/files/1/2337/7003/files/media_image-fff82092c0254b81906ea6d3045cdd5a_cdc35f61-efa1-4e28-b495-dea1efc57d72.png,https://cdn.shopify.com/s/files/1/2337/7003/files/media_image-e2cac65ef2fe408b9b09ecaa15e5d064_eaa3c2b3-b480-4790-8781-43fa755e30e6.png | https://cdn.shopify.com/s/files/1/2337/7003/files/media_image-81c0c447cb654d30b503b0a7b99b6cd3_ac39fe45-6392-4e05-85fc-fe36d778cd00.png | https://cdn.shopify.com/s/files/1/2337/7003/files/media_image-ee746d7194944d9fb49c9c653060e122_fc958354-8d97-4210-86e5-a09f17c2790b.png | https://cdn.shopify.com/s/files/1/2337/7003/files/media_image-5f9e5614e93f465f9e90377cf9e561c6_a98a1c76-7d34-43f1-9dc0-b27b20c71250.png | https://cdn.shopify.com/s/files/1/2337/7003/files/media_image-1cb9392f10474edcb53d6993904635a9_34bc912c-99d7-4bd6-8c1c-2d017934914a.png | https://cdn.shopify.com/s/files/1/2337/7003/files/media_image-1dc7d969a12c41a1916ef8381e84476f.png,https://cdn.shopify.com/s/files/1/2337/7003/files/media_image-c3d8a37f21554a9285c33ad1087ddfba_dd295428-d241-4ea5-b067-664bcc555662.png?v=1762356119 | https://cdn.shopify.com/s/files/1/2337/7003/files/media_image-c3d8a37f21554a9285c33ad1087ddfba_dd295428-d241-4ea5-b067-664bcc555662.png | https://cdn.shopify.com/s/files/1/2337/7003/files/media_image-a051c210a6b5483e8afcbbf1a1c3c5c4_66f54637-da80-44f1-9ee9-5a23708557ea.jpg | https://cdn.shopify.com/s/files/1/2337/7003/files/media_image-fff82092c0254b81906ea6d3045cdd5a_cdc35f61-efa1-4e28-b495-dea1efc57d72.png | https://cdn.shopify.com/s/files/1/2337/7003/files/media_image-e2cac65ef2fe408b9b09ecaa15e5d064_eaa3c2b3-b480-4790-8781-43fa755e30e6.png | https://cdn.shopify.com/s/files/1/2337/7003/files/media_image-81c0c447cb654d30b503b0a7b99b6cd3_ac39fe45-6392-4e05-85fc-fe36d778cd00.png | https://cdn.shopify.com/s/files/1/2337/7003/files/media_image-ee746d7194944d9fb49c9c653060e122_fc958354-8d97-4210-86e5-a09f17c2790b.png | https://cdn.shopify.com/s/files/1/2337/7003/files/media_image-5f9e5614e93f465f9e90377cf9e561c6_a98a1c76-7d34-43f1-9dc0-b27b20c71250.png | https://cdn.shopify.com/s/files/1/2337/7003/files/media_image-1cb9392f10474edcb53d6993904635a9_34bc912c-99d7-4bd6-8c1c-2d017934914a.png | https://cdn.shopify.com/s/files/1/2337/7003/files/media_image-1dc7d969a12c41a1916ef8381e84476f.png,Pure Chiffon & Silk,"Handcrafted Zardozi, Tilla & Fine Resham","3-Piece (Shirt, Trouser, Dupatta)",ReadyToShip,Stitched,FALSE,FALSE,TRUE,"Exquisite handcrafted Luxury Lawn Edition ensemble from Haseens Official. Masterfully tailored with generational Pakistani artistry, premium pure fabrics, and delicate celebratory motifs."
has-095,Arzay,Lawn Collections,Luxury Lawn Edition,80s Count Schiffli Lawn 3-Piece,Luxury Lawn Edition,7965,,https://cdn.shopify.com/s/files/1/2337/7003/files/20260226162245-d78e5dcd99ab472e-media_image-3ff75d35f1e5440d9cce9c7fb1878e35.jpg,https://cdn.shopify.com/s/files/1/2337/7003/files/20260226162243-ab8e61a641b34d59-media_image-c794983acf994f9d985bc7e51d3e7967.jpg,https://cdn.shopify.com/s/files/1/2337/7003/files/20260226162245-fe7e46c432c64a44-media_image-4fe8c796cd6a4c27adb3799d6358c9cc.jpg,https://cdn.shopify.com/s/files/1/2337/7003/files/20260226162246-9b49aa098fc64684-media_image-56f0e547ed3c416eb97aed9aefa514cb.jpg,https://cdn.shopify.com/s/files/1/2337/7003/files/20260226162244-bd6dd12089794133-media_image-610891b4b20b48bfb7252cd3292e3861.jpg | https://cdn.shopify.com/s/files/1/2337/7003/files/20260226162243-88b35d2f67cc4d87-media_image-eaee0ba95c74495b8c74d902829a94b3.jpg | https://cdn.shopify.com/s/files/1/2337/7003/files/20260226162244-d1423c97065e4e9b-media_image-6a9029524e5f45ac8b918f138e047687.jpg | https://cdn.shopify.com/s/files/1/2337/7003/files/20260226162243-8fe2e8401b434a1c-media_image-b8c7e34af99541b0ba700cdd47803300.jpg | https://cdn.shopify.com/s/files/1/2337/7003/files/20260226162244-722affdfa0a24af3-media_image-e4e5eda76497405c84842b74864933bb.jpg | https://cdn.shopify.com/s/files/1/2337/7003/files/20260226162245-5678f2d3eeb1497c-media_image-836a3c302f2b469b985d4e4a4a66de38.jpg,https://cdn.shopify.com/s/files/1/2337/7003/files/20260226162245-d78e5dcd99ab472e-media_image-3ff75d35f1e5440d9cce9c7fb1878e35.jpg | https://cdn.shopify.com/s/files/1/2337/7003/files/20260226162243-ab8e61a641b34d59-media_image-c794983acf994f9d985bc7e51d3e7967.jpg | https://cdn.shopify.com/s/files/1/2337/7003/files/20260226162245-fe7e46c432c64a44-media_image-4fe8c796cd6a4c27adb3799d6358c9cc.jpg | https://cdn.shopify.com/s/files/1/2337/7003/files/20260226162246-9b49aa098fc64684-media_image-56f0e547ed3c416eb97aed9aefa514cb.jpg | https://cdn.shopify.com/s/files/1/2337/7003/files/20260226162244-bd6dd12089794133-media_image-610891b4b20b48bfb7252cd3292e3861.jpg | https://cdn.shopify.com/s/files/1/2337/7003/files/20260226162243-88b35d2f67cc4d87-media_image-eaee0ba95c74495b8c74d902829a94b3.jpg | https://cdn.shopify.com/s/files/1/2337/7003/files/20260226162244-d1423c97065e4e9b-media_image-6a9029524e5f45ac8b918f138e047687.jpg | https://cdn.shopify.com/s/files/1/2337/7003/files/20260226162243-8fe2e8401b434a1c-media_image-b8c7e34af99541b0ba700cdd47803300.jpg | https://cdn.shopify.com/s/files/1/2337/7003/files/20260226162244-722affdfa0a24af3-media_image-e4e5eda76497405c84842b74864933bb.jpg | https://cdn.shopify.com/s/files/1/2337/7003/files/20260226162245-5678f2d3eeb1497c-media_image-836a3c302f2b469b985d4e4a4a66de38.jpg,Pure Chiffon & Silk,"Handcrafted Zardozi, Tilla & Fine Resham","3-Piece (Shirt, Trouser, Dupatta)",0 to 2 Weeks,Stitched,FALSE,FALSE,FALSE,"Exquisite handcrafted Luxury Lawn Edition ensemble from Haseens Official. Masterfully tailored with generational Pakistani artistry, premium pure fabrics, and delicate celebratory motifs."
has-096,Zivaar,Lawn Collections,Luxury Lawn Edition,80s Count Schiffli Lawn 3-Piece,Luxury Lawn Edition,10080,,https://cdn.shopify.com/s/files/1/2337/7003/files/20260417155604-8830fd0f39ac4066-media_image-7c91087e430b43d28a18a41e91ba2a93.jpg,https://cdn.shopify.com/s/files/1/2337/7003/files/20260417155603-c9471a6b95e4459f-media_image-7feea8f16e5a4ee9bf7ffda913c1dc1d.jpg,https://cdn.shopify.com/s/files/1/2337/7003/files/20260417155602-d005234b732746cd-media_image-721a006f4eee4de7b0f375b9b24b96ec.jpg,https://cdn.shopify.com/s/files/1/2337/7003/files/20260417155603-2377bf69483f4ede-media_image-d1f613ecf48c432084630be745f08c0d.jpg,https://cdn.shopify.com/s/files/1/2337/7003/files/20260417155605-12806607d0cb4c4e-media_image-1c40f02173a948d9a0e3cb3c796c4a43.jpg | https://cdn.shopify.com/s/files/1/2337/7003/files/20260417155604-d8102445c72a4913-media_image-dd0b69f2a4014aeab8fbbee085a70159.jpg | https://cdn.shopify.com/s/files/1/2337/7003/files/20260417155605-d86becd699ac4673-media_image-314d4f4262f04945a5b0dc51692d39dd.jpg | https://cdn.shopify.com/s/files/1/2337/7003/files/20260417155602-f5eebfe2bc794634-media_image-6d171992c3a4432c9249b65af53b8b03.jpg | https://cdn.shopify.com/s/files/1/2337/7003/files/20260417155603-b49cdb93aaef4f36-media_image-3c482dd6bbe74c498c182b0ec962f972.jpg,https://cdn.shopify.com/s/files/1/2337/7003/files/20260417155604-8830fd0f39ac4066-media_image-7c91087e430b43d28a18a41e91ba2a93.jpg | https://cdn.shopify.com/s/files/1/2337/7003/files/20260417155603-c9471a6b95e4459f-media_image-7feea8f16e5a4ee9bf7ffda913c1dc1d.jpg | https://cdn.shopify.com/s/files/1/2337/7003/files/20260417155602-d005234b732746cd-media_image-721a006f4eee4de7b0f375b9b24b96ec.jpg | https://cdn.shopify.com/s/files/1/2337/7003/files/20260417155603-2377bf69483f4ede-media_image-d1f613ecf48c432084630be745f08c0d.jpg | https://cdn.shopify.com/s/files/1/2337/7003/files/20260417155605-12806607d0cb4c4e-media_image-1c40f02173a948d9a0e3cb3c796c4a43.jpg | https://cdn.shopify.com/s/files/1/2337/7003/files/20260417155604-d8102445c72a4913-media_image-dd0b69f2a4014aeab8fbbee085a70159.jpg | https://cdn.shopify.com/s/files/1/2337/7003/files/20260417155605-d86becd699ac4673-media_image-314d4f4262f04945a5b0dc51692d39dd.jpg | https://cdn.shopify.com/s/files/1/2337/7003/files/20260417155602-f5eebfe2bc794634-media_image-6d171992c3a4432c9249b65af53b8b03.jpg | https://cdn.shopify.com/s/files/1/2337/7003/files/20260417155603-b49cdb93aaef4f36-media_image-3c482dd6bbe74c498c182b0ec962f972.jpg,Pure Chiffon & Silk,"Handcrafted Zardozi, Tilla & Fine Resham","3-Piece (Shirt, Trouser, Dupatta)",0 to 2 Weeks,Stitched,TRUE,FALSE,FALSE,"Exquisite handcrafted Luxury Lawn Edition ensemble from Haseens Official. Masterfully tailored with generational Pakistani artistry, premium pure fabrics, and delicate celebratory motifs."
has-097,Nura,Lawn Collections,Luxury Lawn Edition,80s Count Schiffli Lawn 3-Piece,Luxury Lawn Edition,11120,,https://cdn.shopify.com/s/files/1/2337/7003/files/media_image-1ac43bd101e44443aecb56e4a6b7e182_2b61afc1-06b9-4b1f-a39b-019491cae7e9.png?v=1762358523,https://cdn.shopify.com/s/files/1/2337/7003/files/media_image-1ac43bd101e44443aecb56e4a6b7e182_2b61afc1-06b9-4b1f-a39b-019491cae7e9.png,https://cdn.shopify.com/s/files/1/2337/7003/files/media_image-2777e3f1a1d3416ca8974ed032f8dbb1_9732b890-c93e-4593-b40f-9f83c79287f7.jpg,https://cdn.shopify.com/s/files/1/2337/7003/files/media_image-916167f098004cb0b30fb3e94e6deb98_356f77f6-a087-4b8d-aa50-506e3117d5f9.png,https://cdn.shopify.com/s/files/1/2337/7003/files/media_image-8eef56974a294a008410649c3bb28370_d6625a98-a721-4eff-a37a-9b205c884873.png | https://cdn.shopify.com/s/files/1/2337/7003/files/media_image-452b0748b72344fdb9782a955efc199b_10391251-747f-4f62-94b5-59c18d5c73aa.png | https://cdn.shopify.com/s/files/1/2337/7003/files/media_image-96f560e011424ce4a4b6794155f1fbf5_71e31e61-9246-4852-8165-74fa759f961c.png | https://cdn.shopify.com/s/files/1/2337/7003/files/media_image-d30e0f11077b4c7aa6622f91748a89de_190aedc9-e94d-479a-a6af-9514def45b76.png | https://cdn.shopify.com/s/files/1/2337/7003/files/media_image-f0866dce2efa443ea89963d3c43a31de_8e60a4e8-6873-4a96-a74d-96e46e95b5fb.png | https://cdn.shopify.com/s/files/1/2337/7003/files/media_image-49d1a5bb2285493b96149cf707c79b59_d79c3134-f794-46d1-9c0e-cd85e3ddbf5b.png,https://cdn.shopify.com/s/files/1/2337/7003/files/media_image-1ac43bd101e44443aecb56e4a6b7e182_2b61afc1-06b9-4b1f-a39b-019491cae7e9.png?v=1762358523 | https://cdn.shopify.com/s/files/1/2337/7003/files/media_image-1ac43bd101e44443aecb56e4a6b7e182_2b61afc1-06b9-4b1f-a39b-019491cae7e9.png | https://cdn.shopify.com/s/files/1/2337/7003/files/media_image-2777e3f1a1d3416ca8974ed032f8dbb1_9732b890-c93e-4593-b40f-9f83c79287f7.jpg | https://cdn.shopify.com/s/files/1/2337/7003/files/media_image-916167f098004cb0b30fb3e94e6deb98_356f77f6-a087-4b8d-aa50-506e3117d5f9.png | https://cdn.shopify.com/s/files/1/2337/7003/files/media_image-8eef56974a294a008410649c3bb28370_d6625a98-a721-4eff-a37a-9b205c884873.png | https://cdn.shopify.com/s/files/1/2337/7003/files/media_image-452b0748b72344fdb9782a955efc199b_10391251-747f-4f62-94b5-59c18d5c73aa.png | https://cdn.shopify.com/s/files/1/2337/7003/files/media_image-96f560e011424ce4a4b6794155f1fbf5_71e31e61-9246-4852-8165-74fa759f961c.png | https://cdn.shopify.com/s/files/1/2337/7003/files/media_image-d30e0f11077b4c7aa6622f91748a89de_190aedc9-e94d-479a-a6af-9514def45b76.png | https://cdn.shopify.com/s/files/1/2337/7003/files/media_image-f0866dce2efa443ea89963d3c43a31de_8e60a4e8-6873-4a96-a74d-96e46e95b5fb.png | https://cdn.shopify.com/s/files/1/2337/7003/files/media_image-49d1a5bb2285493b96149cf707c79b59_d79c3134-f794-46d1-9c0e-cd85e3ddbf5b.png,Pure Chiffon & Silk,"Handcrafted Zardozi, Tilla & Fine Resham","3-Piece (Shirt, Trouser, Dupatta)",ReadyToShip,Stitched,FALSE,TRUE,TRUE,"Exquisite handcrafted Luxury Lawn Edition ensemble from Haseens Official. Masterfully tailored with generational Pakistani artistry, premium pure fabrics, and delicate celebratory motifs."
has-098,Lyra,Lawn Collections,Luxury Lawn Edition,80s Count Schiffli Lawn 3-Piece,Luxury Lawn Edition,6987,,https://cdn.shopify.com/s/files/1/2337/7003/files/media_image-fd521537c24e453e9723a0ef0e5e9c26_6a9a89e3-807e-44b3-880d-4ed0bb5ce1b0.png?v=1762337871,https://cdn.shopify.com/s/files/1/2337/7003/files/media_image-fd521537c24e453e9723a0ef0e5e9c26_6a9a89e3-807e-44b3-880d-4ed0bb5ce1b0.png,https://cdn.shopify.com/s/files/1/2337/7003/files/media_image-f877bc86c10742bc81fece90037726c2_5b0df0a2-5c63-4b55-9aee-9ad97dead08d.png,https://cdn.shopify.com/s/files/1/2337/7003/files/media_image-e9893a33504148af81adac2605bc1067_17e7c8a1-c842-4988-abb8-3d9461969d79.png,https://cdn.shopify.com/s/files/1/2337/7003/files/media_image-41be6f839d51499990c364d8f9f940d0_30ddbc23-c80f-4640-b269-83e3b20ca08d.jpg | https://cdn.shopify.com/s/files/1/2337/7003/files/media_image-41264b6248504827963960979a06612b_21957d62-3cb7-4890-98d1-2d0dabbcd979.png | https://cdn.shopify.com/s/files/1/2337/7003/files/media_image-13a81441e5bf40258127b65741d15908_cc790705-f4c9-48c8-bd80-53b5fe28e903.png | https://cdn.shopify.com/s/files/1/2337/7003/files/media_image-32f0dc175a714ca485592c58edebe633_7939256d-4e7e-407f-b3f1-9115062542e5.png | https://cdn.shopify.com/s/files/1/2337/7003/files/media_image-5c7dd17604594a4d9ff803be7a2f4524_f9b8380d-dc51-4d3d-bc9e-bb7be19d434b.png,https://cdn.shopify.com/s/files/1/2337/7003/files/media_image-fd521537c24e453e9723a0ef0e5e9c26_6a9a89e3-807e-44b3-880d-4ed0bb5ce1b0.png?v=1762337871 | https://cdn.shopify.com/s/files/1/2337/7003/files/media_image-fd521537c24e453e9723a0ef0e5e9c26_6a9a89e3-807e-44b3-880d-4ed0bb5ce1b0.png | https://cdn.shopify.com/s/files/1/2337/7003/files/media_image-f877bc86c10742bc81fece90037726c2_5b0df0a2-5c63-4b55-9aee-9ad97dead08d.png | https://cdn.shopify.com/s/files/1/2337/7003/files/media_image-e9893a33504148af81adac2605bc1067_17e7c8a1-c842-4988-abb8-3d9461969d79.png | https://cdn.shopify.com/s/files/1/2337/7003/files/media_image-41be6f839d51499990c364d8f9f940d0_30ddbc23-c80f-4640-b269-83e3b20ca08d.jpg | https://cdn.shopify.com/s/files/1/2337/7003/files/media_image-41264b6248504827963960979a06612b_21957d62-3cb7-4890-98d1-2d0dabbcd979.png | https://cdn.shopify.com/s/files/1/2337/7003/files/media_image-13a81441e5bf40258127b65741d15908_cc790705-f4c9-48c8-bd80-53b5fe28e903.png | https://cdn.shopify.com/s/files/1/2337/7003/files/media_image-32f0dc175a714ca485592c58edebe633_7939256d-4e7e-407f-b3f1-9115062542e5.png | https://cdn.shopify.com/s/files/1/2337/7003/files/media_image-5c7dd17604594a4d9ff803be7a2f4524_f9b8380d-dc51-4d3d-bc9e-bb7be19d434b.png,Pure Chiffon & Silk,"Handcrafted Zardozi, Tilla & Fine Resham","3-Piece (Shirt, Trouser, Dupatta)",ReadyToShip,Stitched,FALSE,FALSE,FALSE,"Exquisite handcrafted Luxury Lawn Edition ensemble from Haseens Official. Masterfully tailored with generational Pakistani artistry, premium pure fabrics, and delicate celebratory motifs."
has-099,Ayma,Lawn Collections,Luxury Lawn Edition,80s Count Schiffli Lawn 3-Piece,Luxury Lawn Edition,7191,,https://cdn.shopify.com/s/files/1/2337/7003/files/20260417144008-674e2c5c46ba4d16-media_image-3fbddae1ce9e4f89b398ddff39cc73b6.jpg,https://cdn.shopify.com/s/files/1/2337/7003/files/20260417144007-e25f88b1a8fc4583-media_image-167678d9b7b7479da70aa3d82c55c145.jpg,https://cdn.shopify.com/s/files/1/2337/7003/files/20260417144007-a6ee5e1839d643fd-media_image-e417dc357419483abdd0251bdf743e24.jpg,https://cdn.shopify.com/s/files/1/2337/7003/files/20260417144008-38b711eb2bd04e07-media_image-525d4ec049bc4440881ca45101c79ecb.jpg,https://cdn.shopify.com/s/files/1/2337/7003/files/20260417144008-106ec1bb7da9494b-media_image-2ea0b9a8d5a94d46b88947647072d7d5.jpg | https://cdn.shopify.com/s/files/1/2337/7003/files/20260417144007-0e10222918d64f6f-media_image-a9ac1262ae4c4ae396227abae3beef06.jpg | https://cdn.shopify.com/s/files/1/2337/7003/files/20260417144007-18645330cf17420c-media_image-ebcc1f72552547e4a2edb077ad4ad0e4.jpg | https://cdn.shopify.com/s/files/1/2337/7003/files/20260417144009-a27a2b588c354901-media_image-cab3276379ca4723bd9a3c5dd9aebddf.jpg | https://cdn.shopify.com/s/files/1/2337/7003/files/20260417144008-22168d3f84214f9f-media_image-6ea44493ff3341dfbb365104147c1bb3.jpg,https://cdn.shopify.com/s/files/1/2337/7003/files/20260417144008-674e2c5c46ba4d16-media_image-3fbddae1ce9e4f89b398ddff39cc73b6.jpg | https://cdn.shopify.com/s/files/1/2337/7003/files/20260417144007-e25f88b1a8fc4583-media_image-167678d9b7b7479da70aa3d82c55c145.jpg | https://cdn.shopify.com/s/files/1/2337/7003/files/20260417144007-a6ee5e1839d643fd-media_image-e417dc357419483abdd0251bdf743e24.jpg | https://cdn.shopify.com/s/files/1/2337/7003/files/20260417144008-38b711eb2bd04e07-media_image-525d4ec049bc4440881ca45101c79ecb.jpg | https://cdn.shopify.com/s/files/1/2337/7003/files/20260417144008-106ec1bb7da9494b-media_image-2ea0b9a8d5a94d46b88947647072d7d5.jpg | https://cdn.shopify.com/s/files/1/2337/7003/files/20260417144007-0e10222918d64f6f-media_image-a9ac1262ae4c4ae396227abae3beef06.jpg | https://cdn.shopify.com/s/files/1/2337/7003/files/20260417144007-18645330cf17420c-media_image-ebcc1f72552547e4a2edb077ad4ad0e4.jpg | https://cdn.shopify.com/s/files/1/2337/7003/files/20260417144009-a27a2b588c354901-media_image-cab3276379ca4723bd9a3c5dd9aebddf.jpg | https://cdn.shopify.com/s/files/1/2337/7003/files/20260417144008-22168d3f84214f9f-media_image-6ea44493ff3341dfbb365104147c1bb3.jpg,Pure Chiffon & Silk,"Handcrafted Zardozi, Tilla & Fine Resham","3-Piece (Shirt, Trouser, Dupatta)",0 to 2 Weeks,Stitched,FALSE,FALSE,FALSE,"Exquisite handcrafted Luxury Lawn Edition ensemble from Haseens Official. Masterfully tailored with generational Pakistani artistry, premium pure fabrics, and delicate celebratory motifs."
has-100,Vareen,Lawn Collections,Luxury Lawn Edition,80s Count Schiffli Lawn 3-Piece,Luxury Lawn Edition,10960,,https://cdn.shopify.com/s/files/1/2337/7003/files/20260226163105-b85b0ef93c644462-media_image-f15469886a6849e5bad9c14726a26745.jpg,https://cdn.shopify.com/s/files/1/2337/7003/files/20260226163106-03b083f0960145d7-media_image-7bd7e23fd313487a84dc406d07908540.jpg,https://cdn.shopify.com/s/files/1/2337/7003/files/20260226163105-1a7c258006334068-media_image-88abe120ff8c44949b889bf5b3b005a2.jpg,https://cdn.shopify.com/s/files/1/2337/7003/files/20260226163105-ee5a661a6f7f4753-media_image-9bd4631b31b84821be7c190706e7956d.jpg,https://cdn.shopify.com/s/files/1/2337/7003/files/20260226163105-d54c96abbf7d45b2-media_image-b2f32b8c56424c988d397fa50695922e.jpg | https://cdn.shopify.com/s/files/1/2337/7003/files/20260226163107-9a16f91231a940ee-media_image-6ab7895a3b7b429cae94d98532e089ae.jpg | https://cdn.shopify.com/s/files/1/2337/7003/files/20260226163106-88f1307ab5934e29-media_image-c6ee3b21f6ff44f9838fd46cf1ebd936.jpg | https://cdn.shopify.com/s/files/1/2337/7003/files/20260226163106-8347554df9114526-media_image-a11f1983135a4852acc6e6f358faaa4c.jpg | https://cdn.shopify.com/s/files/1/2337/7003/files/20260226163107-b85eab8290944c55-media_image-24ce4d8f7f1343b586ed17b7627c6b51.jpg | https://cdn.shopify.com/s/files/1/2337/7003/files/20260226163105-02766db81f4140b9-media_image-4139f5ef949043c18ce1f93aca48b190.jpg | https://cdn.shopify.com/s/files/1/2337/7003/files/20260226163107-c33a08626f2a44ef-media_image-6961c9dd4b0c49c4a5bbdaf1e208e181.jpg | https://cdn.shopify.com/s/files/1/2337/7003/files/20260226163105-7b543c9dc9d74b37-media_image-4f82d83d1372411bbfb5f8c7532fd9f7.jpg | https://cdn.shopify.com/s/files/1/2337/7003/files/20260226163106-aa98fb26d41e4e5e-media_image-fc2065bd1cdd4b06baa16af92051e5fb.jpg,https://cdn.shopify.com/s/files/1/2337/7003/files/20260226163105-b85b0ef93c644462-media_image-f15469886a6849e5bad9c14726a26745.jpg | https://cdn.shopify.com/s/files/1/2337/7003/files/20260226163106-03b083f0960145d7-media_image-7bd7e23fd313487a84dc406d07908540.jpg | https://cdn.shopify.com/s/files/1/2337/7003/files/20260226163105-1a7c258006334068-media_image-88abe120ff8c44949b889bf5b3b005a2.jpg | https://cdn.shopify.com/s/files/1/2337/7003/files/20260226163105-ee5a661a6f7f4753-media_image-9bd4631b31b84821be7c190706e7956d.jpg | https://cdn.shopify.com/s/files/1/2337/7003/files/20260226163105-d54c96abbf7d45b2-media_image-b2f32b8c56424c988d397fa50695922e.jpg | https://cdn.shopify.com/s/files/1/2337/7003/files/20260226163107-9a16f91231a940ee-media_image-6ab7895a3b7b429cae94d98532e089ae.jpg | https://cdn.shopify.com/s/files/1/2337/7003/files/20260226163106-88f1307ab5934e29-media_image-c6ee3b21f6ff44f9838fd46cf1ebd936.jpg | https://cdn.shopify.com/s/files/1/2337/7003/files/20260226163106-8347554df9114526-media_image-a11f1983135a4852acc6e6f358faaa4c.jpg | https://cdn.shopify.com/s/files/1/2337/7003/files/20260226163107-b85eab8290944c55-media_image-24ce4d8f7f1343b586ed17b7627c6b51.jpg | https://cdn.shopify.com/s/files/1/2337/7003/files/20260226163105-02766db81f4140b9-media_image-4139f5ef949043c18ce1f93aca48b190.jpg | https://cdn.shopify.com/s/files/1/2337/7003/files/20260226163107-c33a08626f2a44ef-media_image-6961c9dd4b0c49c4a5bbdaf1e208e181.jpg | https://cdn.shopify.com/s/files/1/2337/7003/files/20260226163105-7b543c9dc9d74b37-media_image-4f82d83d1372411bbfb5f8c7532fd9f7.jpg | https://cdn.shopify.com/s/files/1/2337/7003/files/20260226163106-aa98fb26d41e4e5e-media_image-fc2065bd1cdd4b06baa16af92051e5fb.jpg,Pure Chiffon & Silk,"Handcrafted Zardozi, Tilla & Fine Resham","3-Piece (Shirt, Trouser, Dupatta)",0 to 2 Weeks,Stitched,FALSE,FALSE,TRUE,"Exquisite handcrafted Luxury Lawn Edition ensemble from Haseens Official. Masterfully tailored with generational Pakistani artistry, premium pure fabrics, and delicate celebratory motifs."
has-101,Zoya,Lawn Collections,Luxury Lawn Edition,80s Count Schiffli Lawn 3-Piece,Luxury Lawn Edition,10160,,https://cdn.shopify.com/s/files/1/2337/7003/files/20260417154452-a9b64538c48f494a-media_image-66e65e10c6944ca8a0736981252ce007.jpg,https://cdn.shopify.com/s/files/1/2337/7003/files/20260417154453-de5e98f05f84485d-media_image-3306a9663eec4cc9b9e9d173c2be110b.jpg,https://cdn.shopify.com/s/files/1/2337/7003/files/20260417154453-08661f57a0bd4d94-media_image-93b0cff60b4c4f74bb3f0dd0db4bd5ee.jpg,https://cdn.shopify.com/s/files/1/2337/7003/files/20260417154453-0f9d116f0b154c34-media_image-8fc6fda846c74c85bc8d2a7f5ed93a93.jpg,https://cdn.shopify.com/s/files/1/2337/7003/files/20260417154453-ff4010956cf44a49-media_image-8187f5fc1a964b1aa42b152b053345ac.jpg | https://cdn.shopify.com/s/files/1/2337/7003/files/20260417154452-5b7d5e218eb742c4-media_image-bf84262def5946108448504c6aa855b4.jpg | https://cdn.shopify.com/s/files/1/2337/7003/files/20260417154452-1c492d1aec764086-media_image-d9baff2f289c40ac8f1d2a7f1fd3415f.jpg,https://cdn.shopify.com/s/files/1/2337/7003/files/20260417154452-a9b64538c48f494a-media_image-66e65e10c6944ca8a0736981252ce007.jpg | https://cdn.shopify.com/s/files/1/2337/7003/files/20260417154453-de5e98f05f84485d-media_image-3306a9663eec4cc9b9e9d173c2be110b.jpg | https://cdn.shopify.com/s/files/1/2337/7003/files/20260417154453-08661f57a0bd4d94-media_image-93b0cff60b4c4f74bb3f0dd0db4bd5ee.jpg | https://cdn.shopify.com/s/files/1/2337/7003/files/20260417154453-0f9d116f0b154c34-media_image-8fc6fda846c74c85bc8d2a7f5ed93a93.jpg | https://cdn.shopify.com/s/files/1/2337/7003/files/20260417154453-ff4010956cf44a49-media_image-8187f5fc1a964b1aa42b152b053345ac.jpg | https://cdn.shopify.com/s/files/1/2337/7003/files/20260417154452-5b7d5e218eb742c4-media_image-bf84262def5946108448504c6aa855b4.jpg | https://cdn.shopify.com/s/files/1/2337/7003/files/20260417154452-1c492d1aec764086-media_image-d9baff2f289c40ac8f1d2a7f1fd3415f.jpg,Pure Chiffon & Silk,"Handcrafted Zardozi, Tilla & Fine Resham","3-Piece (Shirt, Trouser, Dupatta)",0 to 2 Weeks,Stitched,TRUE,TRUE,FALSE,"Exquisite handcrafted Luxury Lawn Edition ensemble from Haseens Official. Masterfully tailored with generational Pakistani artistry, premium pure fabrics, and delicate celebratory motifs."
has-102,Haneen,Lawn Collections,Luxury Lawn Edition,80s Count Schiffli Lawn 3-Piece,Luxury Lawn Edition,7874,,https://cdn.shopify.com/s/files/1/2337/7003/files/20260417145239-a18b26f7654c49f3-media_image-6eb3d8545ba64f7c93a0e0618213c8b2.jpg,https://cdn.shopify.com/s/files/1/2337/7003/files/20260417145240-feaf4f1225044721-media_image-0b45e8a93ca64351bea1a548bf30d30b.jpg,https://cdn.shopify.com/s/files/1/2337/7003/files/20260417145239-ee2f2475648747e7-media_image-ba6816abdf484703a4d310ce7b301d52.jpg,https://cdn.shopify.com/s/files/1/2337/7003/files/20260417145239-38842efb3dc84570-media_image-d524bd57595d4312af7da5e0c1246d5a.jpg,https://cdn.shopify.com/s/files/1/2337/7003/files/20260417145241-e91129da15224068-media_image-758b0e8383f04301a02254b3ec5e9c46.jpg | https://cdn.shopify.com/s/files/1/2337/7003/files/20260417145241-95824cf452c94060-media_image-db61b3c7c5cd4d5abe8ba742cf188c16.jpg | https://cdn.shopify.com/s/files/1/2337/7003/files/20260417145240-7dddd884fe7042c9-media_image-8288e1f1fb9446c6a66e22f10cd7c9ab.jpg | https://cdn.shopify.com/s/files/1/2337/7003/files/20260417145241-c26b2d9e469c4c4a-media_image-777d098ab0914895a1f19427472af778.jpg | https://cdn.shopify.com/s/files/1/2337/7003/files/20260417145240-3cf8081fe8324931-media_image-0b95b5f842e44d6aa680497290c03a81.jpg | https://cdn.shopify.com/s/files/1/2337/7003/files/20260417145240-843d2b0eeb3c446b-media_image-254d3eac7e444cc79521a73a83fceede.jpg,https://cdn.shopify.com/s/files/1/2337/7003/files/20260417145239-a18b26f7654c49f3-media_image-6eb3d8545ba64f7c93a0e0618213c8b2.jpg | https://cdn.shopify.com/s/files/1/2337/7003/files/20260417145240-feaf4f1225044721-media_image-0b45e8a93ca64351bea1a548bf30d30b.jpg | https://cdn.shopify.com/s/files/1/2337/7003/files/20260417145239-ee2f2475648747e7-media_image-ba6816abdf484703a4d310ce7b301d52.jpg | https://cdn.shopify.com/s/files/1/2337/7003/files/20260417145239-38842efb3dc84570-media_image-d524bd57595d4312af7da5e0c1246d5a.jpg | https://cdn.shopify.com/s/files/1/2337/7003/files/20260417145241-e91129da15224068-media_image-758b0e8383f04301a02254b3ec5e9c46.jpg | https://cdn.shopify.com/s/files/1/2337/7003/files/20260417145241-95824cf452c94060-media_image-db61b3c7c5cd4d5abe8ba742cf188c16.jpg | https://cdn.shopify.com/s/files/1/2337/7003/files/20260417145240-7dddd884fe7042c9-media_image-8288e1f1fb9446c6a66e22f10cd7c9ab.jpg | https://cdn.shopify.com/s/files/1/2337/7003/files/20260417145241-c26b2d9e469c4c4a-media_image-777d098ab0914895a1f19427472af778.jpg | https://cdn.shopify.com/s/files/1/2337/7003/files/20260417145240-3cf8081fe8324931-media_image-0b95b5f842e44d6aa680497290c03a81.jpg | https://cdn.shopify.com/s/files/1/2337/7003/files/20260417145240-843d2b0eeb3c446b-media_image-254d3eac7e444cc79521a73a83fceede.jpg,Pure Chiffon & Silk,"Handcrafted Zardozi, Tilla & Fine Resham","3-Piece (Shirt, Trouser, Dupatta)",0 to 2 Weeks,Stitched,FALSE,FALSE,FALSE,"Exquisite handcrafted Luxury Lawn Edition ensemble from Haseens Official. Masterfully tailored with generational Pakistani artistry, premium pure fabrics, and delicate celebratory motifs."
has-103,Yasmen,Lawn Collections,Luxury Lawn Edition,80s Count Schiffli Lawn 3-Piece,Luxury Lawn Edition,11280,,https://cdn.shopify.com/s/files/1/2337/7003/files/20260417150034-8485d4da41414d00-media_image-0edc18d0af844700b6e2e3214d21cc6f.jpg,https://cdn.shopify.com/s/files/1/2337/7003/files/20260417150037-72026f197c384d74-media_image-be55b26d1b3442e28edd721d6c6368d1.jpg,https://cdn.shopify.com/s/files/1/2337/7003/files/20260417150034-3fffee577e6f4856-media_image-ac0a8ecf95a74f9197c75087e77467e5.jpg,https://cdn.shopify.com/s/files/1/2337/7003/files/20260417150036-0a411cecee3b4b62-media_image-b08d60984b6d47e68100e6d6f9d0a126.jpg,https://cdn.shopify.com/s/files/1/2337/7003/files/20260417150035-3eb98b9f55f8492e-media_image-e1de271ee6ec4328b95bc2566c77be41.jpg | https://cdn.shopify.com/s/files/1/2337/7003/files/20260417150036-fd2da1424a3340b5-media_image-9920aa46cef949919622c059964cd366.jpg | https://cdn.shopify.com/s/files/1/2337/7003/files/20260417150037-b0371fdbdf284e6d-media_image-03738c39e26e44bcb97ac3a38d66af85.jpg | https://cdn.shopify.com/s/files/1/2337/7003/files/20260417150034-6f871f8046374584-media_image-1b0270cdce3e445aaa4e649d6d170468.jpg,https://cdn.shopify.com/s/files/1/2337/7003/files/20260417150034-8485d4da41414d00-media_image-0edc18d0af844700b6e2e3214d21cc6f.jpg | https://cdn.shopify.com/s/files/1/2337/7003/files/20260417150037-72026f197c384d74-media_image-be55b26d1b3442e28edd721d6c6368d1.jpg | https://cdn.shopify.com/s/files/1/2337/7003/files/20260417150034-3fffee577e6f4856-media_image-ac0a8ecf95a74f9197c75087e77467e5.jpg | https://cdn.shopify.com/s/files/1/2337/7003/files/20260417150036-0a411cecee3b4b62-media_image-b08d60984b6d47e68100e6d6f9d0a126.jpg | https://cdn.shopify.com/s/files/1/2337/7003/files/20260417150035-3eb98b9f55f8492e-media_image-e1de271ee6ec4328b95bc2566c77be41.jpg | https://cdn.shopify.com/s/files/1/2337/7003/files/20260417150036-fd2da1424a3340b5-media_image-9920aa46cef949919622c059964cd366.jpg | https://cdn.shopify.com/s/files/1/2337/7003/files/20260417150037-b0371fdbdf284e6d-media_image-03738c39e26e44bcb97ac3a38d66af85.jpg | https://cdn.shopify.com/s/files/1/2337/7003/files/20260417150034-6f871f8046374584-media_image-1b0270cdce3e445aaa4e649d6d170468.jpg,Pure Chiffon & Silk,"Handcrafted Zardozi, Tilla & Fine Resham","3-Piece (Shirt, Trouser, Dupatta)",0 to 2 Weeks,Stitched,FALSE,FALSE,TRUE,"Exquisite handcrafted Luxury Lawn Edition ensemble from Haseens Official. Masterfully tailored with generational Pakistani artistry, premium pure fabrics, and delicate celebratory motifs."
has-104,Aeris,Lawn Collections,Luxury Lawn Edition,80s Count Schiffli Lawn 3-Piece,Luxury Lawn Edition,9452,,https://cdn.shopify.com/s/files/1/2337/7003/files/20260226140842-80f867030b574550-media_image-4dc0bb2ac76d453ca586dcb009885fbc.jpg,https://cdn.shopify.com/s/files/1/2337/7003/files/20260226140843-983462e9be7b4c82-media_image-988151aeb36842c58cfc8b4328f5aaaa.jpg,https://cdn.shopify.com/s/files/1/2337/7003/files/20260226140844-a3d20d560a264d10-media_image-b48e7dad36bb404c9982b01df3753399.jpg,https://cdn.shopify.com/s/files/1/2337/7003/files/20260226140844-d53778d64f484df4-media_image-61a6a4cf598242af8b004cc6c7563a04.jpg,https://cdn.shopify.com/s/files/1/2337/7003/files/20260226140843-1cf8cac2696a4edd-media_image-c42f60ca3e164f93ae80c0940b3e8aa2.jpg | https://cdn.shopify.com/s/files/1/2337/7003/files/20260226140845-64826c650abb4f4a-media_image-990a37f000bb4ce79cd8b9fb9d103b1c.jpg | https://cdn.shopify.com/s/files/1/2337/7003/files/20260226140843-8ac8dc0516934069-media_image-44dc62fc2d764cac88bcf0ecf1723f69.jpg | https://cdn.shopify.com/s/files/1/2337/7003/files/20260226140846-50e63306c90549f8-media_image-32bff69513b64f72b409e21fd23ee9c9.jpg | https://cdn.shopify.com/s/files/1/2337/7003/files/20260226140845-e6631015222f4803-media_image-a52afd9dfa694e40961f5ccacd22e996.jpg,https://cdn.shopify.com/s/files/1/2337/7003/files/20260226140842-80f867030b574550-media_image-4dc0bb2ac76d453ca586dcb009885fbc.jpg | https://cdn.shopify.com/s/files/1/2337/7003/files/20260226140843-983462e9be7b4c82-media_image-988151aeb36842c58cfc8b4328f5aaaa.jpg | https://cdn.shopify.com/s/files/1/2337/7003/files/20260226140844-a3d20d560a264d10-media_image-b48e7dad36bb404c9982b01df3753399.jpg | https://cdn.shopify.com/s/files/1/2337/7003/files/20260226140844-d53778d64f484df4-media_image-61a6a4cf598242af8b004cc6c7563a04.jpg | https://cdn.shopify.com/s/files/1/2337/7003/files/20260226140843-1cf8cac2696a4edd-media_image-c42f60ca3e164f93ae80c0940b3e8aa2.jpg | https://cdn.shopify.com/s/files/1/2337/7003/files/20260226140845-64826c650abb4f4a-media_image-990a37f000bb4ce79cd8b9fb9d103b1c.jpg | https://cdn.shopify.com/s/files/1/2337/7003/files/20260226140843-8ac8dc0516934069-media_image-44dc62fc2d764cac88bcf0ecf1723f69.jpg | https://cdn.shopify.com/s/files/1/2337/7003/files/20260226140846-50e63306c90549f8-media_image-32bff69513b64f72b409e21fd23ee9c9.jpg | https://cdn.shopify.com/s/files/1/2337/7003/files/20260226140845-e6631015222f4803-media_image-a52afd9dfa694e40961f5ccacd22e996.jpg,Pure Chiffon & Silk,"Handcrafted Zardozi, Tilla & Fine Resham","3-Piece (Shirt, Trouser, Dupatta)",0 to 2 Weeks,Stitched,FALSE,FALSE,FALSE,"Exquisite handcrafted Luxury Lawn Edition ensemble from Haseens Official. Masterfully tailored with generational Pakistani artistry, premium pure fabrics, and delicate celebratory motifs."
has-105,Mahi,All Products,Gharara,Regal Farshi & Pleated Gharara,Gharara Ensembles,16500,,https://cdn.shopify.com/s/files/1/2337/7003/files/cropped_image-172985983209405_1a97523d-5c24-4dc2-be52-c271024811f7.jpg?v=1759823820,https://cdn.shopify.com/s/files/1/2337/7003/files/cropped_image-172985983209405_1a97523d-5c24-4dc2-be52-c271024811f7.jpg,https://cdn.shopify.com/s/files/1/2337/7003/files/cropped_image-172984377604408_4e028733-4686-4ea0-8a5a-9f1db27baf0a.jpg,https://cdn.shopify.com/s/files/1/2337/7003/files/cropped_image-172985983284284_1bebb0c6-a257-450d-83de-802976742b8e.jpg,https://cdn.shopify.com/s/files/1/2337/7003/files/cropped_image-172985983232864_c59d986d-3d5b-4308-8be7-15f80ed50288.jpg | https://cdn.shopify.com/s/files/1/2337/7003/files/cropped_image-172985983250273_6b322f86-2f1f-4f55-bb1a-8b5fa04a89e0.jpg | https://cdn.shopify.com/s/files/1/2337/7003/files/cropped_image-172985983313998_312ae773-6ac0-4988-9510-f513e702358e.jpg,https://cdn.shopify.com/s/files/1/2337/7003/files/cropped_image-172985983209405_1a97523d-5c24-4dc2-be52-c271024811f7.jpg?v=1759823820 | https://cdn.shopify.com/s/files/1/2337/7003/files/cropped_image-172985983209405_1a97523d-5c24-4dc2-be52-c271024811f7.jpg | https://cdn.shopify.com/s/files/1/2337/7003/files/cropped_image-172984377604408_4e028733-4686-4ea0-8a5a-9f1db27baf0a.jpg | https://cdn.shopify.com/s/files/1/2337/7003/files/cropped_image-172985983284284_1bebb0c6-a257-450d-83de-802976742b8e.jpg | https://cdn.shopify.com/s/files/1/2337/7003/files/cropped_image-172985983232864_c59d986d-3d5b-4308-8be7-15f80ed50288.jpg | https://cdn.shopify.com/s/files/1/2337/7003/files/cropped_image-172985983250273_6b322f86-2f1f-4f55-bb1a-8b5fa04a89e0.jpg | https://cdn.shopify.com/s/files/1/2337/7003/files/cropped_image-172985983313998_312ae773-6ac0-4988-9510-f513e702358e.jpg,Pure Chiffon & Silk,"Handcrafted Zardozi, Tilla & Fine Resham","3-Piece (Shirt, Trouser, Dupatta)",ReadyToShip,Made to Order,FALSE,TRUE,FALSE,"Exquisite handcrafted Gharara Ensembles ensemble from Haseens Official. Masterfully tailored with generational Pakistani artistry, premium pure fabrics, and delicate celebratory motifs."
has-106,Nazain,All Products,Gharara,Regal Farshi & Pleated Gharara,Gharara Ensembles,18200,,https://cdn.shopify.com/s/files/1/2337/7003/files/cropped_image-173521437134299_3c55b3ee-b8cc-4268-ae96-8011ae8c37f5.jpg?v=1755238790,https://cdn.shopify.com/s/files/1/2337/7003/files/cropped_image-173521437134299_3c55b3ee-b8cc-4268-ae96-8011ae8c37f5.jpg,https://cdn.shopify.com/s/files/1/2337/7003/files/cropped_image-173521437179217_34cb04f1-8727-4c8e-9a13-cdbcf7c8a184.jpg,https://cdn.shopify.com/s/files/1/2337/7003/files/cropped_image-173521437026368_dcb4857a-cc70-44d8-8f98-e1ce07c74f66.jpg,https://cdn.shopify.com/s/files/1/2337/7003/files/cropped_image-173521437199015_0a1e7034-e8f5-40c8-9f25-f7ceabddcc77.jpg | https://cdn.shopify.com/s/files/1/2337/7003/files/cropped_image-173521437177406_00924d71-41f0-42f7-9cf4-4f3ecf0fb43c.jpg,https://cdn.shopify.com/s/files/1/2337/7003/files/cropped_image-173521437134299_3c55b3ee-b8cc-4268-ae96-8011ae8c37f5.jpg?v=1755238790 | https://cdn.shopify.com/s/files/1/2337/7003/files/cropped_image-173521437134299_3c55b3ee-b8cc-4268-ae96-8011ae8c37f5.jpg | https://cdn.shopify.com/s/files/1/2337/7003/files/cropped_image-173521437179217_34cb04f1-8727-4c8e-9a13-cdbcf7c8a184.jpg | https://cdn.shopify.com/s/files/1/2337/7003/files/cropped_image-173521437026368_dcb4857a-cc70-44d8-8f98-e1ce07c74f66.jpg | https://cdn.shopify.com/s/files/1/2337/7003/files/cropped_image-173521437199015_0a1e7034-e8f5-40c8-9f25-f7ceabddcc77.jpg | https://cdn.shopify.com/s/files/1/2337/7003/files/cropped_image-173521437177406_00924d71-41f0-42f7-9cf4-4f3ecf0fb43c.jpg,Pure Chiffon & Silk,"Handcrafted Zardozi, Tilla & Fine Resham","3-Piece (Shirt, Trouser, Dupatta)",ReadyToShip,Made to Order,TRUE,FALSE,TRUE,"Exquisite handcrafted Gharara Ensembles ensemble from Haseens Official. Masterfully tailored with generational Pakistani artistry, premium pure fabrics, and delicate celebratory motifs."
has-107,Deeya,All Products,Gharara,Regal Farshi & Pleated Gharara,Gharara Ensembles,17600,,https://cdn.shopify.com/s/files/1/2337/7003/files/cropped_image-173042104092568_a5a2edd1-0e6c-4d3b-a61b-bdc93769133d.jpg?v=1760509353,https://cdn.shopify.com/s/files/1/2337/7003/files/cropped_image-173042104092568_a5a2edd1-0e6c-4d3b-a61b-bdc93769133d.jpg,https://cdn.shopify.com/s/files/1/2337/7003/files/cropped_image-173042104109390_b7daab83-0e1b-438f-a1b0-1e491b58ea3c.jpg,https://cdn.shopify.com/s/files/1/2337/7003/files/cropped_image-173042104023656_c8d205a1-e485-46ff-a1f5-60da3a559eef.jpg,https://cdn.shopify.com/s/files/1/2337/7003/files/cropped_image-173042104017158_d8643a55-6348-4fae-9222-9062b2c18cf3.jpg | https://cdn.shopify.com/s/files/1/2337/7003/files/cropped_image-173042104006946_8efc6e83-849b-4717-88fc-b6a9fbc59085.jpg,https://cdn.shopify.com/s/files/1/2337/7003/files/cropped_image-173042104092568_a5a2edd1-0e6c-4d3b-a61b-bdc93769133d.jpg?v=1760509353 | https://cdn.shopify.com/s/files/1/2337/7003/files/cropped_image-173042104092568_a5a2edd1-0e6c-4d3b-a61b-bdc93769133d.jpg | https://cdn.shopify.com/s/files/1/2337/7003/files/cropped_image-173042104109390_b7daab83-0e1b-438f-a1b0-1e491b58ea3c.jpg | https://cdn.shopify.com/s/files/1/2337/7003/files/cropped_image-173042104023656_c8d205a1-e485-46ff-a1f5-60da3a559eef.jpg | https://cdn.shopify.com/s/files/1/2337/7003/files/cropped_image-173042104017158_d8643a55-6348-4fae-9222-9062b2c18cf3.jpg | https://cdn.shopify.com/s/files/1/2337/7003/files/cropped_image-173042104006946_8efc6e83-849b-4717-88fc-b6a9fbc59085.jpg,Pure Chiffon & Silk,"Handcrafted Zardozi, Tilla & Fine Resham","3-Piece (Shirt, Trouser, Dupatta)",ReadyToShip,Made to Order,FALSE,FALSE,FALSE,"Exquisite handcrafted Gharara Ensembles ensemble from Haseens Official. Masterfully tailored with generational Pakistani artistry, premium pure fabrics, and delicate celebratory motifs."
has-108,Zawiya,All Products,Gharara,Regal Farshi & Pleated Gharara,Gharara Ensembles,27500,,https://cdn.shopify.com/s/files/1/2337/7003/files/cropped_image-173988130531657_9cf8c2a9-b51a-4838-bc00-d8067a96c282.jpg?v=1752558130,https://cdn.shopify.com/s/files/1/2337/7003/files/cropped_image-173988130531657_9cf8c2a9-b51a-4838-bc00-d8067a96c282.jpg,https://cdn.shopify.com/s/files/1/2337/7003/files/cropped_image-173988130592592_d71d1f03-8bc7-4b4b-85e8-aef52bc0aa0c.jpg,https://cdn.shopify.com/s/files/1/2337/7003/files/cropped_image-173988130517534_466a4590-a112-46be-9a0f-26c43d991f45.jpg,https://cdn.shopify.com/s/files/1/2337/7003/files/cropped_image-173988130533227_b1fe3c90-59e0-43fe-9d59-d216e4130dc8.jpg | https://cdn.shopify.com/s/files/1/2337/7003/files/cropped_image-173988130513898_89125b28-9724-4837-b9af-b47725305bdb.jpg | https://cdn.shopify.com/s/files/1/2337/7003/files/cropped_image-173988130523797_bb3ae3d8-c936-4bf6-b67c-c506cfe2abe2.jpg,https://cdn.shopify.com/s/files/1/2337/7003/files/cropped_image-173988130531657_9cf8c2a9-b51a-4838-bc00-d8067a96c282.jpg?v=1752558130 | https://cdn.shopify.com/s/files/1/2337/7003/files/cropped_image-173988130531657_9cf8c2a9-b51a-4838-bc00-d8067a96c282.jpg | https://cdn.shopify.com/s/files/1/2337/7003/files/cropped_image-173988130592592_d71d1f03-8bc7-4b4b-85e8-aef52bc0aa0c.jpg | https://cdn.shopify.com/s/files/1/2337/7003/files/cropped_image-173988130517534_466a4590-a112-46be-9a0f-26c43d991f45.jpg | https://cdn.shopify.com/s/files/1/2337/7003/files/cropped_image-173988130533227_b1fe3c90-59e0-43fe-9d59-d216e4130dc8.jpg | https://cdn.shopify.com/s/files/1/2337/7003/files/cropped_image-173988130513898_89125b28-9724-4837-b9af-b47725305bdb.jpg | https://cdn.shopify.com/s/files/1/2337/7003/files/cropped_image-173988130523797_bb3ae3d8-c936-4bf6-b67c-c506cfe2abe2.jpg,Pure Chiffon & Silk,"Handcrafted Zardozi, Tilla & Fine Resham","3-Piece (Shirt, Trouser, Dupatta)",0 to 2 Weeks,Made to Order,FALSE,FALSE,FALSE,"Exquisite handcrafted Gharara Ensembles ensemble from Haseens Official. Masterfully tailored with generational Pakistani artistry, premium pure fabrics, and delicate celebratory motifs."
has-109,Taj,All Products,Gharara,Regal Farshi & Pleated Gharara,Gharara Ensembles,21400,,https://cdn.shopify.com/s/files/1/2337/7003/files/20260313195137-54675c5d569a4dbb-media_image-d8471e3acca34b7fb6fa613c9b0ca5ca.jpg,https://cdn.shopify.com/s/files/1/2337/7003/files/20260313195135-82139f4916f94128-media_image-1a2ce45f5c044c0fb03802afbade5c92.jpg,https://cdn.shopify.com/s/files/1/2337/7003/files/20260313195135-95bdf555258e49dc-media_image-0052908722b04e06a616044069410d6a.jpg,https://cdn.shopify.com/s/files/1/2337/7003/files/20260313195134-bf06079c0d6e43a6-media_image-4d5e821fdd8544d6a893a3dda07f6bc0.jpg,https://cdn.shopify.com/s/files/1/2337/7003/files/20260313195138-f5fc20432da5450c-media_image-e0910150670444929928680fdb1eaac1.jpg | https://cdn.shopify.com/s/files/1/2337/7003/files/20260313195136-ce5dbc2224574553-media_image-c2b21af269b9472f896714b638ddcbf0.jpg | https://cdn.shopify.com/s/files/1/2337/7003/files/20260313195136-75905a5503c04983-media_image-f65fd541d7634b9cb6e9c9367313a051.jpg | https://cdn.shopify.com/s/files/1/2337/7003/files/20260313195134-261d3a8bd20d4580-media_image-29c7d00c28a64d199da37436b87ca547.jpg | https://cdn.shopify.com/s/files/1/2337/7003/files/20260313195135-0f80b53f435848fd-media_image-1b6614bb821c4604965f4b316cd595c2.jpg | https://cdn.shopify.com/s/files/1/2337/7003/files/20260313195135-fb03e53041da4b57-media_image-2601dbf9e32c40b391f7121a98ec1d9a.jpg,https://cdn.shopify.com/s/files/1/2337/7003/files/20260313195137-54675c5d569a4dbb-media_image-d8471e3acca34b7fb6fa613c9b0ca5ca.jpg | https://cdn.shopify.com/s/files/1/2337/7003/files/20260313195135-82139f4916f94128-media_image-1a2ce45f5c044c0fb03802afbade5c92.jpg | https://cdn.shopify.com/s/files/1/2337/7003/files/20260313195135-95bdf555258e49dc-media_image-0052908722b04e06a616044069410d6a.jpg | https://cdn.shopify.com/s/files/1/2337/7003/files/20260313195134-bf06079c0d6e43a6-media_image-4d5e821fdd8544d6a893a3dda07f6bc0.jpg | https://cdn.shopify.com/s/files/1/2337/7003/files/20260313195138-f5fc20432da5450c-media_image-e0910150670444929928680fdb1eaac1.jpg | https://cdn.shopify.com/s/files/1/2337/7003/files/20260313195136-ce5dbc2224574553-media_image-c2b21af269b9472f896714b638ddcbf0.jpg | https://cdn.shopify.com/s/files/1/2337/7003/files/20260313195136-75905a5503c04983-media_image-f65fd541d7634b9cb6e9c9367313a051.jpg | https://cdn.shopify.com/s/files/1/2337/7003/files/20260313195134-261d3a8bd20d4580-media_image-29c7d00c28a64d199da37436b87ca547.jpg | https://cdn.shopify.com/s/files/1/2337/7003/files/20260313195135-0f80b53f435848fd-media_image-1b6614bb821c4604965f4b316cd595c2.jpg | https://cdn.shopify.com/s/files/1/2337/7003/files/20260313195135-fb03e53041da4b57-media_image-2601dbf9e32c40b391f7121a98ec1d9a.jpg,Pure Chiffon & Silk,"Handcrafted Zardozi, Tilla & Fine Resham","3-Piece (Shirt, Trouser, Dupatta)",5 to 7 Weeks,Made to Order,FALSE,TRUE,TRUE,"Exquisite handcrafted Gharara Ensembles ensemble from Haseens Official. Masterfully tailored with generational Pakistani artistry, premium pure fabrics, and delicate celebratory motifs."
has-110,Fadeela,All Products,Gharara,Regal Farshi & Pleated Gharara,Gharara Ensembles,18400,,https://cdn.shopify.com/s/files/1/2337/7003/files/20260408212611-ee034aeeeb4d4df2-media_image-e00a6fbd10e14ef0a751213500198c6b.jpg,https://cdn.shopify.com/s/files/1/2337/7003/files/20260408212612-1ad27aa567f44ad9-media_image-2cb344399c914e70b39e2de3be889a95.jpg,https://cdn.shopify.com/s/files/1/2337/7003/files/20260408212612-06964b0651df4be4-media_image-0f41eb10feef458582d981be8936e21b.jpg,https://cdn.shopify.com/s/files/1/2337/7003/files/20260408212611-c94a3b9178c6483e-media_image-91bf62370a4f48148bef978cd3051c3d.jpg,https://cdn.shopify.com/s/files/1/2337/7003/files/20260408212612-69e37356d03441c0-media_image-0db3e9406baf43fbaada9260206abe41.jpg | https://cdn.shopify.com/s/files/1/2337/7003/files/20260408212613-997cecf77f194ed7-media_image-86b64c402409429f92721cb43982bbe7.jpg | https://cdn.shopify.com/s/files/1/2337/7003/files/20260408212612-86aee41492334c93-media_image-30740c995a7f4217bfd9b091132455a0.jpg | https://cdn.shopify.com/s/files/1/2337/7003/files/20260408212611-44363fe9e1944576-media_image-748678884c4b475b93f7a2c5622d2c62.jpg | https://cdn.shopify.com/s/files/1/2337/7003/files/20260408212611-e8e0ed4fadbe40e5-media_image-e023a389e8db4fc28f6b48298d1d7731.jpg | https://cdn.shopify.com/s/files/1/2337/7003/files/20260408212611-a2c72fef19c7455e-media_image-762e46769e6b4801a613c409c5671c04.jpg,https://cdn.shopify.com/s/files/1/2337/7003/files/20260408212611-ee034aeeeb4d4df2-media_image-e00a6fbd10e14ef0a751213500198c6b.jpg | https://cdn.shopify.com/s/files/1/2337/7003/files/20260408212612-1ad27aa567f44ad9-media_image-2cb344399c914e70b39e2de3be889a95.jpg | https://cdn.shopify.com/s/files/1/2337/7003/files/20260408212612-06964b0651df4be4-media_image-0f41eb10feef458582d981be8936e21b.jpg | https://cdn.shopify.com/s/files/1/2337/7003/files/20260408212611-c94a3b9178c6483e-media_image-91bf62370a4f48148bef978cd3051c3d.jpg | https://cdn.shopify.com/s/files/1/2337/7003/files/20260408212612-69e37356d03441c0-media_image-0db3e9406baf43fbaada9260206abe41.jpg | https://cdn.shopify.com/s/files/1/2337/7003/files/20260408212613-997cecf77f194ed7-media_image-86b64c402409429f92721cb43982bbe7.jpg | https://cdn.shopify.com/s/files/1/2337/7003/files/20260408212612-86aee41492334c93-media_image-30740c995a7f4217bfd9b091132455a0.jpg | https://cdn.shopify.com/s/files/1/2337/7003/files/20260408212611-44363fe9e1944576-media_image-748678884c4b475b93f7a2c5622d2c62.jpg | https://cdn.shopify.com/s/files/1/2337/7003/files/20260408212611-e8e0ed4fadbe40e5-media_image-e023a389e8db4fc28f6b48298d1d7731.jpg | https://cdn.shopify.com/s/files/1/2337/7003/files/20260408212611-a2c72fef19c7455e-media_image-762e46769e6b4801a613c409c5671c04.jpg,Pure Chiffon & Silk,"Handcrafted Zardozi, Tilla & Fine Resham","3-Piece (Shirt, Trouser, Dupatta)",0 to 2 Weeks,Made to Order,FALSE,FALSE,FALSE,"Exquisite handcrafted Gharara Ensembles ensemble from Haseens Official. Masterfully tailored with generational Pakistani artistry, premium pure fabrics, and delicate celebratory motifs."
has-111,Marreha,All Products,Gharara,Regal Farshi & Pleated Gharara,Gharara Ensembles,14000,,https://cdn.shopify.com/s/files/1/2337/7003/files/media_image-831a6fb4462e411bb7eb0438419ca631_79820abe-0797-41f9-8e1d-635c51fe5f59.jpg?v=1752401856,https://cdn.shopify.com/s/files/1/2337/7003/files/media_image-831a6fb4462e411bb7eb0438419ca631_79820abe-0797-41f9-8e1d-635c51fe5f59.jpg,https://cdn.shopify.com/s/files/1/2337/7003/files/media_image-f1ed6889324b4e1883f9fff739d0b050_18c491f9-a656-4130-be3e-9823f9a2b002.jpg,https://cdn.shopify.com/s/files/1/2337/7003/files/media_image-96031bc57ef0495292f630e8018547fa_4e765056-0202-4890-8341-a89182d13551.jpg,https://cdn.shopify.com/s/files/1/2337/7003/files/media_image-53454521517f4b2189955b4d88660981_ffed33aa-80ce-46eb-ba70-a58f506e535a.jpg | https://cdn.shopify.com/s/files/1/2337/7003/files/media_image-924b80a0dfc44773a03fcb3ffceb6730_22da4b34-b658-4494-806d-ca34b56b6736.jpg | https://cdn.shopify.com/s/files/1/2337/7003/files/media_image-a8acda2a689a4d6c891bd8f76af571dc_0556af2e-f483-4388-b45f-efd0fd7ddb6a.jpg | https://cdn.shopify.com/s/files/1/2337/7003/files/media_image-44cfd5f11eed44f59b9a015316b662c1_e5c8985e-b757-40fd-82bd-a2e65943646a.jpg | https://cdn.shopify.com/s/files/1/2337/7003/files/media_image-bdcb8d7c1a5a4e0fb29d9cc6fcaf630d_5e6582c8-b3cc-4652-af77-7c99819a9b40.jpg,https://cdn.shopify.com/s/files/1/2337/7003/files/media_image-831a6fb4462e411bb7eb0438419ca631_79820abe-0797-41f9-8e1d-635c51fe5f59.jpg?v=1752401856 | https://cdn.shopify.com/s/files/1/2337/7003/files/media_image-831a6fb4462e411bb7eb0438419ca631_79820abe-0797-41f9-8e1d-635c51fe5f59.jpg | https://cdn.shopify.com/s/files/1/2337/7003/files/media_image-f1ed6889324b4e1883f9fff739d0b050_18c491f9-a656-4130-be3e-9823f9a2b002.jpg | https://cdn.shopify.com/s/files/1/2337/7003/files/media_image-96031bc57ef0495292f630e8018547fa_4e765056-0202-4890-8341-a89182d13551.jpg | https://cdn.shopify.com/s/files/1/2337/7003/files/media_image-53454521517f4b2189955b4d88660981_ffed33aa-80ce-46eb-ba70-a58f506e535a.jpg | https://cdn.shopify.com/s/files/1/2337/7003/files/media_image-924b80a0dfc44773a03fcb3ffceb6730_22da4b34-b658-4494-806d-ca34b56b6736.jpg | https://cdn.shopify.com/s/files/1/2337/7003/files/media_image-a8acda2a689a4d6c891bd8f76af571dc_0556af2e-f483-4388-b45f-efd0fd7ddb6a.jpg | https://cdn.shopify.com/s/files/1/2337/7003/files/media_image-44cfd5f11eed44f59b9a015316b662c1_e5c8985e-b757-40fd-82bd-a2e65943646a.jpg | https://cdn.shopify.com/s/files/1/2337/7003/files/media_image-bdcb8d7c1a5a4e0fb29d9cc6fcaf630d_5e6582c8-b3cc-4652-af77-7c99819a9b40.jpg,Pure Chiffon & Silk,"Handcrafted Zardozi, Tilla & Fine Resham","3-Piece (Shirt, Trouser, Dupatta)",0 to 2 Weeks,Made to Order,TRUE,FALSE,FALSE,"Exquisite handcrafted Gharara Ensembles ensemble from Haseens Official. Masterfully tailored with generational Pakistani artistry, premium pure fabrics, and delicate celebratory motifs."
has-112,Komal,All Products,Gharara,Regal Farshi & Pleated Gharara,Gharara Ensembles,16896,,https://cdn.shopify.com/s/files/1/2337/7003/files/cropped_image-172979400269093_6e3ec71e-56bc-414e-8ca5-8433427b253a.jpg?v=1764227426,https://cdn.shopify.com/s/files/1/2337/7003/files/cropped_image-172979400269093_6e3ec71e-56bc-414e-8ca5-8433427b253a.jpg,https://cdn.shopify.com/s/files/1/2337/7003/files/cropped_image-172979403598434_9d338ef4-8f10-47bc-8f20-304adae22e2f.jpg,https://cdn.shopify.com/s/files/1/2337/7003/files/cropped_image-172979400232273_1b06e548-7b97-4ef6-bd6d-45d6a6ba9419.jpg,https://cdn.shopify.com/s/files/1/2337/7003/files/cropped_image-172979400243505_1aa79a87-1f96-418d-b4f9-9da7a75c9988.jpg | https://cdn.shopify.com/s/files/1/2337/7003/files/cropped_image-172979400315242_066638c4-80fe-4394-a314-1855eb4218f5.jpg,https://cdn.shopify.com/s/files/1/2337/7003/files/cropped_image-172979400269093_6e3ec71e-56bc-414e-8ca5-8433427b253a.jpg?v=1764227426 | https://cdn.shopify.com/s/files/1/2337/7003/files/cropped_image-172979400269093_6e3ec71e-56bc-414e-8ca5-8433427b253a.jpg | https://cdn.shopify.com/s/files/1/2337/7003/files/cropped_image-172979403598434_9d338ef4-8f10-47bc-8f20-304adae22e2f.jpg | https://cdn.shopify.com/s/files/1/2337/7003/files/cropped_image-172979400232273_1b06e548-7b97-4ef6-bd6d-45d6a6ba9419.jpg | https://cdn.shopify.com/s/files/1/2337/7003/files/cropped_image-172979400243505_1aa79a87-1f96-418d-b4f9-9da7a75c9988.jpg | https://cdn.shopify.com/s/files/1/2337/7003/files/cropped_image-172979400315242_066638c4-80fe-4394-a314-1855eb4218f5.jpg,Pure Chiffon & Silk,"Handcrafted Zardozi, Tilla & Fine Resham","3-Piece (Shirt, Trouser, Dupatta)",ReadyToShip,Made to Order,FALSE,FALSE,TRUE,"Exquisite handcrafted Gharara Ensembles ensemble from Haseens Official. Masterfully tailored with generational Pakistani artistry, premium pure fabrics, and delicate celebratory motifs."
has-113,Bareera,All Products,Gharara,Regal Farshi & Pleated Gharara,Gharara Ensembles,14976,,https://cdn.shopify.com/s/files/1/2337/7003/files/cropped_image-173114640127894_487cf700-d0c9-44ac-942f-b1b211061c30.jpg?v=1760509511,https://cdn.shopify.com/s/files/1/2337/7003/files/cropped_image-173114640127894_487cf700-d0c9-44ac-942f-b1b211061c30.jpg,https://cdn.shopify.com/s/files/1/2337/7003/files/cropped_image-173114650972215_ab8c6e6c-b8f3-4ffe-9499-b5ea3ebfea5a.jpg,https://cdn.shopify.com/s/files/1/2337/7003/files/cropped_image-173114640079058_72c43399-8da7-49bb-ad71-a7354bb201ab.jpg,https://cdn.shopify.com/s/files/1/2337/7003/files/cropped_image-173114640209663_615b92a0-c7a3-47fd-ac88-6cbf9fbf2186.jpg | https://cdn.shopify.com/s/files/1/2337/7003/files/cropped_image-173114640077334_e7a16db5-5012-4a44-951d-519544816393.jpg | https://cdn.shopify.com/s/files/1/2337/7003/files/cropped_image-173114640102028_04ffc1b1-f104-43da-b399-00dc2083cfc3.jpg | https://cdn.shopify.com/s/files/1/2337/7003/files/cropped_image-173114640091924_b20de642-2685-4ed6-a29f-1ed5d209562a.jpg,https://cdn.shopify.com/s/files/1/2337/7003/files/cropped_image-173114640127894_487cf700-d0c9-44ac-942f-b1b211061c30.jpg?v=1760509511 | https://cdn.shopify.com/s/files/1/2337/7003/files/cropped_image-173114640127894_487cf700-d0c9-44ac-942f-b1b211061c30.jpg | https://cdn.shopify.com/s/files/1/2337/7003/files/cropped_image-173114650972215_ab8c6e6c-b8f3-4ffe-9499-b5ea3ebfea5a.jpg | https://cdn.shopify.com/s/files/1/2337/7003/files/cropped_image-173114640079058_72c43399-8da7-49bb-ad71-a7354bb201ab.jpg | https://cdn.shopify.com/s/files/1/2337/7003/files/cropped_image-173114640209663_615b92a0-c7a3-47fd-ac88-6cbf9fbf2186.jpg | https://cdn.shopify.com/s/files/1/2337/7003/files/cropped_image-173114640077334_e7a16db5-5012-4a44-951d-519544816393.jpg | https://cdn.shopify.com/s/files/1/2337/7003/files/cropped_image-173114640102028_04ffc1b1-f104-43da-b399-00dc2083cfc3.jpg | https://cdn.shopify.com/s/files/1/2337/7003/files/cropped_image-173114640091924_b20de642-2685-4ed6-a29f-1ed5d209562a.jpg,Pure Chiffon & Silk,"Handcrafted Zardozi, Tilla & Fine Resham","3-Piece (Shirt, Trouser, Dupatta)",ReadyToShip,Made to Order,FALSE,TRUE,FALSE,"Exquisite handcrafted Gharara Ensembles ensemble from Haseens Official. Masterfully tailored with generational Pakistani artistry, premium pure fabrics, and delicate celebratory motifs."
has-114,Gulnazar,All Products,Gharara,Regal Farshi & Pleated Gharara,Gharara Ensembles,17900,,https://cdn.shopify.com/s/files/1/2337/7003/files/media_image-4fcd08ff78104b54b780e55781281294_2b1b20f8-0fb5-474d-bf19-e5ac218089f3.jpg?v=1764655015,https://cdn.shopify.com/s/files/1/2337/7003/files/media_image-4fcd08ff78104b54b780e55781281294_2b1b20f8-0fb5-474d-bf19-e5ac218089f3.jpg,https://cdn.shopify.com/s/files/1/2337/7003/files/media_image-d66baf33764446089bc4f087cb13a7b5_b701200e-6c3b-4686-bf16-abcc5066bfab.jpg,https://cdn.shopify.com/s/files/1/2337/7003/files/media_image-96c29f08971345b39be8c99a5ca4a032_907f1191-117f-4e58-b9c8-2414e7e1cc24.jpg,https://cdn.shopify.com/s/files/1/2337/7003/files/media_image-9a13a630ae2c4be2841e533d257b088a_e3f63ecb-fd54-4772-ae8d-29d49958921a.jpg | https://cdn.shopify.com/s/files/1/2337/7003/files/media_image-7f7f51f409e244d5bf2faad42b0603a6_c66f3d5d-b85a-4b68-9d40-5774030650ac.jpg | https://cdn.shopify.com/s/files/1/2337/7003/files/media_image-25e44cf765564de1b4a57bc90d59f4c1_a01e267a-a429-427c-b8d1-1e09361e03b2.jpg | https://cdn.shopify.com/s/files/1/2337/7003/files/media_image-2bd7824970914ee6bb89021ed2304254_057b7fae-de26-4db1-bb62-426487efd7cb.jpg | https://cdn.shopify.com/s/files/1/2337/7003/files/media_image-eff90dd574e3426f8f94334572d270f8_3fcb8f89-d83b-440d-add5-758383f5caa0.jpg,https://cdn.shopify.com/s/files/1/2337/7003/files/media_image-4fcd08ff78104b54b780e55781281294_2b1b20f8-0fb5-474d-bf19-e5ac218089f3.jpg?v=1764655015 | https://cdn.shopify.com/s/files/1/2337/7003/files/media_image-4fcd08ff78104b54b780e55781281294_2b1b20f8-0fb5-474d-bf19-e5ac218089f3.jpg | https://cdn.shopify.com/s/files/1/2337/7003/files/media_image-d66baf33764446089bc4f087cb13a7b5_b701200e-6c3b-4686-bf16-abcc5066bfab.jpg | https://cdn.shopify.com/s/files/1/2337/7003/files/media_image-96c29f08971345b39be8c99a5ca4a032_907f1191-117f-4e58-b9c8-2414e7e1cc24.jpg | https://cdn.shopify.com/s/files/1/2337/7003/files/media_image-9a13a630ae2c4be2841e533d257b088a_e3f63ecb-fd54-4772-ae8d-29d49958921a.jpg | https://cdn.shopify.com/s/files/1/2337/7003/files/media_image-7f7f51f409e244d5bf2faad42b0603a6_c66f3d5d-b85a-4b68-9d40-5774030650ac.jpg | https://cdn.shopify.com/s/files/1/2337/7003/files/media_image-25e44cf765564de1b4a57bc90d59f4c1_a01e267a-a429-427c-b8d1-1e09361e03b2.jpg | https://cdn.shopify.com/s/files/1/2337/7003/files/media_image-2bd7824970914ee6bb89021ed2304254_057b7fae-de26-4db1-bb62-426487efd7cb.jpg | https://cdn.shopify.com/s/files/1/2337/7003/files/media_image-eff90dd574e3426f8f94334572d270f8_3fcb8f89-d83b-440d-add5-758383f5caa0.jpg,Pure Chiffon & Silk,"Handcrafted Zardozi, Tilla & Fine Resham","3-Piece (Shirt, Trouser, Dupatta)",5 to 7 Weeks,Made to Order,FALSE,FALSE,FALSE,"Exquisite handcrafted Gharara Ensembles ensemble from Haseens Official. Masterfully tailored with generational Pakistani artistry, premium pure fabrics, and delicate celebratory motifs."
has-115,Amber,All Products,Gharara,Regal Farshi & Pleated Gharara,Gharara Ensembles,15600,,https://cdn.shopify.com/s/files/1/2337/7003/files/Portraiture-174861637854974_a514337e-0a58-4dd4-a936-4fb5f154c4a7.jpg?v=1748697432,https://cdn.shopify.com/s/files/1/2337/7003/files/Portraiture-174861637854974_a514337e-0a58-4dd4-a936-4fb5f154c4a7.jpg,https://cdn.shopify.com/s/files/1/2337/7003/files/DSC07580-174861637859714_9d7a0d95-6114-4127-9bcb-f84490142fe3.jpg,https://cdn.shopify.com/s/files/1/2337/7003/files/DSC07604-174861684741837_d6224d59-c228-4937-bd87-a682ca084e33.jpg,,https://cdn.shopify.com/s/files/1/2337/7003/files/Portraiture-174861637854974_a514337e-0a58-4dd4-a936-4fb5f154c4a7.jpg?v=1748697432 | https://cdn.shopify.com/s/files/1/2337/7003/files/Portraiture-174861637854974_a514337e-0a58-4dd4-a936-4fb5f154c4a7.jpg | https://cdn.shopify.com/s/files/1/2337/7003/files/DSC07580-174861637859714_9d7a0d95-6114-4127-9bcb-f84490142fe3.jpg | https://cdn.shopify.com/s/files/1/2337/7003/files/DSC07604-174861684741837_d6224d59-c228-4937-bd87-a682ca084e33.jpg,Pure Chiffon & Silk,"Handcrafted Zardozi, Tilla & Fine Resham","3-Piece (Shirt, Trouser, Dupatta)",0 to 2 Weeks,Made to Order,FALSE,FALSE,TRUE,"Exquisite handcrafted Gharara Ensembles ensemble from Haseens Official. Masterfully tailored with generational Pakistani artistry, premium pure fabrics, and delicate celebratory motifs."
has-116,Khaabgah,All Products,Gharara,Regal Farshi & Pleated Gharara,Gharara Ensembles,13840,,https://cdn.shopify.com/s/files/1/2337/7003/files/media_image-c3eff81607594bd08d577ecf75ca56c8_5f560d76-28e1-4038-92ca-61e39a1e3750.png?v=1761309626,https://cdn.shopify.com/s/files/1/2337/7003/files/media_image-c3eff81607594bd08d577ecf75ca56c8_5f560d76-28e1-4038-92ca-61e39a1e3750.png,https://cdn.shopify.com/s/files/1/2337/7003/files/media_image-7ebc310d283f48d2a87ebfd6f5df021a_9b5017f2-5446-4aa4-8866-4a5ae7c536bf.jpg,https://cdn.shopify.com/s/files/1/2337/7003/files/media_image-6b434ecb8e424e8fbbd4035900bce6c7_18407f4b-2d5c-4712-8dde-7f7315dd710e.png,https://cdn.shopify.com/s/files/1/2337/7003/files/media_image-ecc38e1fe7ba460dafef8afadfec3f54_7b8ca012-a102-47f5-88d7-290ed77e11b0.png | https://cdn.shopify.com/s/files/1/2337/7003/files/media_image-db9478cb8051492eba7e83ff9a5c8b1b_18c435a4-7f0b-4e06-b7a7-62e136232920.png | https://cdn.shopify.com/s/files/1/2337/7003/files/media_image-3b78c0b303bd49b0aa2c4ba40d88ddd3_d7f5783a-cbbd-4f7b-9186-13f979cfb2b1.png | https://cdn.shopify.com/s/files/1/2337/7003/files/media_image-3968e70cd02d4d3897c8eaac5be0adca_a3f514ff-965b-45e0-b7e4-db7f4d433b86.png | https://cdn.shopify.com/s/files/1/2337/7003/files/media_image-497b8df91afd4cd3b375a1a7f5548471_b9fca362-e018-48a4-8bb4-70887270d3ed.png,https://cdn.shopify.com/s/files/1/2337/7003/files/media_image-c3eff81607594bd08d577ecf75ca56c8_5f560d76-28e1-4038-92ca-61e39a1e3750.png?v=1761309626 | https://cdn.shopify.com/s/files/1/2337/7003/files/media_image-c3eff81607594bd08d577ecf75ca56c8_5f560d76-28e1-4038-92ca-61e39a1e3750.png | https://cdn.shopify.com/s/files/1/2337/7003/files/media_image-7ebc310d283f48d2a87ebfd6f5df021a_9b5017f2-5446-4aa4-8866-4a5ae7c536bf.jpg | https://cdn.shopify.com/s/files/1/2337/7003/files/media_image-6b434ecb8e424e8fbbd4035900bce6c7_18407f4b-2d5c-4712-8dde-7f7315dd710e.png | https://cdn.shopify.com/s/files/1/2337/7003/files/media_image-ecc38e1fe7ba460dafef8afadfec3f54_7b8ca012-a102-47f5-88d7-290ed77e11b0.png | https://cdn.shopify.com/s/files/1/2337/7003/files/media_image-db9478cb8051492eba7e83ff9a5c8b1b_18c435a4-7f0b-4e06-b7a7-62e136232920.png | https://cdn.shopify.com/s/files/1/2337/7003/files/media_image-3b78c0b303bd49b0aa2c4ba40d88ddd3_d7f5783a-cbbd-4f7b-9186-13f979cfb2b1.png | https://cdn.shopify.com/s/files/1/2337/7003/files/media_image-3968e70cd02d4d3897c8eaac5be0adca_a3f514ff-965b-45e0-b7e4-db7f4d433b86.png | https://cdn.shopify.com/s/files/1/2337/7003/files/media_image-497b8df91afd4cd3b375a1a7f5548471_b9fca362-e018-48a4-8bb4-70887270d3ed.png,Pure Chiffon & Silk,"Handcrafted Zardozi, Tilla & Fine Resham","3-Piece (Shirt, Trouser, Dupatta)",ReadyToShip,Made to Order,TRUE,FALSE,FALSE,"Exquisite handcrafted Gharara Ensembles ensemble from Haseens Official. Masterfully tailored with generational Pakistani artistry, premium pure fabrics, and delicate celebratory motifs."
has-117,Sabika,All Products,Gharara,Regal Farshi & Pleated Gharara,Gharara Ensembles,15128,,https://cdn.shopify.com/s/files/1/2337/7003/files/cropped_image-173115047445903_1992d8be-a470-4f53-8efe-727c537ab76c.jpg?v=1761554676,https://cdn.shopify.com/s/files/1/2337/7003/files/cropped_image-173115047445903_1992d8be-a470-4f53-8efe-727c537ab76c.jpg,https://cdn.shopify.com/s/files/1/2337/7003/files/cropped_image-173115047444747_779dd09b-eda7-4ac5-b4a5-26c24c41dafd.jpg,https://cdn.shopify.com/s/files/1/2337/7003/files/cropped_image-173115047451213_52b775ab-02e0-4ccf-99aa-27a3ee59257b.jpg,https://cdn.shopify.com/s/files/1/2337/7003/files/cropped_image-173115047463245_c52d2615-48db-4470-9afd-0fbb4d195f7d.jpg | https://cdn.shopify.com/s/files/1/2337/7003/files/cropped_image-173115047528697_1756f578-5a5f-4713-bf1a-4c4d97a8c2d8.jpg,https://cdn.shopify.com/s/files/1/2337/7003/files/cropped_image-173115047445903_1992d8be-a470-4f53-8efe-727c537ab76c.jpg?v=1761554676 | https://cdn.shopify.com/s/files/1/2337/7003/files/cropped_image-173115047445903_1992d8be-a470-4f53-8efe-727c537ab76c.jpg | https://cdn.shopify.com/s/files/1/2337/7003/files/cropped_image-173115047444747_779dd09b-eda7-4ac5-b4a5-26c24c41dafd.jpg | https://cdn.shopify.com/s/files/1/2337/7003/files/cropped_image-173115047451213_52b775ab-02e0-4ccf-99aa-27a3ee59257b.jpg | https://cdn.shopify.com/s/files/1/2337/7003/files/cropped_image-173115047463245_c52d2615-48db-4470-9afd-0fbb4d195f7d.jpg | https://cdn.shopify.com/s/files/1/2337/7003/files/cropped_image-173115047528697_1756f578-5a5f-4713-bf1a-4c4d97a8c2d8.jpg,Pure Chiffon & Silk,"Handcrafted Zardozi, Tilla & Fine Resham","3-Piece (Shirt, Trouser, Dupatta)",0 to 2 Weeks,Made to Order,FALSE,TRUE,FALSE,"Exquisite handcrafted Gharara Ensembles ensemble from Haseens Official. Masterfully tailored with generational Pakistani artistry, premium pure fabrics, and delicate celebratory motifs."
has-118,Zarmina,All Products,Gharara,Regal Farshi & Pleated Gharara,Gharara Ensembles,32000,,https://cdn.shopify.com/s/files/1/2337/7003/files/cropped_image-174074926906362_89843b8e-787a-436b-85b9-fc2e8ae73005.jpg?v=1740978825,https://cdn.shopify.com/s/files/1/2337/7003/files/cropped_image-174074926906362_89843b8e-787a-436b-85b9-fc2e8ae73005.jpg,https://cdn.shopify.com/s/files/1/2337/7003/files/cropped_image-174074926897698_4517fffe-0aa5-4716-b869-eb9dfd8b76ad.jpg,https://cdn.shopify.com/s/files/1/2337/7003/files/cropped_image-174074926874582_be04a828-ec35-4c14-b1bd-23af77153e69.jpg,https://cdn.shopify.com/s/files/1/2337/7003/files/cropped_image-174074926911695_98ea6849-5024-49ac-859c-abe9370d31ff.jpg | https://cdn.shopify.com/s/files/1/2337/7003/files/cropped_image-174074926881253_38048ce9-efd7-46af-84e9-dfff2e794b21.jpg,https://cdn.shopify.com/s/files/1/2337/7003/files/cropped_image-174074926906362_89843b8e-787a-436b-85b9-fc2e8ae73005.jpg?v=1740978825 | https://cdn.shopify.com/s/files/1/2337/7003/files/cropped_image-174074926906362_89843b8e-787a-436b-85b9-fc2e8ae73005.jpg | https://cdn.shopify.com/s/files/1/2337/7003/files/cropped_image-174074926897698_4517fffe-0aa5-4716-b869-eb9dfd8b76ad.jpg | https://cdn.shopify.com/s/files/1/2337/7003/files/cropped_image-174074926874582_be04a828-ec35-4c14-b1bd-23af77153e69.jpg | https://cdn.shopify.com/s/files/1/2337/7003/files/cropped_image-174074926911695_98ea6849-5024-49ac-859c-abe9370d31ff.jpg | https://cdn.shopify.com/s/files/1/2337/7003/files/cropped_image-174074926881253_38048ce9-efd7-46af-84e9-dfff2e794b21.jpg,Pure Chiffon & Silk,"Handcrafted Zardozi, Tilla & Fine Resham","3-Piece (Shirt, Trouser, Dupatta)",ReadyToShip,Made to Order,FALSE,FALSE,TRUE,"Exquisite handcrafted Gharara Ensembles ensemble from Haseens Official. Masterfully tailored with generational Pakistani artistry, premium pure fabrics, and delicate celebratory motifs."
has-119,Rubab,All Products,Gharara,Regal Farshi & Pleated Gharara,Gharara Ensembles,12800,,https://cdn.shopify.com/s/files/1/2337/7003/files/media_image-854b0e5314e5488b96eff87538138a6a_8548504d-9aad-41b7-ad15-d27cd1075f66.jpg?v=1752473193,https://cdn.shopify.com/s/files/1/2337/7003/files/media_image-854b0e5314e5488b96eff87538138a6a_8548504d-9aad-41b7-ad15-d27cd1075f66.jpg,https://cdn.shopify.com/s/files/1/2337/7003/files/media_image-523e70ca51834cceb490dac6fe7929e2_6ff804ac-560a-4860-8ad7-02cb1809063b.jpg,https://cdn.shopify.com/s/files/1/2337/7003/files/media_image-2f39158c0a654e218aa4777c6fe5b371_359d12f6-fc6a-4a39-a77b-48dab73e53bc.jpg,https://cdn.shopify.com/s/files/1/2337/7003/files/media_image-3d242ad69a88469d92dda6012b67b567_fb6bb109-b687-4d1f-b8b6-a4e14b626758.jpg | https://cdn.shopify.com/s/files/1/2337/7003/files/media_image-26b85f6c4dd9439e9ce6cf991e91ca9f_b3278e9f-a6e5-4682-92b7-3729acfe3333.jpg | https://cdn.shopify.com/s/files/1/2337/7003/files/media_image-5a15e246b0444e40b2446585bc53342c_7dd472ef-2e20-4730-9a6e-40ef26e28e55.jpg | https://cdn.shopify.com/s/files/1/2337/7003/files/media_image-4335523e716f488493343629c2bf5709_50d88d07-5e74-45f1-9770-3e8ed385e38f.jpg,https://cdn.shopify.com/s/files/1/2337/7003/files/media_image-854b0e5314e5488b96eff87538138a6a_8548504d-9aad-41b7-ad15-d27cd1075f66.jpg?v=1752473193 | https://cdn.shopify.com/s/files/1/2337/7003/files/media_image-854b0e5314e5488b96eff87538138a6a_8548504d-9aad-41b7-ad15-d27cd1075f66.jpg | https://cdn.shopify.com/s/files/1/2337/7003/files/media_image-523e70ca51834cceb490dac6fe7929e2_6ff804ac-560a-4860-8ad7-02cb1809063b.jpg | https://cdn.shopify.com/s/files/1/2337/7003/files/media_image-2f39158c0a654e218aa4777c6fe5b371_359d12f6-fc6a-4a39-a77b-48dab73e53bc.jpg | https://cdn.shopify.com/s/files/1/2337/7003/files/media_image-3d242ad69a88469d92dda6012b67b567_fb6bb109-b687-4d1f-b8b6-a4e14b626758.jpg | https://cdn.shopify.com/s/files/1/2337/7003/files/media_image-26b85f6c4dd9439e9ce6cf991e91ca9f_b3278e9f-a6e5-4682-92b7-3729acfe3333.jpg | https://cdn.shopify.com/s/files/1/2337/7003/files/media_image-5a15e246b0444e40b2446585bc53342c_7dd472ef-2e20-4730-9a6e-40ef26e28e55.jpg | https://cdn.shopify.com/s/files/1/2337/7003/files/media_image-4335523e716f488493343629c2bf5709_50d88d07-5e74-45f1-9770-3e8ed385e38f.jpg,Pure Chiffon & Silk,"Handcrafted Zardozi, Tilla & Fine Resham","3-Piece (Shirt, Trouser, Dupatta)",ReadyToShip,Made to Order,FALSE,FALSE,FALSE,"Exquisite handcrafted Gharara Ensembles ensemble from Haseens Official. Masterfully tailored with generational Pakistani artistry, premium pure fabrics, and delicate celebratory motifs."
has-120,Ujala,All Products,Gharara,Regal Farshi & Pleated Gharara,Gharara Ensembles,24800,,https://cdn.shopify.com/s/files/1/2337/7003/files/cropped_image-172687355519052_957f383e-5fae-4f3e-99b2-d164960d849f.jpg?v=1754977429,https://cdn.shopify.com/s/files/1/2337/7003/files/cropped_image-172687355519052_957f383e-5fae-4f3e-99b2-d164960d849f.jpg,https://cdn.shopify.com/s/files/1/2337/7003/files/cropped_image-172687355539047_6932dce7-09fe-4a7e-90bc-9a866b9d8dd0.jpg,https://cdn.shopify.com/s/files/1/2337/7003/files/cropped_image-172687349657085_f91231bb-c62d-4e06-967e-d430c09f9d52.jpg,https://cdn.shopify.com/s/files/1/2337/7003/files/cropped_image-172687329499914_bcb2d14d-1ec8-419b-a142-4a45a3703d93.jpg | https://cdn.shopify.com/s/files/1/2337/7003/files/cropped_image-172687329446762_5022b9c2-388e-4c03-b4db-0e0b59713029.jpg | https://cdn.shopify.com/s/files/1/2337/7003/files/cropped_image-172687349651905_cd626f63-35bb-4cbc-96ba-2a4998740763.jpg | https://cdn.shopify.com/s/files/1/2337/7003/files/cropped_image-172687349671340_056ebd61-981a-4c53-9bcb-9788e8a0b484.jpg,https://cdn.shopify.com/s/files/1/2337/7003/files/cropped_image-172687355519052_957f383e-5fae-4f3e-99b2-d164960d849f.jpg?v=1754977429 | https://cdn.shopify.com/s/files/1/2337/7003/files/cropped_image-172687355519052_957f383e-5fae-4f3e-99b2-d164960d849f.jpg | https://cdn.shopify.com/s/files/1/2337/7003/files/cropped_image-172687355539047_6932dce7-09fe-4a7e-90bc-9a866b9d8dd0.jpg | https://cdn.shopify.com/s/files/1/2337/7003/files/cropped_image-172687349657085_f91231bb-c62d-4e06-967e-d430c09f9d52.jpg | https://cdn.shopify.com/s/files/1/2337/7003/files/cropped_image-172687329499914_bcb2d14d-1ec8-419b-a142-4a45a3703d93.jpg | https://cdn.shopify.com/s/files/1/2337/7003/files/cropped_image-172687329446762_5022b9c2-388e-4c03-b4db-0e0b59713029.jpg | https://cdn.shopify.com/s/files/1/2337/7003/files/cropped_image-172687349651905_cd626f63-35bb-4cbc-96ba-2a4998740763.jpg | https://cdn.shopify.com/s/files/1/2337/7003/files/cropped_image-172687349671340_056ebd61-981a-4c53-9bcb-9788e8a0b484.jpg,Pure Chiffon & Silk,"Handcrafted Zardozi, Tilla & Fine Resham","3-Piece (Shirt, Trouser, Dupatta)",ReadyToShip,Made to Order,FALSE,FALSE,FALSE,"Exquisite handcrafted Gharara Ensembles ensemble from Haseens Official. Masterfully tailored with generational Pakistani artistry, premium pure fabrics, and delicate celebratory motifs."
has-121,Anjali,All Products,Gharara,Regal Farshi & Pleated Gharara,Gharara Ensembles,13600,,https://cdn.shopify.com/s/files/1/2337/7003/files/0003_PHOTO-2024-01-20-14-19-18_d226f209-8eb9-4b07-bee1-4cc7bf5d5a54.jpg?v=1761545698,https://cdn.shopify.com/s/files/1/2337/7003/files/0003_PHOTO-2024-01-20-14-19-18_d226f209-8eb9-4b07-bee1-4cc7bf5d5a54.jpg,https://cdn.shopify.com/s/files/1/2337/7003/files/0002_PHOTO-2024-01-20-14-20-52_fe95653e-d775-4a27-b32f-3cc4c07cbe60.jpg,https://cdn.shopify.com/s/files/1/2337/7003/files/0004_PHOTO-2024-01-18-23-37-43_abcf39a7-3e6e-4b8d-8f73-d645e139d783.jpg,https://cdn.shopify.com/s/files/1/2337/7003/files/0005_PHOTO-2024-01-18-23-37-432_cddbaaf5-82ad-4637-96fd-7418374f50d4.jpg | https://cdn.shopify.com/s/files/1/2337/7003/files/0003_image00004_fc81551b-1566-4aa8-9155-f86336372823.jpg | https://cdn.shopify.com/s/files/1/2337/7003/files/0000_image00007_9e35a027-7673-408b-b04d-de7370bf85ae.jpg | https://cdn.shopify.com/s/files/1/2337/7003/files/0002_image00005_665cbbd9-d7a5-4a16-8f24-726982d62884.jpg | https://cdn.shopify.com/s/files/1/2337/7003/files/0004_image00001_f2565f3e-ad70-441c-8512-6119ac1b8193.jpg | https://cdn.shopify.com/s/files/1/2337/7003/files/0001_image00006_e4d2111c-3a3f-47b7-ad41-881a95f9aa12.jpg | https://cdn.shopify.com/s/files/1/2337/7003/files/DSC02830_6d4e1fc2-c8de-4fc6-9af6-68a96ee61ddf.jpg | https://cdn.shopify.com/s/files/1/2337/7003/files/DSC02863_f738e758-2529-4d01-a03f-c3c5f5c2537a.jpg | https://cdn.shopify.com/s/files/1/2337/7003/files/DSC02842_0dec8445-da87-446a-a494-9c71dcb623bc.jpg | https://cdn.shopify.com/s/files/1/2337/7003/files/DSC02849_08d89e0c-04ef-4a2b-9d3b-c4017f036126.jpg | https://cdn.shopify.com/s/files/1/2337/7003/files/DSC02860_30645868-2875-44b9-9273-30f2191bdf67.jpg | https://cdn.shopify.com/s/files/1/2337/7003/files/DSC02864_e30e76e9-ca2d-4064-ba55-d66fef51e843.jpg | https://cdn.shopify.com/s/files/1/2337/7003/files/DSC02865_b3c68405-73f7-45f1-8cff-8c6c7e958747.jpg | https://cdn.shopify.com/s/files/1/2337/7003/files/DSC02866_de3145f7-a398-473c-b42c-d2d9fd148c1f.jpg,https://cdn.shopify.com/s/files/1/2337/7003/files/0003_PHOTO-2024-01-20-14-19-18_d226f209-8eb9-4b07-bee1-4cc7bf5d5a54.jpg?v=1761545698 | https://cdn.shopify.com/s/files/1/2337/7003/files/0003_PHOTO-2024-01-20-14-19-18_d226f209-8eb9-4b07-bee1-4cc7bf5d5a54.jpg | https://cdn.shopify.com/s/files/1/2337/7003/files/0002_PHOTO-2024-01-20-14-20-52_fe95653e-d775-4a27-b32f-3cc4c07cbe60.jpg | https://cdn.shopify.com/s/files/1/2337/7003/files/0004_PHOTO-2024-01-18-23-37-43_abcf39a7-3e6e-4b8d-8f73-d645e139d783.jpg | https://cdn.shopify.com/s/files/1/2337/7003/files/0005_PHOTO-2024-01-18-23-37-432_cddbaaf5-82ad-4637-96fd-7418374f50d4.jpg | https://cdn.shopify.com/s/files/1/2337/7003/files/0003_image00004_fc81551b-1566-4aa8-9155-f86336372823.jpg | https://cdn.shopify.com/s/files/1/2337/7003/files/0000_image00007_9e35a027-7673-408b-b04d-de7370bf85ae.jpg | https://cdn.shopify.com/s/files/1/2337/7003/files/0002_image00005_665cbbd9-d7a5-4a16-8f24-726982d62884.jpg | https://cdn.shopify.com/s/files/1/2337/7003/files/0004_image00001_f2565f3e-ad70-441c-8512-6119ac1b8193.jpg | https://cdn.shopify.com/s/files/1/2337/7003/files/0001_image00006_e4d2111c-3a3f-47b7-ad41-881a95f9aa12.jpg | https://cdn.shopify.com/s/files/1/2337/7003/files/DSC02830_6d4e1fc2-c8de-4fc6-9af6-68a96ee61ddf.jpg | https://cdn.shopify.com/s/files/1/2337/7003/files/DSC02863_f738e758-2529-4d01-a03f-c3c5f5c2537a.jpg | https://cdn.shopify.com/s/files/1/2337/7003/files/DSC02842_0dec8445-da87-446a-a494-9c71dcb623bc.jpg | https://cdn.shopify.com/s/files/1/2337/7003/files/DSC02849_08d89e0c-04ef-4a2b-9d3b-c4017f036126.jpg | https://cdn.shopify.com/s/files/1/2337/7003/files/DSC02860_30645868-2875-44b9-9273-30f2191bdf67.jpg | https://cdn.shopify.com/s/files/1/2337/7003/files/DSC02864_e30e76e9-ca2d-4064-ba55-d66fef51e843.jpg | https://cdn.shopify.com/s/files/1/2337/7003/files/DSC02865_b3c68405-73f7-45f1-8cff-8c6c7e958747.jpg | https://cdn.shopify.com/s/files/1/2337/7003/files/DSC02866_de3145f7-a398-473c-b42c-d2d9fd148c1f.jpg,Pure Chiffon & Silk,"Handcrafted Zardozi, Tilla & Fine Resham","3-Piece (Shirt, Trouser, Dupatta)",0 to 2 Weeks,Made to Order,TRUE,TRUE,TRUE,"Exquisite handcrafted Gharara Ensembles ensemble from Haseens Official. Masterfully tailored with generational Pakistani artistry, premium pure fabrics, and delicate celebratory motifs."
has-122,Nashmia,All Products,Pishwas,Royal 36-Kali Pishwas,Royal Pishwas,20000,,https://cdn.shopify.com/s/files/1/2337/7003/files/0011_9498D020-E6A8-49EF-A050-4F306484DCE7.jpg?v=1687592607,https://cdn.shopify.com/s/files/1/2337/7003/files/0011_9498D020-E6A8-49EF-A050-4F306484DCE7.jpg,https://cdn.shopify.com/s/files/1/2337/7003/files/0002_F4B98251-1A94-4AED-914C-9F3D64AD8992.jpg,https://cdn.shopify.com/s/files/1/2337/7003/files/0004_DEB1E7A4-EBBA-493F-9CB0-8B1AD1A8B111.jpg,https://cdn.shopify.com/s/files/1/2337/7003/files/0009_86352C43-9F67-4187-AEB6-B1F981348A3D.jpg | https://cdn.shopify.com/s/files/1/2337/7003/files/0003_DF1B74AC-7E3A-40A0-A436-BC0BF6F3A829.jpg | https://cdn.shopify.com/s/files/1/2337/7003/files/0005_B4FAEF81-6A49-4B27-9C1D-1DAEE105AE65.jpg | https://cdn.shopify.com/s/files/1/2337/7003/files/0010_41011F6B-C2EF-48A5-AA85-C6B72FDBC921.jpg | https://cdn.shopify.com/s/files/1/2337/7003/files/0001_FC768C71-67FF-4064-98B2-A3B8B2998427.jpg | https://cdn.shopify.com/s/files/1/2337/7003/files/0008_153397FB-4683-4F40-AFDA-5243D0E5554A.jpg | https://cdn.shopify.com/s/files/1/2337/7003/files/0012_917EA575-01A7-4900-AA05-73DD949066FD.jpg | https://cdn.shopify.com/s/files/1/2337/7003/files/0013_0555B860-A9B5-49B9-81C6-C14749A97988.jpg | https://cdn.shopify.com/s/files/1/2337/7003/files/0014_346F228D-A478-4D24-9224-9ADF7B9729CB.jpg | https://cdn.shopify.com/s/files/1/2337/7003/files/0015_159EAD63-E89B-4D24-805A-5D18FC4818D0.jpg | https://cdn.shopify.com/s/files/1/2337/7003/files/0017_4A9CC3C0-7445-4B82-9390-CE1624FD7DD4.jpg,https://cdn.shopify.com/s/files/1/2337/7003/files/0011_9498D020-E6A8-49EF-A050-4F306484DCE7.jpg?v=1687592607 | https://cdn.shopify.com/s/files/1/2337/7003/files/0011_9498D020-E6A8-49EF-A050-4F306484DCE7.jpg | https://cdn.shopify.com/s/files/1/2337/7003/files/0002_F4B98251-1A94-4AED-914C-9F3D64AD8992.jpg | https://cdn.shopify.com/s/files/1/2337/7003/files/0004_DEB1E7A4-EBBA-493F-9CB0-8B1AD1A8B111.jpg | https://cdn.shopify.com/s/files/1/2337/7003/files/0009_86352C43-9F67-4187-AEB6-B1F981348A3D.jpg | https://cdn.shopify.com/s/files/1/2337/7003/files/0003_DF1B74AC-7E3A-40A0-A436-BC0BF6F3A829.jpg | https://cdn.shopify.com/s/files/1/2337/7003/files/0005_B4FAEF81-6A49-4B27-9C1D-1DAEE105AE65.jpg | https://cdn.shopify.com/s/files/1/2337/7003/files/0010_41011F6B-C2EF-48A5-AA85-C6B72FDBC921.jpg | https://cdn.shopify.com/s/files/1/2337/7003/files/0001_FC768C71-67FF-4064-98B2-A3B8B2998427.jpg | https://cdn.shopify.com/s/files/1/2337/7003/files/0008_153397FB-4683-4F40-AFDA-5243D0E5554A.jpg | https://cdn.shopify.com/s/files/1/2337/7003/files/0012_917EA575-01A7-4900-AA05-73DD949066FD.jpg | https://cdn.shopify.com/s/files/1/2337/7003/files/0013_0555B860-A9B5-49B9-81C6-C14749A97988.jpg | https://cdn.shopify.com/s/files/1/2337/7003/files/0014_346F228D-A478-4D24-9224-9ADF7B9729CB.jpg | https://cdn.shopify.com/s/files/1/2337/7003/files/0015_159EAD63-E89B-4D24-805A-5D18FC4818D0.jpg | https://cdn.shopify.com/s/files/1/2337/7003/files/0017_4A9CC3C0-7445-4B82-9390-CE1624FD7DD4.jpg,Pure Chiffon & Silk,"Handcrafted Zardozi, Tilla & Fine Resham","3-Piece (Shirt, Trouser, Dupatta)",0 to 2 Weeks,Made to Order,FALSE,FALSE,FALSE,"Exquisite handcrafted Royal Pishwas ensemble from Haseens Official. Masterfully tailored with generational Pakistani artistry, premium pure fabrics, and delicate celebratory motifs."
has-123,Shanzay,All Products,Pishwas,Royal 36-Kali Pishwas,Royal Pishwas,19520,,https://cdn.shopify.com/s/files/1/2337/7003/files/cropped_image-173521525506361_8797b86d-6714-42d8-b898-c32fcfcbbb20.jpg?v=1760509088,https://cdn.shopify.com/s/files/1/2337/7003/files/cropped_image-173521525506361_8797b86d-6714-42d8-b898-c32fcfcbbb20.jpg,https://cdn.shopify.com/s/files/1/2337/7003/files/cropped_image-173521525466811_cc8d3b8a-a7d8-4360-8da1-4413867fb422.jpg,https://cdn.shopify.com/s/files/1/2337/7003/files/cropped_image-173521525438871_07a71587-bd6b-4dd4-9cfc-2e4cee927496.jpg,https://cdn.shopify.com/s/files/1/2337/7003/files/cropped_image-173521525498397_ece4f75e-c431-4ffa-a144-d7797febdd36.jpg | https://cdn.shopify.com/s/files/1/2337/7003/files/cropped_image-173521525570000_dd3f72a6-a90a-4540-b56c-f89ab3284495.jpg | https://cdn.shopify.com/s/files/1/2337/7003/files/cropped_image-173521525426878_81dbfcfa-cb83-4627-b269-83bcfc386de8.jpg | https://cdn.shopify.com/s/files/1/2337/7003/files/cropped_image-173521525481002_c3bbd5b6-247f-43bc-aa86-8c0c174bf1e7.jpg,https://cdn.shopify.com/s/files/1/2337/7003/files/cropped_image-173521525506361_8797b86d-6714-42d8-b898-c32fcfcbbb20.jpg?v=1760509088 | https://cdn.shopify.com/s/files/1/2337/7003/files/cropped_image-173521525506361_8797b86d-6714-42d8-b898-c32fcfcbbb20.jpg | https://cdn.shopify.com/s/files/1/2337/7003/files/cropped_image-173521525466811_cc8d3b8a-a7d8-4360-8da1-4413867fb422.jpg | https://cdn.shopify.com/s/files/1/2337/7003/files/cropped_image-173521525438871_07a71587-bd6b-4dd4-9cfc-2e4cee927496.jpg | https://cdn.shopify.com/s/files/1/2337/7003/files/cropped_image-173521525498397_ece4f75e-c431-4ffa-a144-d7797febdd36.jpg | https://cdn.shopify.com/s/files/1/2337/7003/files/cropped_image-173521525570000_dd3f72a6-a90a-4540-b56c-f89ab3284495.jpg | https://cdn.shopify.com/s/files/1/2337/7003/files/cropped_image-173521525426878_81dbfcfa-cb83-4627-b269-83bcfc386de8.jpg | https://cdn.shopify.com/s/files/1/2337/7003/files/cropped_image-173521525481002_c3bbd5b6-247f-43bc-aa86-8c0c174bf1e7.jpg,Pure Chiffon & Silk,"Handcrafted Zardozi, Tilla & Fine Resham","3-Piece (Shirt, Trouser, Dupatta)",0 to 2 Weeks,Made to Order,FALSE,FALSE,FALSE,"Exquisite handcrafted Royal Pishwas ensemble from Haseens Official. Masterfully tailored with generational Pakistani artistry, premium pure fabrics, and delicate celebratory motifs."
has-124,Sahiba,All Products,Pishwas,Royal 36-Kali Pishwas,Royal Pishwas,30000,,https://cdn.shopify.com/s/files/1/2337/7003/files/0033_FFAC5FC4-3E0A-4258-BD97-112EC608B604.jpg?v=1686566458,https://cdn.shopify.com/s/files/1/2337/7003/files/0033_FFAC5FC4-3E0A-4258-BD97-112EC608B604.jpg,https://cdn.shopify.com/s/files/1/2337/7003/files/0037_D02EB6DD-0AF4-4888-9AE6-61D039EAF48E.jpg,https://cdn.shopify.com/s/files/1/2337/7003/files/0036_DD902088-9E26-45E1-8353-1054EBA654D7.jpg,https://cdn.shopify.com/s/files/1/2337/7003/files/0035_EC879CCF-750D-47C5-B011-5D7B551B862C.jpg | https://cdn.shopify.com/s/files/1/2337/7003/files/0034_EFC3F5DC-1AC8-42C5-9631-3047721C9BB6.jpg | https://cdn.shopify.com/s/files/1/2337/7003/files/0039_984F799D-C647-4F39-BF81-E71E1487CC9D.jpg | https://cdn.shopify.com/s/files/1/2337/7003/files/0038_3414347B-3395-4C71-9231-135E785931C1.jpg | https://cdn.shopify.com/s/files/1/2337/7003/files/0040_1AAC6962-4461-4D96-A90A-9D704DA50FA2.jpg,https://cdn.shopify.com/s/files/1/2337/7003/files/0033_FFAC5FC4-3E0A-4258-BD97-112EC608B604.jpg?v=1686566458 | https://cdn.shopify.com/s/files/1/2337/7003/files/0033_FFAC5FC4-3E0A-4258-BD97-112EC608B604.jpg | https://cdn.shopify.com/s/files/1/2337/7003/files/0037_D02EB6DD-0AF4-4888-9AE6-61D039EAF48E.jpg | https://cdn.shopify.com/s/files/1/2337/7003/files/0036_DD902088-9E26-45E1-8353-1054EBA654D7.jpg | https://cdn.shopify.com/s/files/1/2337/7003/files/0035_EC879CCF-750D-47C5-B011-5D7B551B862C.jpg | https://cdn.shopify.com/s/files/1/2337/7003/files/0034_EFC3F5DC-1AC8-42C5-9631-3047721C9BB6.jpg | https://cdn.shopify.com/s/files/1/2337/7003/files/0039_984F799D-C647-4F39-BF81-E71E1487CC9D.jpg | https://cdn.shopify.com/s/files/1/2337/7003/files/0038_3414347B-3395-4C71-9231-135E785931C1.jpg | https://cdn.shopify.com/s/files/1/2337/7003/files/0040_1AAC6962-4461-4D96-A90A-9D704DA50FA2.jpg,Pure Chiffon & Silk,"Handcrafted Zardozi, Tilla & Fine Resham","3-Piece (Shirt, Trouser, Dupatta)",0 to 2 Weeks,Made to Order,FALSE,FALSE,TRUE,"Exquisite handcrafted Royal Pishwas ensemble from Haseens Official. Masterfully tailored with generational Pakistani artistry, premium pure fabrics, and delicate celebratory motifs."
has-125,Sabeen,All Products,Pishwas,Royal 36-Kali Pishwas,Royal Pishwas,16320,,https://cdn.shopify.com/s/files/1/2337/7003/files/cropped_image-173521491907255_3b434e5a-6b0b-4c58-8187-ef85c745c9f7.jpg?v=1750935520,https://cdn.shopify.com/s/files/1/2337/7003/files/cropped_image-173521491907255_3b434e5a-6b0b-4c58-8187-ef85c745c9f7.jpg,https://cdn.shopify.com/s/files/1/2337/7003/files/cropped_image-173521492001126_e20cacc2-8e0c-4e85-a100-87c064cbdb66.jpg,https://cdn.shopify.com/s/files/1/2337/7003/files/cropped_image-173521491984955_c234b12e-b3fb-4a15-99a9-c92b23300d0d.jpg,https://cdn.shopify.com/s/files/1/2337/7003/files/cropped_image-173521491851596_62831ccf-f2e2-4043-8ccd-399d1448068c.jpg | https://cdn.shopify.com/s/files/1/2337/7003/files/cropped_image-173521491934481_874f3a56-aa4b-411d-9503-3774b9fdf2a5.jpg | https://cdn.shopify.com/s/files/1/2337/7003/files/cropped_image-173521491856757_f8084d4c-d6f6-4076-9aef-1a24c78cbbfd.jpg | https://cdn.shopify.com/s/files/1/2337/7003/files/cropped_image-173521491955754_ab77154e-f2d1-4188-961f-81d47020c1d2.jpg | https://cdn.shopify.com/s/files/1/2337/7003/files/cropped_image-173521491979571_f6f9e504-2d7d-4468-94a8-854284b4e781.jpg | https://cdn.shopify.com/s/files/1/2337/7003/files/cropped_image-173521492004664_f06e1481-26c1-44e6-a754-4c4c4459715a.jpg | https://cdn.shopify.com/s/files/1/2337/7003/files/cropped_image-173521491928495_da9f49ad-3846-4685-a908-815c5355e100.jpg,https://cdn.shopify.com/s/files/1/2337/7003/files/cropped_image-173521491907255_3b434e5a-6b0b-4c58-8187-ef85c745c9f7.jpg?v=1750935520 | https://cdn.shopify.com/s/files/1/2337/7003/files/cropped_image-173521491907255_3b434e5a-6b0b-4c58-8187-ef85c745c9f7.jpg | https://cdn.shopify.com/s/files/1/2337/7003/files/cropped_image-173521492001126_e20cacc2-8e0c-4e85-a100-87c064cbdb66.jpg | https://cdn.shopify.com/s/files/1/2337/7003/files/cropped_image-173521491984955_c234b12e-b3fb-4a15-99a9-c92b23300d0d.jpg | https://cdn.shopify.com/s/files/1/2337/7003/files/cropped_image-173521491851596_62831ccf-f2e2-4043-8ccd-399d1448068c.jpg | https://cdn.shopify.com/s/files/1/2337/7003/files/cropped_image-173521491934481_874f3a56-aa4b-411d-9503-3774b9fdf2a5.jpg | https://cdn.shopify.com/s/files/1/2337/7003/files/cropped_image-173521491856757_f8084d4c-d6f6-4076-9aef-1a24c78cbbfd.jpg | https://cdn.shopify.com/s/files/1/2337/7003/files/cropped_image-173521491955754_ab77154e-f2d1-4188-961f-81d47020c1d2.jpg | https://cdn.shopify.com/s/files/1/2337/7003/files/cropped_image-173521491979571_f6f9e504-2d7d-4468-94a8-854284b4e781.jpg | https://cdn.shopify.com/s/files/1/2337/7003/files/cropped_image-173521492004664_f06e1481-26c1-44e6-a754-4c4c4459715a.jpg | https://cdn.shopify.com/s/files/1/2337/7003/files/cropped_image-173521491928495_da9f49ad-3846-4685-a908-815c5355e100.jpg,Pure Chiffon & Silk,"Handcrafted Zardozi, Tilla & Fine Resham","3-Piece (Shirt, Trouser, Dupatta)",ReadyToShip,Made to Order,FALSE,TRUE,FALSE,"Exquisite handcrafted Royal Pishwas ensemble from Haseens Official. Masterfully tailored with generational Pakistani artistry, premium pure fabrics, and delicate celebratory motifs."
has-126,Gulnoor,All Products,Pishwas,Royal 36-Kali Pishwas,Royal Pishwas,15680,,https://cdn.shopify.com/s/files/1/2337/7003/files/cropped_image-173520876380088_f6c323e4-0b54-475a-bfe0-f8069633c83a.jpg?v=1754543707,https://cdn.shopify.com/s/files/1/2337/7003/files/cropped_image-173520876380088_f6c323e4-0b54-475a-bfe0-f8069633c83a.jpg,https://cdn.shopify.com/s/files/1/2337/7003/files/cropped_image-173520876346519_28dc5565-9327-4f75-a1fc-ebe01c85136f.jpg,https://cdn.shopify.com/s/files/1/2337/7003/files/cropped_image-173520876417282_71fefe00-03c2-4a03-b9e9-0242ecee5a18.jpg,https://cdn.shopify.com/s/files/1/2337/7003/files/cropped_image-173520876349450_fe645253-368d-49b8-9574-85d8d2a2d672.jpg | https://cdn.shopify.com/s/files/1/2337/7003/files/cropped_image-173520876308637_4093b646-79fe-4b35-ac04-6aae41ae2d17.jpg | https://cdn.shopify.com/s/files/1/2337/7003/files/cropped_image-173520881944676_b5a5d82e-c38e-4b67-98e5-06ab9b7d9c56.jpg | https://cdn.shopify.com/s/files/1/2337/7003/files/cropped_image-173520881791500_2c625a27-b3a0-4d9e-8898-0c9dc71f32c9.jpg,https://cdn.shopify.com/s/files/1/2337/7003/files/cropped_image-173520876380088_f6c323e4-0b54-475a-bfe0-f8069633c83a.jpg?v=1754543707 | https://cdn.shopify.com/s/files/1/2337/7003/files/cropped_image-173520876380088_f6c323e4-0b54-475a-bfe0-f8069633c83a.jpg | https://cdn.shopify.com/s/files/1/2337/7003/files/cropped_image-173520876346519_28dc5565-9327-4f75-a1fc-ebe01c85136f.jpg | https://cdn.shopify.com/s/files/1/2337/7003/files/cropped_image-173520876417282_71fefe00-03c2-4a03-b9e9-0242ecee5a18.jpg | https://cdn.shopify.com/s/files/1/2337/7003/files/cropped_image-173520876349450_fe645253-368d-49b8-9574-85d8d2a2d672.jpg | https://cdn.shopify.com/s/files/1/2337/7003/files/cropped_image-173520876308637_4093b646-79fe-4b35-ac04-6aae41ae2d17.jpg | https://cdn.shopify.com/s/files/1/2337/7003/files/cropped_image-173520881944676_b5a5d82e-c38e-4b67-98e5-06ab9b7d9c56.jpg | https://cdn.shopify.com/s/files/1/2337/7003/files/cropped_image-173520881791500_2c625a27-b3a0-4d9e-8898-0c9dc71f32c9.jpg,Pure Chiffon & Silk,"Handcrafted Zardozi, Tilla & Fine Resham","3-Piece (Shirt, Trouser, Dupatta)",ReadyToShip,Made to Order,TRUE,FALSE,FALSE,"Exquisite handcrafted Royal Pishwas ensemble from Haseens Official. Masterfully tailored with generational Pakistani artistry, premium pure fabrics, and delicate celebratory motifs."
has-127,Fizzah,All Products,Pishwas,Royal 36-Kali Pishwas,Royal Pishwas,11322,,https://cdn.shopify.com/s/files/1/2337/7003/files/20260703094248-c107fcc3d75942b0-media_image-b9ab1e2127fa4522a0f330be359d74b9.jpg,https://cdn.shopify.com/s/files/1/2337/7003/files/20260703094309-4fa81741a10c451d-media_image-cb7abd40046840d292b616d803dd5841.jpg,https://cdn.shopify.com/s/files/1/2337/7003/files/20260609090033-9bf4186aa0454b89-media_image-4870f93936944331b924369d7c4ed993.jpg,https://cdn.shopify.com/s/files/1/2337/7003/files/20260609090115-e6dce17d9f944f79-media_image-507d9b12747a49ecba10d02049fcb4e0.jpg,https://cdn.shopify.com/s/files/1/2337/7003/files/20260609090033-8c4b71c0bba44766-media_image-edee944dbc504b5f9156853855f66d83.jpg | https://cdn.shopify.com/s/files/1/2337/7003/files/20260609090054-f16781609e504d4b-media_image-d9c487c52a98402a993166a5fae8704d.jpg | https://cdn.shopify.com/s/files/1/2337/7003/files/20260609090033-ab3f4423f72f45b2-media_image-4aa8462ceb7d4b92b630d26efb96f893.jpg | https://cdn.shopify.com/s/files/1/2337/7003/files/20260609090054-9bf0c1ce7b624eca-media_image-e95330efce6949b1a9b38201c3fe2519.jpg | https://cdn.shopify.com/s/files/1/2337/7003/files/20260609090033-aa5e2efbb1674d3d-media_image-d4ca50ea81b144efbe28467bc174223f.jpg,https://cdn.shopify.com/s/files/1/2337/7003/files/20260703094248-c107fcc3d75942b0-media_image-b9ab1e2127fa4522a0f330be359d74b9.jpg | https://cdn.shopify.com/s/files/1/2337/7003/files/20260703094309-4fa81741a10c451d-media_image-cb7abd40046840d292b616d803dd5841.jpg | https://cdn.shopify.com/s/files/1/2337/7003/files/20260609090033-9bf4186aa0454b89-media_image-4870f93936944331b924369d7c4ed993.jpg | https://cdn.shopify.com/s/files/1/2337/7003/files/20260609090115-e6dce17d9f944f79-media_image-507d9b12747a49ecba10d02049fcb4e0.jpg | https://cdn.shopify.com/s/files/1/2337/7003/files/20260609090033-8c4b71c0bba44766-media_image-edee944dbc504b5f9156853855f66d83.jpg | https://cdn.shopify.com/s/files/1/2337/7003/files/20260609090054-f16781609e504d4b-media_image-d9c487c52a98402a993166a5fae8704d.jpg | https://cdn.shopify.com/s/files/1/2337/7003/files/20260609090033-ab3f4423f72f45b2-media_image-4aa8462ceb7d4b92b630d26efb96f893.jpg | https://cdn.shopify.com/s/files/1/2337/7003/files/20260609090054-9bf0c1ce7b624eca-media_image-e95330efce6949b1a9b38201c3fe2519.jpg | https://cdn.shopify.com/s/files/1/2337/7003/files/20260609090033-aa5e2efbb1674d3d-media_image-d4ca50ea81b144efbe28467bc174223f.jpg,Pure Chiffon & Silk,"Handcrafted Zardozi, Tilla & Fine Resham","3-Piece (Shirt, Trouser, Dupatta)",ReadyToShip,Made to Order,FALSE,FALSE,TRUE,"Exquisite handcrafted Royal Pishwas ensemble from Haseens Official. Masterfully tailored with generational Pakistani artistry, premium pure fabrics, and delicate celebratory motifs."
has-128,Kaneez,All Products,Pishwas,Royal 36-Kali Pishwas,Royal Pishwas,24600,,https://cdn.shopify.com/s/files/1/2337/7003/files/20260929162608-0362070ead1c482e-media_image.jpg,https://cdn.shopify.com/s/files/1/2337/7003/files/20260929162617-1b89e89c1c944599-media_image.jpg,https://cdn.shopify.com/s/files/1/2337/7003/files/20260929162542-24c00bdb67ee49b7-media_image.jpg,https://cdn.shopify.com/s/files/1/2337/7003/files/20260929162539-ebffa03261c845f5-media_image.jpg,https://cdn.shopify.com/s/files/1/2337/7003/files/20260929162558-517d89e301594bfc-media_image.jpg | https://cdn.shopify.com/s/files/1/2337/7003/files/20260929162618-2564488c20064a8b-media_image.jpg | https://cdn.shopify.com/s/files/1/2337/7003/files/20260929162601-47784ec258164a90-media_image.jpg | https://cdn.shopify.com/s/files/1/2337/7003/files/20260929162611-2c2d00a50cd54c7f-media_image.jpg | https://cdn.shopify.com/s/files/1/2337/7003/files/20260929162608-abc677e383d9468a-media_image.jpg,https://cdn.shopify.com/s/files/1/2337/7003/files/20260929162608-0362070ead1c482e-media_image.jpg | https://cdn.shopify.com/s/files/1/2337/7003/files/20260929162617-1b89e89c1c944599-media_image.jpg | https://cdn.shopify.com/s/files/1/2337/7003/files/20260929162542-24c00bdb67ee49b7-media_image.jpg | https://cdn.shopify.com/s/files/1/2337/7003/files/20260929162539-ebffa03261c845f5-media_image.jpg | https://cdn.shopify.com/s/files/1/2337/7003/files/20260929162558-517d89e301594bfc-media_image.jpg | https://cdn.shopify.com/s/files/1/2337/7003/files/20260929162618-2564488c20064a8b-media_image.jpg | https://cdn.shopify.com/s/files/1/2337/7003/files/20260929162601-47784ec258164a90-media_image.jpg | https://cdn.shopify.com/s/files/1/2337/7003/files/20260929162611-2c2d00a50cd54c7f-media_image.jpg | https://cdn.shopify.com/s/files/1/2337/7003/files/20260929162608-abc677e383d9468a-media_image.jpg,Pure Chiffon & Silk,"Handcrafted Zardozi, Tilla & Fine Resham","3-Piece (Shirt, Trouser, Dupatta)",5 to 7 Weeks,Made to Order,FALSE,FALSE,FALSE,"Exquisite handcrafted Royal Pishwas ensemble from Haseens Official. Masterfully tailored with generational Pakistani artistry, premium pure fabrics, and delicate celebratory motifs."
has-129,Mansa,All Products,Pishwas,Royal 36-Kali Pishwas,Royal Pishwas,18450,,https://cdn.shopify.com/s/files/1/2337/7003/files/20260715084430-1a0f92233e134a36-media_image-05ebde923126472e8796bdd9ba7f9dfb.jpg,https://cdn.shopify.com/s/files/1/2337/7003/files/20260715084517-bdfbe45a07fe4c9e-media_image-581978ab139f4ea585748b3436b5c8ad.jpg,https://cdn.shopify.com/s/files/1/2337/7003/files/20260715084450-d7c50aca99af4dd5-media_image-aaaaa5bd58584851b80d980d2b7a1978.jpg,https://cdn.shopify.com/s/files/1/2337/7003/files/20260715084457-88711cb648ad4b45-media_image-c9a53a86a3ae45f58667953f293d0cda.jpg,https://cdn.shopify.com/s/files/1/2337/7003/files/20260715084436-1c6656e657ce4df6-media_image-46f53caa4db14102abd3c9760311ed3a.jpg | https://cdn.shopify.com/s/files/1/2337/7003/files/20260715084415-f90d9c0ae47a4397-media_image-09095ed66d9848be868467db4e765b70.jpg | https://cdn.shopify.com/s/files/1/2337/7003/files/20260715084416-32bf2d222f054355-media_image-c4f99cc08ce4405cb1873e51a74842d9.jpg | https://cdn.shopify.com/s/files/1/2337/7003/files/20260715084416-c9dc6df45ca44b73-media_image-90fb7a58b3934d94af5a6c785737c2b8.jpg | https://cdn.shopify.com/s/files/1/2337/7003/files/20260715084437-f26fc39abfec49e9-media_image-e872b5c602934567a299cb2e5f78be91.jpg,https://cdn.shopify.com/s/files/1/2337/7003/files/20260715084430-1a0f92233e134a36-media_image-05ebde923126472e8796bdd9ba7f9dfb.jpg | https://cdn.shopify.com/s/files/1/2337/7003/files/20260715084517-bdfbe45a07fe4c9e-media_image-581978ab139f4ea585748b3436b5c8ad.jpg | https://cdn.shopify.com/s/files/1/2337/7003/files/20260715084450-d7c50aca99af4dd5-media_image-aaaaa5bd58584851b80d980d2b7a1978.jpg | https://cdn.shopify.com/s/files/1/2337/7003/files/20260715084457-88711cb648ad4b45-media_image-c9a53a86a3ae45f58667953f293d0cda.jpg | https://cdn.shopify.com/s/files/1/2337/7003/files/20260715084436-1c6656e657ce4df6-media_image-46f53caa4db14102abd3c9760311ed3a.jpg | https://cdn.shopify.com/s/files/1/2337/7003/files/20260715084415-f90d9c0ae47a4397-media_image-09095ed66d9848be868467db4e765b70.jpg | https://cdn.shopify.com/s/files/1/2337/7003/files/20260715084416-32bf2d222f054355-media_image-c4f99cc08ce4405cb1873e51a74842d9.jpg | https://cdn.shopify.com/s/files/1/2337/7003/files/20260715084416-c9dc6df45ca44b73-media_image-90fb7a58b3934d94af5a6c785737c2b8.jpg | https://cdn.shopify.com/s/files/1/2337/7003/files/20260715084437-f26fc39abfec49e9-media_image-e872b5c602934567a299cb2e5f78be91.jpg,Pure Chiffon & Silk,"Handcrafted Zardozi, Tilla & Fine Resham","3-Piece (Shirt, Trouser, Dupatta)",ReadyToShip,Made to Order,FALSE,TRUE,FALSE,"Exquisite handcrafted Royal Pishwas ensemble from Haseens Official. Masterfully tailored with generational Pakistani artistry, premium pure fabrics, and delicate celebratory motifs."
has-130,Eshmal,All Products,Pishwas,Royal 36-Kali Pishwas,Royal Pishwas,23500,,https://cdn.shopify.com/s/files/1/2337/7003/files/20260929163039-60cc58ad04914cf4-media_image.jpg,https://cdn.shopify.com/s/files/1/2337/7003/files/20260929163029-6496e4058dd7474a-media_image.jpg,https://cdn.shopify.com/s/files/1/2337/7003/files/20260929163020-cfc4174843604437-media_image.jpg,https://cdn.shopify.com/s/files/1/2337/7003/files/20260929163030-cdf7d1e699dd44b6-media_image.jpg,https://cdn.shopify.com/s/files/1/2337/7003/files/20260929163033-845ab16b377345ee-media_image.jpg | https://cdn.shopify.com/s/files/1/2337/7003/files/20260929163033-7dc63c367dd54df0-media_image.jpg | https://cdn.shopify.com/s/files/1/2337/7003/files/20260929163042-c80e9044939443e1-media_image.jpg | https://cdn.shopify.com/s/files/1/2337/7003/files/20260929163037-9c58e87da708436c-media_image.jpg | https://cdn.shopify.com/s/files/1/2337/7003/files/20260929163035-981d6ac2cd654620-media_image.jpg | https://cdn.shopify.com/s/files/1/2337/7003/files/20260929163044-5135d65c2d3b4a8b-media_image.jpg | https://cdn.shopify.com/s/files/1/2337/7003/files/20260929163035-156267a503ce428f-media_image.jpg,https://cdn.shopify.com/s/files/1/2337/7003/files/20260929163039-60cc58ad04914cf4-media_image.jpg | https://cdn.shopify.com/s/files/1/2337/7003/files/20260929163029-6496e4058dd7474a-media_image.jpg | https://cdn.shopify.com/s/files/1/2337/7003/files/20260929163020-cfc4174843604437-media_image.jpg | https://cdn.shopify.com/s/files/1/2337/7003/files/20260929163030-cdf7d1e699dd44b6-media_image.jpg | https://cdn.shopify.com/s/files/1/2337/7003/files/20260929163033-845ab16b377345ee-media_image.jpg | https://cdn.shopify.com/s/files/1/2337/7003/files/20260929163033-7dc63c367dd54df0-media_image.jpg | https://cdn.shopify.com/s/files/1/2337/7003/files/20260929163042-c80e9044939443e1-media_image.jpg | https://cdn.shopify.com/s/files/1/2337/7003/files/20260929163037-9c58e87da708436c-media_image.jpg | https://cdn.shopify.com/s/files/1/2337/7003/files/20260929163035-981d6ac2cd654620-media_image.jpg | https://cdn.shopify.com/s/files/1/2337/7003/files/20260929163044-5135d65c2d3b4a8b-media_image.jpg | https://cdn.shopify.com/s/files/1/2337/7003/files/20260929163035-156267a503ce428f-media_image.jpg,Pure Chiffon & Silk,"Handcrafted Zardozi, Tilla & Fine Resham","3-Piece (Shirt, Trouser, Dupatta)",5 to 7 Weeks,Made to Order,FALSE,FALSE,TRUE,"Exquisite handcrafted Royal Pishwas ensemble from Haseens Official. Masterfully tailored with generational Pakistani artistry, premium pure fabrics, and delicate celebratory motifs."
has-131,Pari Gul,All Products,Pishwas,Royal 36-Kali Pishwas,Royal Pishwas,130000,,https://cdn.shopify.com/s/files/1/2337/7003/files/cropped_image-172357458589763_913541f0-e1c1-46ba-b858-c4297da1d896.jpg?v=1723696646,https://cdn.shopify.com/s/files/1/2337/7003/files/cropped_image-172357458589763_913541f0-e1c1-46ba-b858-c4297da1d896.jpg,https://cdn.shopify.com/s/files/1/2337/7003/files/cropped_image-172357458790511_0fa66f01-03e5-40c0-91bb-34b0aa9c06ee.jpg,https://cdn.shopify.com/s/files/1/2337/7003/files/cropped_image-172357458712562_78e0a19f-3fa8-43f8-b410-fec087789ff2.jpg,https://cdn.shopify.com/s/files/1/2337/7003/files/cropped_image-172357458838472_4ebb0a3c-dbe3-42e0-bbf7-613c7dfa0d87.jpg | https://cdn.shopify.com/s/files/1/2337/7003/files/cropped_image-172357458711764_8a8f1515-39b8-41a0-9df4-0536b115192f.jpg,https://cdn.shopify.com/s/files/1/2337/7003/files/cropped_image-172357458589763_913541f0-e1c1-46ba-b858-c4297da1d896.jpg?v=1723696646 | https://cdn.shopify.com/s/files/1/2337/7003/files/cropped_image-172357458589763_913541f0-e1c1-46ba-b858-c4297da1d896.jpg | https://cdn.shopify.com/s/files/1/2337/7003/files/cropped_image-172357458790511_0fa66f01-03e5-40c0-91bb-34b0aa9c06ee.jpg | https://cdn.shopify.com/s/files/1/2337/7003/files/cropped_image-172357458712562_78e0a19f-3fa8-43f8-b410-fec087789ff2.jpg | https://cdn.shopify.com/s/files/1/2337/7003/files/cropped_image-172357458838472_4ebb0a3c-dbe3-42e0-bbf7-613c7dfa0d87.jpg | https://cdn.shopify.com/s/files/1/2337/7003/files/cropped_image-172357458711764_8a8f1515-39b8-41a0-9df4-0536b115192f.jpg,Pure Chiffon & Silk,"Handcrafted Zardozi, Tilla & Fine Resham","3-Piece (Shirt, Trouser, Dupatta)",More than 6 weeks,Made to Order,TRUE,FALSE,FALSE,"Exquisite handcrafted Royal Pishwas ensemble from Haseens Official. Masterfully tailored with generational Pakistani artistry, premium pure fabrics, and delicate celebratory motifs."
has-132,Mahakeen,All Products,Pishwas,Royal 36-Kali Pishwas,Royal Pishwas,110000,,https://cdn.shopify.com/s/files/1/2337/7003/files/cropped_image-172357346193624_6f0e7c31-e9a1-4f05-9b33-72fddb88c257.jpg?v=1723696815,https://cdn.shopify.com/s/files/1/2337/7003/files/cropped_image-172357346193624_6f0e7c31-e9a1-4f05-9b33-72fddb88c257.jpg,https://cdn.shopify.com/s/files/1/2337/7003/files/cropped_image-172357346176861_5a4611a9-19f0-4afa-ac17-5a7ddff71f9a.jpg,https://cdn.shopify.com/s/files/1/2337/7003/files/cropped_image-172357346258432_197f3887-f668-4c6a-a0ff-f7e45b44ebe4.jpg,https://cdn.shopify.com/s/files/1/2337/7003/files/cropped_image-172357346340310_80f7ba6b-7e8b-4633-a752-8cd9ea26d70e.jpg | https://cdn.shopify.com/s/files/1/2337/7003/files/cropped_image-172357346301914_41a6da47-d9be-47e8-8aac-a021ccdb8650.jpg | https://cdn.shopify.com/s/files/1/2337/7003/files/cropped_image-172357346346860_18300bfc-3885-4b25-9648-98f734d7a054.jpg | https://cdn.shopify.com/s/files/1/2337/7003/files/cropped_image-172357346338054_f671f9a0-d882-4008-9907-744ea0ad48f0.jpg,https://cdn.shopify.com/s/files/1/2337/7003/files/cropped_image-172357346193624_6f0e7c31-e9a1-4f05-9b33-72fddb88c257.jpg?v=1723696815 | https://cdn.shopify.com/s/files/1/2337/7003/files/cropped_image-172357346193624_6f0e7c31-e9a1-4f05-9b33-72fddb88c257.jpg | https://cdn.shopify.com/s/files/1/2337/7003/files/cropped_image-172357346176861_5a4611a9-19f0-4afa-ac17-5a7ddff71f9a.jpg | https://cdn.shopify.com/s/files/1/2337/7003/files/cropped_image-172357346258432_197f3887-f668-4c6a-a0ff-f7e45b44ebe4.jpg | https://cdn.shopify.com/s/files/1/2337/7003/files/cropped_image-172357346340310_80f7ba6b-7e8b-4633-a752-8cd9ea26d70e.jpg | https://cdn.shopify.com/s/files/1/2337/7003/files/cropped_image-172357346301914_41a6da47-d9be-47e8-8aac-a021ccdb8650.jpg | https://cdn.shopify.com/s/files/1/2337/7003/files/cropped_image-172357346346860_18300bfc-3885-4b25-9648-98f734d7a054.jpg | https://cdn.shopify.com/s/files/1/2337/7003/files/cropped_image-172357346338054_f671f9a0-d882-4008-9907-744ea0ad48f0.jpg,Pure Chiffon & Silk,"Handcrafted Zardozi, Tilla & Fine Resham","3-Piece (Shirt, Trouser, Dupatta)",More than 6 weeks,Made to Order,FALSE,FALSE,FALSE,"Exquisite handcrafted Royal Pishwas ensemble from Haseens Official. Masterfully tailored with generational Pakistani artistry, premium pure fabrics, and delicate celebratory motifs."
has-133,Zarnaaz,All Products,Pishwas,Royal 36-Kali Pishwas,Royal Pishwas,110000,,https://cdn.shopify.com/s/files/1/2337/7003/files/cropped_image-172357166596717_e84e599d-4252-419c-bbc5-a19b4a65b533.jpg?v=1723696876,https://cdn.shopify.com/s/files/1/2337/7003/files/cropped_image-172357166596717_e84e599d-4252-419c-bbc5-a19b4a65b533.jpg,https://cdn.shopify.com/s/files/1/2337/7003/files/cropped_image-172357166519966_e069f683-2cc0-48c5-af32-02aaa097217d.jpg,https://cdn.shopify.com/s/files/1/2337/7003/files/cropped_image-172357166510217_c6910f94-6c0e-4edd-9336-1135cce54359.jpg,https://cdn.shopify.com/s/files/1/2337/7003/files/cropped_image-172357166521845_7abc50de-11d9-4b6f-a3b1-f7dc23984ff5.jpg | https://cdn.shopify.com/s/files/1/2337/7003/files/cropped_image-172357166551773_d8eab8aa-7810-4a74-a101-88e8b0a89b30.jpg,https://cdn.shopify.com/s/files/1/2337/7003/files/cropped_image-172357166596717_e84e599d-4252-419c-bbc5-a19b4a65b533.jpg?v=1723696876 | https://cdn.shopify.com/s/files/1/2337/7003/files/cropped_image-172357166596717_e84e599d-4252-419c-bbc5-a19b4a65b533.jpg | https://cdn.shopify.com/s/files/1/2337/7003/files/cropped_image-172357166519966_e069f683-2cc0-48c5-af32-02aaa097217d.jpg | https://cdn.shopify.com/s/files/1/2337/7003/files/cropped_image-172357166510217_c6910f94-6c0e-4edd-9336-1135cce54359.jpg | https://cdn.shopify.com/s/files/1/2337/7003/files/cropped_image-172357166521845_7abc50de-11d9-4b6f-a3b1-f7dc23984ff5.jpg | https://cdn.shopify.com/s/files/1/2337/7003/files/cropped_image-172357166551773_d8eab8aa-7810-4a74-a101-88e8b0a89b30.jpg,Pure Chiffon & Silk,"Handcrafted Zardozi, Tilla & Fine Resham","3-Piece (Shirt, Trouser, Dupatta)",More than 6 weeks,Made to Order,FALSE,TRUE,TRUE,"Exquisite handcrafted Royal Pishwas ensemble from Haseens Official. Masterfully tailored with generational Pakistani artistry, premium pure fabrics, and delicate celebratory motifs."
has-134,Durnaaz,All Products,Pishwas,Royal 36-Kali Pishwas,Royal Pishwas,110000,,https://cdn.shopify.com/s/files/1/2337/7003/files/cropped_image-172357137549105_3cfc1c58-40d1-4ded-ab77-715d202a02fd.jpg?v=1723696968,https://cdn.shopify.com/s/files/1/2337/7003/files/cropped_image-172357137549105_3cfc1c58-40d1-4ded-ab77-715d202a02fd.jpg,https://cdn.shopify.com/s/files/1/2337/7003/files/cropped_image-172357137507922_4942e576-0657-4291-aeb6-9fbdf4faad2b.jpg,https://cdn.shopify.com/s/files/1/2337/7003/files/cropped_image-172357137650901_c228ee64-b8e5-47e6-a6c5-823beecf1f9c.jpg,https://cdn.shopify.com/s/files/1/2337/7003/files/cropped_image-172357137627641_d61677ee-667f-400a-b103-dc2cf1f0eeb4.jpg | https://cdn.shopify.com/s/files/1/2337/7003/files/cropped_image-172357137504709_d94b9f94-2d3a-42a9-a2c7-8f5a33121517.jpg | https://cdn.shopify.com/s/files/1/2337/7003/files/cropped_image-172357137536749_7781aa39-faa1-47a1-9aa3-e9a3b0cb2c66.jpg,https://cdn.shopify.com/s/files/1/2337/7003/files/cropped_image-172357137549105_3cfc1c58-40d1-4ded-ab77-715d202a02fd.jpg?v=1723696968 | https://cdn.shopify.com/s/files/1/2337/7003/files/cropped_image-172357137549105_3cfc1c58-40d1-4ded-ab77-715d202a02fd.jpg | https://cdn.shopify.com/s/files/1/2337/7003/files/cropped_image-172357137507922_4942e576-0657-4291-aeb6-9fbdf4faad2b.jpg | https://cdn.shopify.com/s/files/1/2337/7003/files/cropped_image-172357137650901_c228ee64-b8e5-47e6-a6c5-823beecf1f9c.jpg | https://cdn.shopify.com/s/files/1/2337/7003/files/cropped_image-172357137627641_d61677ee-667f-400a-b103-dc2cf1f0eeb4.jpg | https://cdn.shopify.com/s/files/1/2337/7003/files/cropped_image-172357137504709_d94b9f94-2d3a-42a9-a2c7-8f5a33121517.jpg | https://cdn.shopify.com/s/files/1/2337/7003/files/cropped_image-172357137536749_7781aa39-faa1-47a1-9aa3-e9a3b0cb2c66.jpg,Pure Chiffon & Silk,"Handcrafted Zardozi, Tilla & Fine Resham","3-Piece (Shirt, Trouser, Dupatta)",More than 6 weeks,Made to Order,FALSE,FALSE,FALSE,"Exquisite handcrafted Royal Pishwas ensemble from Haseens Official. Masterfully tailored with generational Pakistani artistry, premium pure fabrics, and delicate celebratory motifs."
has-135,Parinaaz,All Products,Pishwas,Royal 36-Kali Pishwas,Royal Pishwas,139000,,https://cdn.shopify.com/s/files/1/2337/7003/files/cropped_image-172357026701703_72343b25-9876-4be9-ad08-19c356d5398d.jpg?v=1723697024,https://cdn.shopify.com/s/files/1/2337/7003/files/cropped_image-172357026701703_72343b25-9876-4be9-ad08-19c356d5398d.jpg,https://cdn.shopify.com/s/files/1/2337/7003/files/cropped_image-172357026763095_97eec090-7b4b-447b-9763-c4a0856814cf.jpg,https://cdn.shopify.com/s/files/1/2337/7003/files/cropped_image-172357026676905_fd189835-7fcd-4e6e-a9e4-0994cc1dc4fd.jpg,https://cdn.shopify.com/s/files/1/2337/7003/files/cropped_image-172357026719972_b7fc91b8-059c-4681-aaa6-fe1916d8063a.jpg | https://cdn.shopify.com/s/files/1/2337/7003/files/cropped_image-172357026697332_c5335e3f-41c9-44e2-9163-f90228f000e2.jpg,https://cdn.shopify.com/s/files/1/2337/7003/files/cropped_image-172357026701703_72343b25-9876-4be9-ad08-19c356d5398d.jpg?v=1723697024 | https://cdn.shopify.com/s/files/1/2337/7003/files/cropped_image-172357026701703_72343b25-9876-4be9-ad08-19c356d5398d.jpg | https://cdn.shopify.com/s/files/1/2337/7003/files/cropped_image-172357026763095_97eec090-7b4b-447b-9763-c4a0856814cf.jpg | https://cdn.shopify.com/s/files/1/2337/7003/files/cropped_image-172357026676905_fd189835-7fcd-4e6e-a9e4-0994cc1dc4fd.jpg | https://cdn.shopify.com/s/files/1/2337/7003/files/cropped_image-172357026719972_b7fc91b8-059c-4681-aaa6-fe1916d8063a.jpg | https://cdn.shopify.com/s/files/1/2337/7003/files/cropped_image-172357026697332_c5335e3f-41c9-44e2-9163-f90228f000e2.jpg,Pure Chiffon & Silk,"Handcrafted Zardozi, Tilla & Fine Resham","3-Piece (Shirt, Trouser, Dupatta)",More than 6 weeks,Made to Order,FALSE,FALSE,FALSE,"Exquisite handcrafted Royal Pishwas ensemble from Haseens Official. Masterfully tailored with generational Pakistani artistry, premium pure fabrics, and delicate celebratory motifs."
has-136,Balochi Gulnaar,All Products,Pishwas,Royal 36-Kali Pishwas,Royal Pishwas,120000,,https://cdn.shopify.com/s/files/1/2337/7003/files/cropped_image-172357005316356_7a513337-a1f2-4403-8316-b6b10648e68b.jpg?v=1723697065,https://cdn.shopify.com/s/files/1/2337/7003/files/cropped_image-172357005316356_7a513337-a1f2-4403-8316-b6b10648e68b.jpg,https://cdn.shopify.com/s/files/1/2337/7003/files/cropped_image-172357005300921_edb190d9-b075-403b-a499-0174968a2145.jpg,https://cdn.shopify.com/s/files/1/2337/7003/files/cropped_image-172357005214975_e6bf848a-d8c5-4691-a130-238f76c71d3f.jpg,https://cdn.shopify.com/s/files/1/2337/7003/files/cropped_image-172357005293238_f9e9b2be-f8e4-43d9-bfdd-f5d3551bf35f.jpg | https://cdn.shopify.com/s/files/1/2337/7003/files/cropped_image-172357005379688_146d9a85-3492-4bf9-ab01-65397231fea3.jpg | https://cdn.shopify.com/s/files/1/2337/7003/files/cropped_image-172357005379073_95d28093-8d8b-428d-ba31-eb89564ffbae.jpg,https://cdn.shopify.com/s/files/1/2337/7003/files/cropped_image-172357005316356_7a513337-a1f2-4403-8316-b6b10648e68b.jpg?v=1723697065 | https://cdn.shopify.com/s/files/1/2337/7003/files/cropped_image-172357005316356_7a513337-a1f2-4403-8316-b6b10648e68b.jpg | https://cdn.shopify.com/s/files/1/2337/7003/files/cropped_image-172357005300921_edb190d9-b075-403b-a499-0174968a2145.jpg | https://cdn.shopify.com/s/files/1/2337/7003/files/cropped_image-172357005214975_e6bf848a-d8c5-4691-a130-238f76c71d3f.jpg | https://cdn.shopify.com/s/files/1/2337/7003/files/cropped_image-172357005293238_f9e9b2be-f8e4-43d9-bfdd-f5d3551bf35f.jpg | https://cdn.shopify.com/s/files/1/2337/7003/files/cropped_image-172357005379688_146d9a85-3492-4bf9-ab01-65397231fea3.jpg | https://cdn.shopify.com/s/files/1/2337/7003/files/cropped_image-172357005379073_95d28093-8d8b-428d-ba31-eb89564ffbae.jpg,Pure Chiffon & Silk,"Handcrafted Zardozi, Tilla & Fine Resham","3-Piece (Shirt, Trouser, Dupatta)",More than 6 weeks,Made to Order,TRUE,FALSE,TRUE,"Exquisite handcrafted Royal Pishwas ensemble from Haseens Official. Masterfully tailored with generational Pakistani artistry, premium pure fabrics, and delicate celebratory motifs."
has-137,Kaira,All Products,Pishwas,Royal 36-Kali Pishwas,Royal Pishwas,19000,,https://cdn.shopify.com/s/files/1/2337/7003/products/748e2ee2760b78f58178a16f77735506.jpg?v=1701879909,https://cdn.shopify.com/s/files/1/2337/7003/products/748e2ee2760b78f58178a16f77735506.jpg,https://cdn.shopify.com/s/files/1/2337/7003/products/0013_c61ea707-3cbb-45ad-b5c0-4f97a848fc7f.jpg,https://cdn.shopify.com/s/files/1/2337/7003/products/0024_f4ee07c6-f218-4ca5-b60a-8464fed08d1d.jpg,https://cdn.shopify.com/s/files/1/2337/7003/products/0001_4007658a-db68-4835-a159-8879dbd4869b.jpg | https://cdn.shopify.com/s/files/1/2337/7003/products/e36a75f29f35c8c2905af43bfb1a8a00_3db4f792-9c2e-4f43-ae19-3041221b4b1b.jpg,https://cdn.shopify.com/s/files/1/2337/7003/products/748e2ee2760b78f58178a16f77735506.jpg?v=1701879909 | https://cdn.shopify.com/s/files/1/2337/7003/products/748e2ee2760b78f58178a16f77735506.jpg | https://cdn.shopify.com/s/files/1/2337/7003/products/0013_c61ea707-3cbb-45ad-b5c0-4f97a848fc7f.jpg | https://cdn.shopify.com/s/files/1/2337/7003/products/0024_f4ee07c6-f218-4ca5-b60a-8464fed08d1d.jpg | https://cdn.shopify.com/s/files/1/2337/7003/products/0001_4007658a-db68-4835-a159-8879dbd4869b.jpg | https://cdn.shopify.com/s/files/1/2337/7003/products/e36a75f29f35c8c2905af43bfb1a8a00_3db4f792-9c2e-4f43-ae19-3041221b4b1b.jpg,Pure Chiffon & Silk,"Handcrafted Zardozi, Tilla & Fine Resham","3-Piece (Shirt, Trouser, Dupatta)",4 to 6 Weeks,Made to Order,FALSE,TRUE,FALSE,"Exquisite handcrafted Royal Pishwas ensemble from Haseens Official. Masterfully tailored with generational Pakistani artistry, premium pure fabrics, and delicate celebratory motifs."
has-138,Shahista,All Products,Pishwas,Royal 36-Kali Pishwas,Royal Pishwas,350000,,https://cdn.shopify.com/s/files/1/2337/7003/files/cropped_image-172605766837284_aa426cd4-4bb7-43b7-9cfb-443d2b50d7ec.jpg?v=1726122231,https://cdn.shopify.com/s/files/1/2337/7003/files/cropped_image-172605766837284_aa426cd4-4bb7-43b7-9cfb-443d2b50d7ec.jpg,https://cdn.shopify.com/s/files/1/2337/7003/files/cropped_image-172605766913408_c61ee7e9-45a5-4191-9102-5f250a9494a7.jpg,https://cdn.shopify.com/s/files/1/2337/7003/files/cropped_image-172605766845918_73a73f49-1241-4d79-81f3-3149387593f0.jpg,https://cdn.shopify.com/s/files/1/2337/7003/files/cropped_image-172605766796418_8d87fcd2-612e-47c1-9f23-138d4a7c7b2a.jpg | https://cdn.shopify.com/s/files/1/2337/7003/files/cropped_image-172605766907909_b9a19ce8-9982-4625-8d6e-dc1c17083819.jpg | https://cdn.shopify.com/s/files/1/2337/7003/files/cropped_image-172605766873342_3294cfb6-ca30-4c8d-aeb6-27b8cf8cc01b.jpg,https://cdn.shopify.com/s/files/1/2337/7003/files/cropped_image-172605766837284_aa426cd4-4bb7-43b7-9cfb-443d2b50d7ec.jpg?v=1726122231 | https://cdn.shopify.com/s/files/1/2337/7003/files/cropped_image-172605766837284_aa426cd4-4bb7-43b7-9cfb-443d2b50d7ec.jpg | https://cdn.shopify.com/s/files/1/2337/7003/files/cropped_image-172605766913408_c61ee7e9-45a5-4191-9102-5f250a9494a7.jpg | https://cdn.shopify.com/s/files/1/2337/7003/files/cropped_image-172605766845918_73a73f49-1241-4d79-81f3-3149387593f0.jpg | https://cdn.shopify.com/s/files/1/2337/7003/files/cropped_image-172605766796418_8d87fcd2-612e-47c1-9f23-138d4a7c7b2a.jpg | https://cdn.shopify.com/s/files/1/2337/7003/files/cropped_image-172605766907909_b9a19ce8-9982-4625-8d6e-dc1c17083819.jpg | https://cdn.shopify.com/s/files/1/2337/7003/files/cropped_image-172605766873342_3294cfb6-ca30-4c8d-aeb6-27b8cf8cc01b.jpg,Pure Chiffon & Silk,"Handcrafted Zardozi, Tilla & Fine Resham","3-Piece (Shirt, Trouser, Dupatta)",4 to 6 Weeks,Made to Order,FALSE,FALSE,FALSE,"Exquisite handcrafted Royal Pishwas ensemble from Haseens Official. Masterfully tailored with generational Pakistani artistry, premium pure fabrics, and delicate celebratory motifs."
has-139,Haniyam,All Products,Pishwas,Royal 36-Kali Pishwas,Royal Pishwas,19500,,https://cdn.shopify.com/s/files/1/2337/7003/files/cropped_image-173521573326177_bc383a57-da4e-4297-9b79-ff3844c03f15.jpg?v=1735220694,https://cdn.shopify.com/s/files/1/2337/7003/files/cropped_image-173521573326177_bc383a57-da4e-4297-9b79-ff3844c03f15.jpg,https://cdn.shopify.com/s/files/1/2337/7003/files/cropped_image-173521573301064_8d70e459-46b0-4bac-a0f3-54c127456c73.jpg,https://cdn.shopify.com/s/files/1/2337/7003/files/cropped_image-173521573185514_0a510daf-fa81-41a1-9ec6-f42868078744.jpg,https://cdn.shopify.com/s/files/1/2337/7003/files/cropped_image-173521573381247_e52155a7-6255-47c2-b817-f11514f516d2.jpg | https://cdn.shopify.com/s/files/1/2337/7003/files/cropped_image-173521573420152_adf734e4-f05a-4d96-af46-30a008c7fc66.jpg | https://cdn.shopify.com/s/files/1/2337/7003/files/cropped_image-173521573465531_e45f8960-cd12-40eb-8071-0f3422abd84f.jpg | https://cdn.shopify.com/s/files/1/2337/7003/files/cropped_image-173521573297136_ff18ff28-56d7-41fc-a146-1de5425f3986.jpg | https://cdn.shopify.com/s/files/1/2337/7003/files/cropped_image-173521573409034_8d836e23-f66d-4c4b-810f-50629baae19d.jpg | https://cdn.shopify.com/s/files/1/2337/7003/files/cropped_image-173521573434932_9a1946fe-c2fb-4e0a-8208-ed4970eb61d3.jpg | https://cdn.shopify.com/s/files/1/2337/7003/files/cropped_image-173521573431390_70f674d8-784a-4354-bb39-4d1080fe8f9e.jpg,https://cdn.shopify.com/s/files/1/2337/7003/files/cropped_image-173521573326177_bc383a57-da4e-4297-9b79-ff3844c03f15.jpg?v=1735220694 | https://cdn.shopify.com/s/files/1/2337/7003/files/cropped_image-173521573326177_bc383a57-da4e-4297-9b79-ff3844c03f15.jpg | https://cdn.shopify.com/s/files/1/2337/7003/files/cropped_image-173521573301064_8d70e459-46b0-4bac-a0f3-54c127456c73.jpg | https://cdn.shopify.com/s/files/1/2337/7003/files/cropped_image-173521573185514_0a510daf-fa81-41a1-9ec6-f42868078744.jpg | https://cdn.shopify.com/s/files/1/2337/7003/files/cropped_image-173521573381247_e52155a7-6255-47c2-b817-f11514f516d2.jpg | https://cdn.shopify.com/s/files/1/2337/7003/files/cropped_image-173521573420152_adf734e4-f05a-4d96-af46-30a008c7fc66.jpg | https://cdn.shopify.com/s/files/1/2337/7003/files/cropped_image-173521573465531_e45f8960-cd12-40eb-8071-0f3422abd84f.jpg | https://cdn.shopify.com/s/files/1/2337/7003/files/cropped_image-173521573297136_ff18ff28-56d7-41fc-a146-1de5425f3986.jpg | https://cdn.shopify.com/s/files/1/2337/7003/files/cropped_image-173521573409034_8d836e23-f66d-4c4b-810f-50629baae19d.jpg | https://cdn.shopify.com/s/files/1/2337/7003/files/cropped_image-173521573434932_9a1946fe-c2fb-4e0a-8208-ed4970eb61d3.jpg | https://cdn.shopify.com/s/files/1/2337/7003/files/cropped_image-173521573431390_70f674d8-784a-4354-bb39-4d1080fe8f9e.jpg,Pure Chiffon & Silk,"Handcrafted Zardozi, Tilla & Fine Resham","3-Piece (Shirt, Trouser, Dupatta)",4 to 6 Weeks,Made to Order,FALSE,FALSE,TRUE,"Exquisite handcrafted Royal Pishwas ensemble from Haseens Official. Masterfully tailored with generational Pakistani artistry, premium pure fabrics, and delicate celebratory motifs."
has-140,Sarapah,All Products,Maxi,Floor Touching Kalidar Maxi,Luxury Pret Maxi,18100,,https://cdn.shopify.com/s/files/1/2337/7003/files/20260116160032-17b85463f59744a3-media_image-c526ab75ae8e430988fe00c6ba93ce96.jpg,https://cdn.shopify.com/s/files/1/2337/7003/files/20260116160033-1c13cccf49e14a4f-media_image-e46427936e584fd69ec679c3531e66e0.jpg,https://cdn.shopify.com/s/files/1/2337/7003/files/20260116160034-6dfd0119ba29494b-media_image-5877f60202e4441b961de5e5cfdbc390.jpg,https://cdn.shopify.com/s/files/1/2337/7003/files/20260116160032-d4ade2a168524d26-media_image-1a1c80504f82428d974668ef90278378.jpg,https://cdn.shopify.com/s/files/1/2337/7003/files/20260116160034-77015ff9eb194767-media_image-63222fca0c0848c6a0319abc179e9dac.jpg | https://cdn.shopify.com/s/files/1/2337/7003/files/20260116160033-461a8b8e04ce4270-media_image-64d693df5325475cb91dedfb3277eb3c.jpg | https://cdn.shopify.com/s/files/1/2337/7003/files/20260116160032-4dc8711526b140f3-media_image-a3bc8c246b1d409c84bfd3132155e4de.jpg | https://cdn.shopify.com/s/files/1/2337/7003/files/20260116160031-d59fd6e9850d4edd-media_image-ca4968f6fb494c5285407c4bee9f16e7.jpg | https://cdn.shopify.com/s/files/1/2337/7003/files/20260116160032-b83058853df041c0-media_image-b616dad8935348ea8b818f20822dd169.jpg | https://cdn.shopify.com/s/files/1/2337/7003/files/20260116160032-f83c93c1958448f6-media_image-0aa72d2532d4475784b9f73e780e3190.jpg,https://cdn.shopify.com/s/files/1/2337/7003/files/20260116160032-17b85463f59744a3-media_image-c526ab75ae8e430988fe00c6ba93ce96.jpg | https://cdn.shopify.com/s/files/1/2337/7003/files/20260116160033-1c13cccf49e14a4f-media_image-e46427936e584fd69ec679c3531e66e0.jpg | https://cdn.shopify.com/s/files/1/2337/7003/files/20260116160034-6dfd0119ba29494b-media_image-5877f60202e4441b961de5e5cfdbc390.jpg | https://cdn.shopify.com/s/files/1/2337/7003/files/20260116160032-d4ade2a168524d26-media_image-1a1c80504f82428d974668ef90278378.jpg | https://cdn.shopify.com/s/files/1/2337/7003/files/20260116160034-77015ff9eb194767-media_image-63222fca0c0848c6a0319abc179e9dac.jpg | https://cdn.shopify.com/s/files/1/2337/7003/files/20260116160033-461a8b8e04ce4270-media_image-64d693df5325475cb91dedfb3277eb3c.jpg | https://cdn.shopify.com/s/files/1/2337/7003/files/20260116160032-4dc8711526b140f3-media_image-a3bc8c246b1d409c84bfd3132155e4de.jpg | https://cdn.shopify.com/s/files/1/2337/7003/files/20260116160031-d59fd6e9850d4edd-media_image-ca4968f6fb494c5285407c4bee9f16e7.jpg | https://cdn.shopify.com/s/files/1/2337/7003/files/20260116160032-b83058853df041c0-media_image-b616dad8935348ea8b818f20822dd169.jpg | https://cdn.shopify.com/s/files/1/2337/7003/files/20260116160032-f83c93c1958448f6-media_image-0aa72d2532d4475784b9f73e780e3190.jpg,Pure Chiffon & Silk,"Handcrafted Zardozi, Tilla & Fine Resham","3-Piece (Shirt, Trouser, Dupatta)",0 to 2 Weeks,Stitched,FALSE,FALSE,FALSE,"Exquisite handcrafted Luxury Pret Maxi ensemble from Haseens Official. Masterfully tailored with generational Pakistani artistry, premium pure fabrics, and delicate celebratory motifs."
has-141,Noor Begum,All Products,Maxi,Floor Touching Kalidar Maxi,Luxury Pret Maxi,19500,,https://cdn.shopify.com/s/files/1/2337/7003/files/DSC02392_b7883cbb-5585-4789-8338-fb3d8a5c040f.jpg?v=1759131222,https://cdn.shopify.com/s/files/1/2337/7003/files/DSC02392_b7883cbb-5585-4789-8338-fb3d8a5c040f.jpg,https://cdn.shopify.com/s/files/1/2337/7003/files/DSC02434_b33ff310-0e69-4904-a96a-bb0b9914f2a5.jpg,https://cdn.shopify.com/s/files/1/2337/7003/files/DSC02427_6815f725-040b-4f53-b247-b8082f69eb8b.jpg,https://cdn.shopify.com/s/files/1/2337/7003/files/DSC02458_8cbfff4a-3810-428f-b17f-04991f79da69.jpg | https://cdn.shopify.com/s/files/1/2337/7003/files/DSC02442_3f72170f-cb22-4080-8b4f-75376f7a7ac2.jpg | https://cdn.shopify.com/s/files/1/2337/7003/files/DSC02444_9029abc0-7ebf-4db2-a12b-e9e3bd37e468.jpg | https://cdn.shopify.com/s/files/1/2337/7003/files/DSC02448_4c205019-8c31-4b32-81f5-fcac8ed67d25.jpg,https://cdn.shopify.com/s/files/1/2337/7003/files/DSC02392_b7883cbb-5585-4789-8338-fb3d8a5c040f.jpg?v=1759131222 | https://cdn.shopify.com/s/files/1/2337/7003/files/DSC02392_b7883cbb-5585-4789-8338-fb3d8a5c040f.jpg | https://cdn.shopify.com/s/files/1/2337/7003/files/DSC02434_b33ff310-0e69-4904-a96a-bb0b9914f2a5.jpg | https://cdn.shopify.com/s/files/1/2337/7003/files/DSC02427_6815f725-040b-4f53-b247-b8082f69eb8b.jpg | https://cdn.shopify.com/s/files/1/2337/7003/files/DSC02458_8cbfff4a-3810-428f-b17f-04991f79da69.jpg | https://cdn.shopify.com/s/files/1/2337/7003/files/DSC02442_3f72170f-cb22-4080-8b4f-75376f7a7ac2.jpg | https://cdn.shopify.com/s/files/1/2337/7003/files/DSC02444_9029abc0-7ebf-4db2-a12b-e9e3bd37e468.jpg | https://cdn.shopify.com/s/files/1/2337/7003/files/DSC02448_4c205019-8c31-4b32-81f5-fcac8ed67d25.jpg,Pure Chiffon & Silk,"Handcrafted Zardozi, Tilla & Fine Resham","3-Piece (Shirt, Trouser, Dupatta)",ReadyToShip,Stitched,TRUE,TRUE,FALSE,"Exquisite handcrafted Luxury Pret Maxi ensemble from Haseens Official. Masterfully tailored with generational Pakistani artistry, premium pure fabrics, and delicate celebratory motifs."
has-142,Heera,All Products,Maxi,Floor Touching Kalidar Maxi,Luxury Pret Maxi,19600,,https://cdn.shopify.com/s/files/1/2337/7003/files/cropped_image-172470375449633_141ae2fc-443f-4c4c-9258-8e8918a0b639.jpg?v=1759231628,https://cdn.shopify.com/s/files/1/2337/7003/files/cropped_image-172470375449633_141ae2fc-443f-4c4c-9258-8e8918a0b639.jpg,https://cdn.shopify.com/s/files/1/2337/7003/files/cropped_image-172470375470975_2beaf57e-7ccc-4006-89f7-4ea60d4bf27d.jpg,https://cdn.shopify.com/s/files/1/2337/7003/files/cropped_image-172470375485099_33620315-8085-4faa-8419-7b7482777037.jpg,https://cdn.shopify.com/s/files/1/2337/7003/files/cropped_image-172470375542700_cab10955-a619-4559-8a89-b2b3027a1403.jpg | https://cdn.shopify.com/s/files/1/2337/7003/files/cropped_image-172470375430794_c2d2872b-4410-451c-adcb-f547033e7fb7.jpg | https://cdn.shopify.com/s/files/1/2337/7003/files/cropped_image-172470375449831_fc064a99-9932-498b-aa5c-d70489cb287d.jpg | https://cdn.shopify.com/s/files/1/2337/7003/files/cropped_image-172470375472526_2c27573e-a81a-44ad-8c5b-993c84e8a616.jpg,https://cdn.shopify.com/s/files/1/2337/7003/files/cropped_image-172470375449633_141ae2fc-443f-4c4c-9258-8e8918a0b639.jpg?v=1759231628 | https://cdn.shopify.com/s/files/1/2337/7003/files/cropped_image-172470375449633_141ae2fc-443f-4c4c-9258-8e8918a0b639.jpg | https://cdn.shopify.com/s/files/1/2337/7003/files/cropped_image-172470375470975_2beaf57e-7ccc-4006-89f7-4ea60d4bf27d.jpg | https://cdn.shopify.com/s/files/1/2337/7003/files/cropped_image-172470375485099_33620315-8085-4faa-8419-7b7482777037.jpg | https://cdn.shopify.com/s/files/1/2337/7003/files/cropped_image-172470375542700_cab10955-a619-4559-8a89-b2b3027a1403.jpg | https://cdn.shopify.com/s/files/1/2337/7003/files/cropped_image-172470375430794_c2d2872b-4410-451c-adcb-f547033e7fb7.jpg | https://cdn.shopify.com/s/files/1/2337/7003/files/cropped_image-172470375449831_fc064a99-9932-498b-aa5c-d70489cb287d.jpg | https://cdn.shopify.com/s/files/1/2337/7003/files/cropped_image-172470375472526_2c27573e-a81a-44ad-8c5b-993c84e8a616.jpg,Pure Chiffon & Silk,"Handcrafted Zardozi, Tilla & Fine Resham","3-Piece (Shirt, Trouser, Dupatta)",ReadyToShip,Stitched,FALSE,FALSE,TRUE,"Exquisite handcrafted Luxury Pret Maxi ensemble from Haseens Official. Masterfully tailored with generational Pakistani artistry, premium pure fabrics, and delicate celebratory motifs."
has-143,Falak,All Products,Maxi,Floor Touching Kalidar Maxi,Luxury Pret Maxi,18400,,https://cdn.shopify.com/s/files/1/2337/7003/files/20260313200114-282391a5597f4233-media_image-8e98738fb9624e748e4cdce15a80e051.jpg,https://cdn.shopify.com/s/files/1/2337/7003/files/20260313200111-3cf0ad92d99642ff-media_image-6f11589aebd1451caf22589011f00c71.jpg,https://cdn.shopify.com/s/files/1/2337/7003/files/20260313200115-209b66487cef4f36-media_image-cd8b05ecdc504ea283a2c62d6367de13.jpg,https://cdn.shopify.com/s/files/1/2337/7003/files/20260313200112-7f899cb47f384255-media_image-ec994953f47b4654b2607b4ba5d67bc6.jpg,https://cdn.shopify.com/s/files/1/2337/7003/files/20260313200111-9ce918beba924abe-media_image-2447f051d46443a9b18ec34a875af6f0.jpg | https://cdn.shopify.com/s/files/1/2337/7003/files/20260313200107-fa6e68e86c4f4687-media_image-48fa7f9a7d274a3b9595f3e68a63c967.jpg | https://cdn.shopify.com/s/files/1/2337/7003/files/20260313200111-c6225f8f0e3841c4-media_image-ab98cef82765416e8a4f69c60cd6c697.jpg | https://cdn.shopify.com/s/files/1/2337/7003/files/20260313200112-0ff0eff5ed9c4231-media_image-3492e627ab90401b8598368193069ab6.jpg | https://cdn.shopify.com/s/files/1/2337/7003/files/20260313200109-fb502b3a6619402f-media_image-6fb2b6021b6f43c18da7dd052400f7c7.jpg | https://cdn.shopify.com/s/files/1/2337/7003/files/20260313200110-f66e08b9c85c47b2-media_image-3e9d7f6714f84c2b9e365561f0cbff94.jpg | https://cdn.shopify.com/s/files/1/2337/7003/files/20260313200114-2e17d53011f24721-media_image-53ce95d70016452babfcfa50215fb1c8.jpg | https://cdn.shopify.com/s/files/1/2337/7003/files/20260313200113-b90743aa8da24314-media_image-968fe1ef039b451b87fb06779e248bf2.jpg,https://cdn.shopify.com/s/files/1/2337/7003/files/20260313200114-282391a5597f4233-media_image-8e98738fb9624e748e4cdce15a80e051.jpg | https://cdn.shopify.com/s/files/1/2337/7003/files/20260313200111-3cf0ad92d99642ff-media_image-6f11589aebd1451caf22589011f00c71.jpg | https://cdn.shopify.com/s/files/1/2337/7003/files/20260313200115-209b66487cef4f36-media_image-cd8b05ecdc504ea283a2c62d6367de13.jpg | https://cdn.shopify.com/s/files/1/2337/7003/files/20260313200112-7f899cb47f384255-media_image-ec994953f47b4654b2607b4ba5d67bc6.jpg | https://cdn.shopify.com/s/files/1/2337/7003/files/20260313200111-9ce918beba924abe-media_image-2447f051d46443a9b18ec34a875af6f0.jpg | https://cdn.shopify.com/s/files/1/2337/7003/files/20260313200107-fa6e68e86c4f4687-media_image-48fa7f9a7d274a3b9595f3e68a63c967.jpg | https://cdn.shopify.com/s/files/1/2337/7003/files/20260313200111-c6225f8f0e3841c4-media_image-ab98cef82765416e8a4f69c60cd6c697.jpg | https://cdn.shopify.com/s/files/1/2337/7003/files/20260313200112-0ff0eff5ed9c4231-media_image-3492e627ab90401b8598368193069ab6.jpg | https://cdn.shopify.com/s/files/1/2337/7003/files/20260313200109-fb502b3a6619402f-media_image-6fb2b6021b6f43c18da7dd052400f7c7.jpg | https://cdn.shopify.com/s/files/1/2337/7003/files/20260313200110-f66e08b9c85c47b2-media_image-3e9d7f6714f84c2b9e365561f0cbff94.jpg | https://cdn.shopify.com/s/files/1/2337/7003/files/20260313200114-2e17d53011f24721-media_image-53ce95d70016452babfcfa50215fb1c8.jpg | https://cdn.shopify.com/s/files/1/2337/7003/files/20260313200113-b90743aa8da24314-media_image-968fe1ef039b451b87fb06779e248bf2.jpg,Pure Chiffon & Silk,"Handcrafted Zardozi, Tilla & Fine Resham","3-Piece (Shirt, Trouser, Dupatta)",5 to 7 Weeks,Stitched,FALSE,FALSE,FALSE,"Exquisite handcrafted Luxury Pret Maxi ensemble from Haseens Official. Masterfully tailored with generational Pakistani artistry, premium pure fabrics, and delicate celebratory motifs."
has-144,Safeena,All Products,Maxi,Floor Touching Kalidar Maxi,Luxury Pret Maxi,20460,,https://cdn.shopify.com/s/files/1/2337/7003/files/cropped_image-173042020327666_76f73316-30f5-4c5b-a1ab-637eb1210801.jpg?v=1754543755,https://cdn.shopify.com/s/files/1/2337/7003/files/cropped_image-173042020327666_76f73316-30f5-4c5b-a1ab-637eb1210801.jpg,https://cdn.shopify.com/s/files/1/2337/7003/files/cropped_image-173042020327118_aee434cc-62c7-4188-91ba-90c9aa52bcc5.jpg,https://cdn.shopify.com/s/files/1/2337/7003/files/cropped_image-173042020154302_1eff99b8-8dab-463f-bf25-b17987119bc5.jpg,https://cdn.shopify.com/s/files/1/2337/7003/files/cropped_image-173042020419988_3da47ea9-daba-4f9b-89a8-c6aaab38e869.jpg | https://cdn.shopify.com/s/files/1/2337/7003/files/cropped_image-173042020235812_6746b231-76cf-4b6d-8599-c9ec433481b9.jpg | https://cdn.shopify.com/s/files/1/2337/7003/files/cropped_image-173042020167419_fff433fe-9aa6-4268-b53f-4eb46b0d315f.jpg | https://cdn.shopify.com/s/files/1/2337/7003/files/cropped_image-173042020165600_20bd2a94-d03b-481c-a06d-2c4340ded32c.jpg,https://cdn.shopify.com/s/files/1/2337/7003/files/cropped_image-173042020327666_76f73316-30f5-4c5b-a1ab-637eb1210801.jpg?v=1754543755 | https://cdn.shopify.com/s/files/1/2337/7003/files/cropped_image-173042020327666_76f73316-30f5-4c5b-a1ab-637eb1210801.jpg | https://cdn.shopify.com/s/files/1/2337/7003/files/cropped_image-173042020327118_aee434cc-62c7-4188-91ba-90c9aa52bcc5.jpg | https://cdn.shopify.com/s/files/1/2337/7003/files/cropped_image-173042020154302_1eff99b8-8dab-463f-bf25-b17987119bc5.jpg | https://cdn.shopify.com/s/files/1/2337/7003/files/cropped_image-173042020419988_3da47ea9-daba-4f9b-89a8-c6aaab38e869.jpg | https://cdn.shopify.com/s/files/1/2337/7003/files/cropped_image-173042020235812_6746b231-76cf-4b6d-8599-c9ec433481b9.jpg | https://cdn.shopify.com/s/files/1/2337/7003/files/cropped_image-173042020167419_fff433fe-9aa6-4268-b53f-4eb46b0d315f.jpg | https://cdn.shopify.com/s/files/1/2337/7003/files/cropped_image-173042020165600_20bd2a94-d03b-481c-a06d-2c4340ded32c.jpg,Pure Chiffon & Silk,"Handcrafted Zardozi, Tilla & Fine Resham","3-Piece (Shirt, Trouser, Dupatta)",ReadyToShip,Stitched,FALSE,FALSE,FALSE,"Exquisite handcrafted Luxury Pret Maxi ensemble from Haseens Official. Masterfully tailored with generational Pakistani artistry, premium pure fabrics, and delicate celebratory motifs."
has-145,Ayna,All Products,Maxi,Floor Touching Kalidar Maxi,Luxury Pret Maxi,19600,,https://cdn.shopify.com/s/files/1/2337/7003/files/20260313194649-0c98d0bd6d414d4c-media_image-fe9d94150c694097852105e8a52127bf.jpg,https://cdn.shopify.com/s/files/1/2337/7003/files/20260313194650-492f3af2c4404e26-media_image-1c6e49d72d84433ead38bdad8a76be87.jpg,https://cdn.shopify.com/s/files/1/2337/7003/files/20260313194653-82364d479ee14fa2-media_image-ed79a36821f94e03aaed361733212bc4.jpg,https://cdn.shopify.com/s/files/1/2337/7003/files/20260313194652-df55caaa03a34edd-media_image-a3067968348247a8a57887170fc29196.jpg,https://cdn.shopify.com/s/files/1/2337/7003/files/20260313194651-cec93267ca0141a8-media_image-816e6ed263d942f9926bca4560936880.jpg | https://cdn.shopify.com/s/files/1/2337/7003/files/20260313194643-540452bf29494319-media_image-fa02d9d51b204431808ed2eb3cb5fa13.jpg | https://cdn.shopify.com/s/files/1/2337/7003/files/20260313194650-227280d3595b4a7a-media_image-873bc506d67f48029cf6e985aec386f8.jpg | https://cdn.shopify.com/s/files/1/2337/7003/files/20260313194647-ccca629d62ef48cb-media_image-2fbb339fc22c4e329b95dafd822a58af.jpg | https://cdn.shopify.com/s/files/1/2337/7003/files/20260313194651-cf15e444215049a7-media_image-c8695b15c0a44640b008778c56a104b2.jpg | https://cdn.shopify.com/s/files/1/2337/7003/files/20260313194650-2614af7cde224d81-media_image-cca52f93c5bd4d66b9dbc1f5c8f362be.jpg | https://cdn.shopify.com/s/files/1/2337/7003/files/20260313194652-25856669d24a450d-media_image-2e40cc6024b14355b3386984e4a95ab1.jpg,https://cdn.shopify.com/s/files/1/2337/7003/files/20260313194649-0c98d0bd6d414d4c-media_image-fe9d94150c694097852105e8a52127bf.jpg | https://cdn.shopify.com/s/files/1/2337/7003/files/20260313194650-492f3af2c4404e26-media_image-1c6e49d72d84433ead38bdad8a76be87.jpg | https://cdn.shopify.com/s/files/1/2337/7003/files/20260313194653-82364d479ee14fa2-media_image-ed79a36821f94e03aaed361733212bc4.jpg | https://cdn.shopify.com/s/files/1/2337/7003/files/20260313194652-df55caaa03a34edd-media_image-a3067968348247a8a57887170fc29196.jpg | https://cdn.shopify.com/s/files/1/2337/7003/files/20260313194651-cec93267ca0141a8-media_image-816e6ed263d942f9926bca4560936880.jpg | https://cdn.shopify.com/s/files/1/2337/7003/files/20260313194643-540452bf29494319-media_image-fa02d9d51b204431808ed2eb3cb5fa13.jpg | https://cdn.shopify.com/s/files/1/2337/7003/files/20260313194650-227280d3595b4a7a-media_image-873bc506d67f48029cf6e985aec386f8.jpg | https://cdn.shopify.com/s/files/1/2337/7003/files/20260313194647-ccca629d62ef48cb-media_image-2fbb339fc22c4e329b95dafd822a58af.jpg | https://cdn.shopify.com/s/files/1/2337/7003/files/20260313194651-cf15e444215049a7-media_image-c8695b15c0a44640b008778c56a104b2.jpg | https://cdn.shopify.com/s/files/1/2337/7003/files/20260313194650-2614af7cde224d81-media_image-cca52f93c5bd4d66b9dbc1f5c8f362be.jpg | https://cdn.shopify.com/s/files/1/2337/7003/files/20260313194652-25856669d24a450d-media_image-2e40cc6024b14355b3386984e4a95ab1.jpg,Pure Chiffon & Silk,"Handcrafted Zardozi, Tilla & Fine Resham","3-Piece (Shirt, Trouser, Dupatta)",0 to 2 Weeks,Stitched,FALSE,TRUE,TRUE,"Exquisite handcrafted Luxury Pret Maxi ensemble from Haseens Official. Masterfully tailored with generational Pakistani artistry, premium pure fabrics, and delicate celebratory motifs."
has-146,Satrangi,All Products,Maxi,Floor Touching Kalidar Maxi,Luxury Pret Maxi,40000,,https://cdn.shopify.com/s/files/1/2337/7003/files/af04ebd4823075f8ff468d296af3625a_10b04b44-c866-4dac-81a5-aea043485fea.jpg?v=1730461266,https://cdn.shopify.com/s/files/1/2337/7003/files/af04ebd4823075f8ff468d296af3625a_10b04b44-c866-4dac-81a5-aea043485fea.jpg,https://cdn.shopify.com/s/files/1/2337/7003/files/616ec9226000a86b81957aaedf176910_ba52e880-b94b-42d4-a879-4db4f6d9ceea.jpg,https://cdn.shopify.com/s/files/1/2337/7003/files/ebc4782ea18c327d4a8fef785222472a_3afecfd3-7309-4944-9404-a581b252b211.jpg,https://cdn.shopify.com/s/files/1/2337/7003/files/2cb09e90c880587915b19d1b6a7e57d2_12126959-f5bd-4078-8654-7663f480010f.jpg,https://cdn.shopify.com/s/files/1/2337/7003/files/af04ebd4823075f8ff468d296af3625a_10b04b44-c866-4dac-81a5-aea043485fea.jpg?v=1730461266 | https://cdn.shopify.com/s/files/1/2337/7003/files/af04ebd4823075f8ff468d296af3625a_10b04b44-c866-4dac-81a5-aea043485fea.jpg | https://cdn.shopify.com/s/files/1/2337/7003/files/616ec9226000a86b81957aaedf176910_ba52e880-b94b-42d4-a879-4db4f6d9ceea.jpg | https://cdn.shopify.com/s/files/1/2337/7003/files/ebc4782ea18c327d4a8fef785222472a_3afecfd3-7309-4944-9404-a581b252b211.jpg | https://cdn.shopify.com/s/files/1/2337/7003/files/2cb09e90c880587915b19d1b6a7e57d2_12126959-f5bd-4078-8654-7663f480010f.jpg,Pure Chiffon & Silk,"Handcrafted Zardozi, Tilla & Fine Resham","3-Piece (Shirt, Trouser, Dupatta)",ReadyToShip,Stitched,TRUE,FALSE,FALSE,"Exquisite handcrafted Luxury Pret Maxi ensemble from Haseens Official. Masterfully tailored with generational Pakistani artistry, premium pure fabrics, and delicate celebratory motifs."
has-147,Muntaha,All Products,Maxi,Floor Touching Kalidar Maxi,Luxury Pret Maxi,19500,,https://cdn.shopify.com/s/files/1/2337/7003/files/cropped_image-172469229901164_acf43421-c43a-4aec-95e1-c798a1bca430.jpg?v=1764565034,https://cdn.shopify.com/s/files/1/2337/7003/files/cropped_image-172469229901164_acf43421-c43a-4aec-95e1-c798a1bca430.jpg,https://cdn.shopify.com/s/files/1/2337/7003/files/DSC04703-174688363065186_d60edc58-2a8d-4a9d-8dc5-c39bfab226f9.jpg,https://cdn.shopify.com/s/files/1/2337/7003/files/DSC04710-174688363091797_a1b5c307-627e-4e6c-8241-fcfd745791e4.jpg,https://cdn.shopify.com/s/files/1/2337/7003/files/DSC04748-174688363149421_484d3f9b-e855-4ebc-89e7-7cee032d1418.jpg | https://cdn.shopify.com/s/files/1/2337/7003/files/DSC04725-174688363071808_2e34db3a-3a90-4e46-85b9-8233a448410b.jpg | https://cdn.shopify.com/s/files/1/2337/7003/files/cropped_image-172469230018358_eda4ae4e-8091-40ef-852b-aabc4be63a44.jpg | https://cdn.shopify.com/s/files/1/2337/7003/files/DSC04701-174688363073001_90527318-7a1a-493e-92ab-588360715ecc.jpg | https://cdn.shopify.com/s/files/1/2337/7003/files/cropped_image-172469229880239_4d5b8174-de7e-4303-81d8-2e788d888561.jpg | https://cdn.shopify.com/s/files/1/2337/7003/files/cropped_image-172469229999479_5db49aa1-49d7-4e45-b51c-b05bfa8c8ef8.jpg | https://cdn.shopify.com/s/files/1/2337/7003/files/cropped_image-172469229816162_e73add3b-7f2a-4d59-abaa-69613a7d79ec.jpg | https://cdn.shopify.com/s/files/1/2337/7003/files/cropped_image-172469229891999_287b8d88-7b50-434c-9a2d-db1b112a9e95.jpg,https://cdn.shopify.com/s/files/1/2337/7003/files/cropped_image-172469229901164_acf43421-c43a-4aec-95e1-c798a1bca430.jpg?v=1764565034 | https://cdn.shopify.com/s/files/1/2337/7003/files/cropped_image-172469229901164_acf43421-c43a-4aec-95e1-c798a1bca430.jpg | https://cdn.shopify.com/s/files/1/2337/7003/files/DSC04703-174688363065186_d60edc58-2a8d-4a9d-8dc5-c39bfab226f9.jpg | https://cdn.shopify.com/s/files/1/2337/7003/files/DSC04710-174688363091797_a1b5c307-627e-4e6c-8241-fcfd745791e4.jpg | https://cdn.shopify.com/s/files/1/2337/7003/files/DSC04748-174688363149421_484d3f9b-e855-4ebc-89e7-7cee032d1418.jpg | https://cdn.shopify.com/s/files/1/2337/7003/files/DSC04725-174688363071808_2e34db3a-3a90-4e46-85b9-8233a448410b.jpg | https://cdn.shopify.com/s/files/1/2337/7003/files/cropped_image-172469230018358_eda4ae4e-8091-40ef-852b-aabc4be63a44.jpg | https://cdn.shopify.com/s/files/1/2337/7003/files/DSC04701-174688363073001_90527318-7a1a-493e-92ab-588360715ecc.jpg | https://cdn.shopify.com/s/files/1/2337/7003/files/cropped_image-172469229880239_4d5b8174-de7e-4303-81d8-2e788d888561.jpg | https://cdn.shopify.com/s/files/1/2337/7003/files/cropped_image-172469229999479_5db49aa1-49d7-4e45-b51c-b05bfa8c8ef8.jpg | https://cdn.shopify.com/s/files/1/2337/7003/files/cropped_image-172469229816162_e73add3b-7f2a-4d59-abaa-69613a7d79ec.jpg | https://cdn.shopify.com/s/files/1/2337/7003/files/cropped_image-172469229891999_287b8d88-7b50-434c-9a2d-db1b112a9e95.jpg,Pure Chiffon & Silk,"Handcrafted Zardozi, Tilla & Fine Resham","3-Piece (Shirt, Trouser, Dupatta)",ReadyToShip,Stitched,FALSE,FALSE,FALSE,"Exquisite handcrafted Luxury Pret Maxi ensemble from Haseens Official. Masterfully tailored with generational Pakistani artistry, premium pure fabrics, and delicate celebratory motifs."
has-148,Sahiba 2,All Products,Maxi,Floor Touching Kalidar Maxi,Luxury Pret Maxi,25000,,https://cdn.shopify.com/s/files/1/2337/7003/files/8565f7a0832aa32a30d6bd83a488e0d9.jpg?v=1756123540,https://cdn.shopify.com/s/files/1/2337/7003/files/8565f7a0832aa32a30d6bd83a488e0d9.jpg,https://cdn.shopify.com/s/files/1/2337/7003/files/81403f5f72f72dc61e49de62bf9455e1.jpg,https://cdn.shopify.com/s/files/1/2337/7003/files/eddcaef9e3164bda3f0fb2fc45a5da7d.jpg,https://cdn.shopify.com/s/files/1/2337/7003/files/342cd457a9fb349803adbd8e5f48cea6.jpg | https://cdn.shopify.com/s/files/1/2337/7003/files/270a8d1cb42339a5d6931c2af9527a83.jpg,https://cdn.shopify.com/s/files/1/2337/7003/files/8565f7a0832aa32a30d6bd83a488e0d9.jpg?v=1756123540 | https://cdn.shopify.com/s/files/1/2337/7003/files/8565f7a0832aa32a30d6bd83a488e0d9.jpg | https://cdn.shopify.com/s/files/1/2337/7003/files/81403f5f72f72dc61e49de62bf9455e1.jpg | https://cdn.shopify.com/s/files/1/2337/7003/files/eddcaef9e3164bda3f0fb2fc45a5da7d.jpg | https://cdn.shopify.com/s/files/1/2337/7003/files/342cd457a9fb349803adbd8e5f48cea6.jpg | https://cdn.shopify.com/s/files/1/2337/7003/files/270a8d1cb42339a5d6931c2af9527a83.jpg,Pure Chiffon & Silk,"Handcrafted Zardozi, Tilla & Fine Resham","3-Piece (Shirt, Trouser, Dupatta)",ReadyToShip,Stitched,FALSE,FALSE,TRUE,"Exquisite handcrafted Luxury Pret Maxi ensemble from Haseens Official. Masterfully tailored with generational Pakistani artistry, premium pure fabrics, and delicate celebratory motifs."
has-149,Khushbakht,All Products,Maxi,Floor Touching Kalidar Maxi,Luxury Pret Maxi,14000,,https://cdn.shopify.com/s/files/1/2337/7003/files/1_14_1_-174869235453276_ea7f42ed-3395-4844-b691-0085a18749e4.jpg?v=1748697855,https://cdn.shopify.com/s/files/1/2337/7003/files/1_14_1_-174869235453276_ea7f42ed-3395-4844-b691-0085a18749e4.jpg,https://cdn.shopify.com/s/files/1/2337/7003/files/1_13_-174869235426320_57e3af00-5db6-4772-9097-5cec34be97f2.jpg,https://cdn.shopify.com/s/files/1/2337/7003/files/1_6_-174869235393481_c5c749ab-84fc-4bae-8587-13ae28924de3.jpg,https://cdn.shopify.com/s/files/1/2337/7003/files/1_23_1_-174869235448610_d21a44a6-85a4-410c-97c5-8a1c9e615267.jpg | https://cdn.shopify.com/s/files/1/2337/7003/files/1_3_-174869235457576_0d5ad5c6-e7b1-4b38-9492-2c8e284f75dc.jpg,https://cdn.shopify.com/s/files/1/2337/7003/files/1_14_1_-174869235453276_ea7f42ed-3395-4844-b691-0085a18749e4.jpg?v=1748697855 | https://cdn.shopify.com/s/files/1/2337/7003/files/1_14_1_-174869235453276_ea7f42ed-3395-4844-b691-0085a18749e4.jpg | https://cdn.shopify.com/s/files/1/2337/7003/files/1_13_-174869235426320_57e3af00-5db6-4772-9097-5cec34be97f2.jpg | https://cdn.shopify.com/s/files/1/2337/7003/files/1_6_-174869235393481_c5c749ab-84fc-4bae-8587-13ae28924de3.jpg | https://cdn.shopify.com/s/files/1/2337/7003/files/1_23_1_-174869235448610_d21a44a6-85a4-410c-97c5-8a1c9e615267.jpg | https://cdn.shopify.com/s/files/1/2337/7003/files/1_3_-174869235457576_0d5ad5c6-e7b1-4b38-9492-2c8e284f75dc.jpg,Pure Chiffon & Silk,"Handcrafted Zardozi, Tilla & Fine Resham","3-Piece (Shirt, Trouser, Dupatta)",ReadyToShip,Stitched,FALSE,TRUE,FALSE,"Exquisite handcrafted Luxury Pret Maxi ensemble from Haseens Official. Masterfully tailored with generational Pakistani artistry, premium pure fabrics, and delicate celebratory motifs."
has-150,Zanoon,All Products,Maxi,Floor Touching Kalidar Maxi,Luxury Pret Maxi,15680,,https://cdn.shopify.com/s/files/1/2337/7003/files/cropped_image-173114904476376_80674d17-5be1-4e7b-bfd8-5a06fb47b7f0.jpg?v=1739255597,https://cdn.shopify.com/s/files/1/2337/7003/files/cropped_image-173114904476376_80674d17-5be1-4e7b-bfd8-5a06fb47b7f0.jpg,https://cdn.shopify.com/s/files/1/2337/7003/files/cropped_image-173114904414422_0985bed5-7dde-4729-99ff-7a79179bdc2b.jpg,https://cdn.shopify.com/s/files/1/2337/7003/files/cropped_image-173114904397462_90ed7d35-ddbb-4d61-9cd7-3e7a70b49345.jpg,https://cdn.shopify.com/s/files/1/2337/7003/files/cropped_image-173114904398194_9f95c23a-6474-4a81-91cb-a9dff276378c.jpg | https://cdn.shopify.com/s/files/1/2337/7003/files/cropped_image-173114904408024_0c643f93-5d3f-4f8e-b6fb-4e0d6ac2c0dd.jpg | https://cdn.shopify.com/s/files/1/2337/7003/files/cropped_image-173114904416979_0caeccba-c38a-47eb-8674-673e15f518bf.jpg | https://cdn.shopify.com/s/files/1/2337/7003/files/cropped_image-173114904413353_ccd53868-eaf4-49c4-9fab-e64de46edecd.jpg | https://cdn.shopify.com/s/files/1/2337/7003/files/cropped_image-173114909838752_1cd6e2db-de2b-4870-a829-1e7a7acc9969.jpg | https://cdn.shopify.com/s/files/1/2337/7003/files/cropped_image-173114909848490_5e0e3d94-f36e-470b-84a0-ce3f63d942f9.jpg,https://cdn.shopify.com/s/files/1/2337/7003/files/cropped_image-173114904476376_80674d17-5be1-4e7b-bfd8-5a06fb47b7f0.jpg?v=1739255597 | https://cdn.shopify.com/s/files/1/2337/7003/files/cropped_image-173114904476376_80674d17-5be1-4e7b-bfd8-5a06fb47b7f0.jpg | https://cdn.shopify.com/s/files/1/2337/7003/files/cropped_image-173114904414422_0985bed5-7dde-4729-99ff-7a79179bdc2b.jpg | https://cdn.shopify.com/s/files/1/2337/7003/files/cropped_image-173114904397462_90ed7d35-ddbb-4d61-9cd7-3e7a70b49345.jpg | https://cdn.shopify.com/s/files/1/2337/7003/files/cropped_image-173114904398194_9f95c23a-6474-4a81-91cb-a9dff276378c.jpg | https://cdn.shopify.com/s/files/1/2337/7003/files/cropped_image-173114904408024_0c643f93-5d3f-4f8e-b6fb-4e0d6ac2c0dd.jpg | https://cdn.shopify.com/s/files/1/2337/7003/files/cropped_image-173114904416979_0caeccba-c38a-47eb-8674-673e15f518bf.jpg | https://cdn.shopify.com/s/files/1/2337/7003/files/cropped_image-173114904413353_ccd53868-eaf4-49c4-9fab-e64de46edecd.jpg | https://cdn.shopify.com/s/files/1/2337/7003/files/cropped_image-173114909838752_1cd6e2db-de2b-4870-a829-1e7a7acc9969.jpg | https://cdn.shopify.com/s/files/1/2337/7003/files/cropped_image-173114909848490_5e0e3d94-f36e-470b-84a0-ce3f63d942f9.jpg,Pure Chiffon & Silk,"Handcrafted Zardozi, Tilla & Fine Resham","3-Piece (Shirt, Trouser, Dupatta)",ReadyToShip,Stitched,FALSE,FALSE,FALSE,"Exquisite handcrafted Luxury Pret Maxi ensemble from Haseens Official. Masterfully tailored with generational Pakistani artistry, premium pure fabrics, and delicate celebratory motifs."
has-151,Lilaf,All Products,Maxi,Floor Touching Kalidar Maxi,Luxury Pret Maxi,13760,,https://cdn.shopify.com/s/files/1/2337/7003/files/20260116161333-10112f19b7ad44d2-media_image-dca70cbc44074c298827f6da537e1fca.jpg,https://cdn.shopify.com/s/files/1/2337/7003/files/20260116161348-6c745ab5742f46ef-media_image-391d69411fd84d26aa228f0bfcae67d0.jpg,https://cdn.shopify.com/s/files/1/2337/7003/files/20260116161348-9629204db87b4979-media_image-7ef6b925ff974979bfe073d2e657a0ff.jpg,https://cdn.shopify.com/s/files/1/2337/7003/files/20260116161332-998bb6ac3c0f4868-media_image-9d48ddd4666044af8b4e84619c9fe63d.jpg,https://cdn.shopify.com/s/files/1/2337/7003/files/20260116161325-2466aef8b2844071-media_image-d939c992cfc9451782f8a150d4bf323f.jpg | https://cdn.shopify.com/s/files/1/2337/7003/files/20260116161331-b613d3d39ec14757-media_image-93b8e619049d434a8921c34ad3576286.jpg | https://cdn.shopify.com/s/files/1/2337/7003/files/20260116161330-1e3b42f4a23b4bae-media_image-801e0bd0ecef431fb10d72f88c62b0e7.jpg | https://cdn.shopify.com/s/files/1/2337/7003/files/20260116161332-8a141b92d2094ab4-media_image-a9b7e6eebf5247aea5ed134e468f7233.jpg | https://cdn.shopify.com/s/files/1/2337/7003/files/20260116161347-1900716d8e4c430e-media_image-bddd25a44786499b830a29b34a4b6a68.jpg | https://cdn.shopify.com/s/files/1/2337/7003/files/20260116161339-3e33b5683113402e-media_image-e196f1d6ecc0421d83c8b7962beafbb1.jpg,https://cdn.shopify.com/s/files/1/2337/7003/files/20260116161333-10112f19b7ad44d2-media_image-dca70cbc44074c298827f6da537e1fca.jpg | https://cdn.shopify.com/s/files/1/2337/7003/files/20260116161348-6c745ab5742f46ef-media_image-391d69411fd84d26aa228f0bfcae67d0.jpg | https://cdn.shopify.com/s/files/1/2337/7003/files/20260116161348-9629204db87b4979-media_image-7ef6b925ff974979bfe073d2e657a0ff.jpg | https://cdn.shopify.com/s/files/1/2337/7003/files/20260116161332-998bb6ac3c0f4868-media_image-9d48ddd4666044af8b4e84619c9fe63d.jpg | https://cdn.shopify.com/s/files/1/2337/7003/files/20260116161325-2466aef8b2844071-media_image-d939c992cfc9451782f8a150d4bf323f.jpg | https://cdn.shopify.com/s/files/1/2337/7003/files/20260116161331-b613d3d39ec14757-media_image-93b8e619049d434a8921c34ad3576286.jpg | https://cdn.shopify.com/s/files/1/2337/7003/files/20260116161330-1e3b42f4a23b4bae-media_image-801e0bd0ecef431fb10d72f88c62b0e7.jpg | https://cdn.shopify.com/s/files/1/2337/7003/files/20260116161332-8a141b92d2094ab4-media_image-a9b7e6eebf5247aea5ed134e468f7233.jpg | https://cdn.shopify.com/s/files/1/2337/7003/files/20260116161347-1900716d8e4c430e-media_image-bddd25a44786499b830a29b34a4b6a68.jpg | https://cdn.shopify.com/s/files/1/2337/7003/files/20260116161339-3e33b5683113402e-media_image-e196f1d6ecc0421d83c8b7962beafbb1.jpg,Pure Chiffon & Silk,"Handcrafted Zardozi, Tilla & Fine Resham","3-Piece (Shirt, Trouser, Dupatta)",0 to 2 Weeks,Stitched,TRUE,FALSE,TRUE,"Exquisite handcrafted Luxury Pret Maxi ensemble from Haseens Official. Masterfully tailored with generational Pakistani artistry, premium pure fabrics, and delicate celebratory motifs."
has-152,Shehla,All Products,Maxi,Floor Touching Kalidar Maxi,Luxury Pret Maxi,20500,,https://cdn.shopify.com/s/files/1/2337/7003/files/media_image-174238836752121_4baa2705-d01b-4d75-9f7f-07e0559bb28b.jpg?v=1750222952,https://cdn.shopify.com/s/files/1/2337/7003/files/media_image-174238836752121_4baa2705-d01b-4d75-9f7f-07e0559bb28b.jpg,https://cdn.shopify.com/s/files/1/2337/7003/files/media_image-174238836755977_52b8b0f5-c7b7-47f1-a645-27f98be408c5.jpg,https://cdn.shopify.com/s/files/1/2337/7003/files/media_image-174238836738512_afc3aec2-7075-436a-bfc9-6be44c698c21.jpg,https://cdn.shopify.com/s/files/1/2337/7003/files/media_image-174238836836746_58fd8679-e1e1-425d-8d3d-3519f737fd02.jpg | https://cdn.shopify.com/s/files/1/2337/7003/files/media_image-174238836746468_868bf0ad-617d-4174-ac89-2272922210a7.jpg | https://cdn.shopify.com/s/files/1/2337/7003/files/media_image-174238836762425_55006a1c-d299-47e9-877b-dbcdba018286.jpg | https://cdn.shopify.com/s/files/1/2337/7003/files/media_image-174238836817643_32138277-b88f-4c11-9ff7-d860cc1ebe7a.jpg | https://cdn.shopify.com/s/files/1/2337/7003/files/media_image-174238836758066_917badb2-e9ae-4f69-8887-7c58db212b51.jpg,https://cdn.shopify.com/s/files/1/2337/7003/files/media_image-174238836752121_4baa2705-d01b-4d75-9f7f-07e0559bb28b.jpg?v=1750222952 | https://cdn.shopify.com/s/files/1/2337/7003/files/media_image-174238836752121_4baa2705-d01b-4d75-9f7f-07e0559bb28b.jpg | https://cdn.shopify.com/s/files/1/2337/7003/files/media_image-174238836755977_52b8b0f5-c7b7-47f1-a645-27f98be408c5.jpg | https://cdn.shopify.com/s/files/1/2337/7003/files/media_image-174238836738512_afc3aec2-7075-436a-bfc9-6be44c698c21.jpg | https://cdn.shopify.com/s/files/1/2337/7003/files/media_image-174238836836746_58fd8679-e1e1-425d-8d3d-3519f737fd02.jpg | https://cdn.shopify.com/s/files/1/2337/7003/files/media_image-174238836746468_868bf0ad-617d-4174-ac89-2272922210a7.jpg | https://cdn.shopify.com/s/files/1/2337/7003/files/media_image-174238836762425_55006a1c-d299-47e9-877b-dbcdba018286.jpg | https://cdn.shopify.com/s/files/1/2337/7003/files/media_image-174238836817643_32138277-b88f-4c11-9ff7-d860cc1ebe7a.jpg | https://cdn.shopify.com/s/files/1/2337/7003/files/media_image-174238836758066_917badb2-e9ae-4f69-8887-7c58db212b51.jpg,Pure Chiffon & Silk,"Handcrafted Zardozi, Tilla & Fine Resham","3-Piece (Shirt, Trouser, Dupatta)",0 to 2 Weeks,Stitched,FALSE,FALSE,FALSE,"Exquisite handcrafted Luxury Pret Maxi ensemble from Haseens Official. Masterfully tailored with generational Pakistani artistry, premium pure fabrics, and delicate celebratory motifs."
has-153,Nurayaa,All Products,Maxi,Floor Touching Kalidar Maxi,Luxury Pret Maxi,17925,,https://cdn.shopify.com/s/files/1/2337/7003/files/media_image-cf22ef30ef2b41f4aad30ae69a71b2a4_5a8a2995-5396-4cea-a75c-e26753f6e884.jpg?v=1753943732,https://cdn.shopify.com/s/files/1/2337/7003/files/media_image-cf22ef30ef2b41f4aad30ae69a71b2a4_5a8a2995-5396-4cea-a75c-e26753f6e884.jpg,https://cdn.shopify.com/s/files/1/2337/7003/files/media_image-8f8c0c13fc51436fb47cf59a4755c220_2dc6a571-cdf4-4197-9a1d-15583bdc86f3.jpg,https://cdn.shopify.com/s/files/1/2337/7003/files/media_image-8555bfc16960423ca6a45e8c1ebbbc22_5ab40159-e9a6-4533-8557-a0fbbd73ba30.jpg,https://cdn.shopify.com/s/files/1/2337/7003/files/media_image-7338e97f1934409e9a10327e61741139_062da741-867d-48e7-9421-5db18400e231.jpg | https://cdn.shopify.com/s/files/1/2337/7003/files/media_image-977671aaa4fb4bd79b4bc185577c3847_715b79a6-59e1-483a-93c7-2d1ccc2fad29.jpg | https://cdn.shopify.com/s/files/1/2337/7003/files/media_image-46ae2a514512447b93210fd7b10f5275_a63fc059-5cf6-473e-a7ce-e0e3a13ea46e.jpg | https://cdn.shopify.com/s/files/1/2337/7003/files/media_image-363fc55c9c124f488663091204db6238_f5a4cfc3-d782-4f1e-8cbe-14782969c99b.jpg | https://cdn.shopify.com/s/files/1/2337/7003/files/media_image-15942aa0bf9e4500a94bca52638b58b8_74e483ea-94e5-46e0-a73e-9176faf45fc8.jpg | https://cdn.shopify.com/s/files/1/2337/7003/files/media_image-864732425c274aa9848489340f5eb63b_21ea46d8-2762-427b-a7de-84f76420f298.jpg | https://cdn.shopify.com/s/files/1/2337/7003/files/media_image-0b225f95bbf94fd99fcd580f9a88beae_437a7c15-16b2-49ee-9cdd-24daf97c1675.jpg | https://cdn.shopify.com/s/files/1/2337/7003/files/media_image-129c035dd0e342ed891969920981295b_6ab642ca-1b65-4c56-b34a-8882618391e6.jpg | https://cdn.shopify.com/s/files/1/2337/7003/files/media_image-0605d853887e4f76b39055aec88d43e7_fba32e38-52ce-4ca2-b46d-99f4f00d27ff.jpg | https://cdn.shopify.com/s/files/1/2337/7003/files/media_image-cf0aecd5d5a44f338c8a8cd8b3c693e2_d256bf18-07f0-4bd1-a6a6-da6f99bc533a.jpg | https://cdn.shopify.com/s/files/1/2337/7003/files/media_image-afd44c1226c24dd2af631f3a90b315c2_613e381c-f035-4f71-b390-80eb7d58437b.jpg | https://cdn.shopify.com/s/files/1/2337/7003/files/media_image-1d2b36779c944715a45f26fd77cba159_51ff3395-7d0f-4c94-a2d9-19657ab81d9c.jpg | https://cdn.shopify.com/s/files/1/2337/7003/files/media_image-2c98247fb7d64afe9e6235652e51db98_d19e8b78-8ce7-4925-8b78-9781d786984d.jpg,https://cdn.shopify.com/s/files/1/2337/7003/files/media_image-cf22ef30ef2b41f4aad30ae69a71b2a4_5a8a2995-5396-4cea-a75c-e26753f6e884.jpg?v=1753943732 | https://cdn.shopify.com/s/files/1/2337/7003/files/media_image-cf22ef30ef2b41f4aad30ae69a71b2a4_5a8a2995-5396-4cea-a75c-e26753f6e884.jpg | https://cdn.shopify.com/s/files/1/2337/7003/files/media_image-8f8c0c13fc51436fb47cf59a4755c220_2dc6a571-cdf4-4197-9a1d-15583bdc86f3.jpg | https://cdn.shopify.com/s/files/1/2337/7003/files/media_image-8555bfc16960423ca6a45e8c1ebbbc22_5ab40159-e9a6-4533-8557-a0fbbd73ba30.jpg | https://cdn.shopify.com/s/files/1/2337/7003/files/media_image-7338e97f1934409e9a10327e61741139_062da741-867d-48e7-9421-5db18400e231.jpg | https://cdn.shopify.com/s/files/1/2337/7003/files/media_image-977671aaa4fb4bd79b4bc185577c3847_715b79a6-59e1-483a-93c7-2d1ccc2fad29.jpg | https://cdn.shopify.com/s/files/1/2337/7003/files/media_image-46ae2a514512447b93210fd7b10f5275_a63fc059-5cf6-473e-a7ce-e0e3a13ea46e.jpg | https://cdn.shopify.com/s/files/1/2337/7003/files/media_image-363fc55c9c124f488663091204db6238_f5a4cfc3-d782-4f1e-8cbe-14782969c99b.jpg | https://cdn.shopify.com/s/files/1/2337/7003/files/media_image-15942aa0bf9e4500a94bca52638b58b8_74e483ea-94e5-46e0-a73e-9176faf45fc8.jpg | https://cdn.shopify.com/s/files/1/2337/7003/files/media_image-864732425c274aa9848489340f5eb63b_21ea46d8-2762-427b-a7de-84f76420f298.jpg | https://cdn.shopify.com/s/files/1/2337/7003/files/media_image-0b225f95bbf94fd99fcd580f9a88beae_437a7c15-16b2-49ee-9cdd-24daf97c1675.jpg | https://cdn.shopify.com/s/files/1/2337/7003/files/media_image-129c035dd0e342ed891969920981295b_6ab642ca-1b65-4c56-b34a-8882618391e6.jpg | https://cdn.shopify.com/s/files/1/2337/7003/files/media_image-0605d853887e4f76b39055aec88d43e7_fba32e38-52ce-4ca2-b46d-99f4f00d27ff.jpg | https://cdn.shopify.com/s/files/1/2337/7003/files/media_image-cf0aecd5d5a44f338c8a8cd8b3c693e2_d256bf18-07f0-4bd1-a6a6-da6f99bc533a.jpg | https://cdn.shopify.com/s/files/1/2337/7003/files/media_image-afd44c1226c24dd2af631f3a90b315c2_613e381c-f035-4f71-b390-80eb7d58437b.jpg | https://cdn.shopify.com/s/files/1/2337/7003/files/media_image-1d2b36779c944715a45f26fd77cba159_51ff3395-7d0f-4c94-a2d9-19657ab81d9c.jpg | https://cdn.shopify.com/s/files/1/2337/7003/files/media_image-2c98247fb7d64afe9e6235652e51db98_d19e8b78-8ce7-4925-8b78-9781d786984d.jpg,Pure Chiffon & Silk,"Handcrafted Zardozi, Tilla & Fine Resham","3-Piece (Shirt, Trouser, Dupatta)",ReadyToShip,Stitched,FALSE,TRUE,FALSE,"Exquisite handcrafted Luxury Pret Maxi ensemble from Haseens Official. Masterfully tailored with generational Pakistani artistry, premium pure fabrics, and delicate celebratory motifs."
has-154,Rani,All Products,Maxi,Floor Touching Kalidar Maxi,Luxury Pret Maxi,13200,,https://cdn.shopify.com/s/files/1/2337/7003/files/0001_da2b3512-2836-44df-a937-3646c179a672.jpg?v=1738586809,https://cdn.shopify.com/s/files/1/2337/7003/files/0001_da2b3512-2836-44df-a937-3646c179a672.jpg,https://cdn.shopify.com/s/files/1/2337/7003/files/6837fc998d00266eef2174aa7fe98de4.jpg,https://cdn.shopify.com/s/files/1/2337/7003/files/0006_cdacf1b8-8b72-4e70-9754-c6c0bf5c93a6.jpg,https://cdn.shopify.com/s/files/1/2337/7003/files/f54d7a95f41f8bdbde4ca0981cc4e1ff_9ccd8d7f-ed3c-45de-9c89-998924875e49.jpg | https://cdn.shopify.com/s/files/1/2337/7003/files/13abe83db1acfc891d1452fcaefb444d_345eeb58-ae91-4a07-baae-47e6dd8e7844.jpg,https://cdn.shopify.com/s/files/1/2337/7003/files/0001_da2b3512-2836-44df-a937-3646c179a672.jpg?v=1738586809 | https://cdn.shopify.com/s/files/1/2337/7003/files/0001_da2b3512-2836-44df-a937-3646c179a672.jpg | https://cdn.shopify.com/s/files/1/2337/7003/files/6837fc998d00266eef2174aa7fe98de4.jpg | https://cdn.shopify.com/s/files/1/2337/7003/files/0006_cdacf1b8-8b72-4e70-9754-c6c0bf5c93a6.jpg | https://cdn.shopify.com/s/files/1/2337/7003/files/f54d7a95f41f8bdbde4ca0981cc4e1ff_9ccd8d7f-ed3c-45de-9c89-998924875e49.jpg | https://cdn.shopify.com/s/files/1/2337/7003/files/13abe83db1acfc891d1452fcaefb444d_345eeb58-ae91-4a07-baae-47e6dd8e7844.jpg,Pure Chiffon & Silk,"Handcrafted Zardozi, Tilla & Fine Resham","3-Piece (Shirt, Trouser, Dupatta)",0 to 2 Weeks,Stitched,FALSE,FALSE,TRUE,"Exquisite handcrafted Luxury Pret Maxi ensemble from Haseens Official. Masterfully tailored with generational Pakistani artistry, premium pure fabrics, and delicate celebratory motifs."
has-155,Aroma,All Products,Maxi,Floor Touching Kalidar Maxi,Luxury Pret Maxi,15504,,https://cdn.shopify.com/s/files/1/2337/7003/files/cropped_image-173117764031676_bbb88852-215e-4d60-b8ee-d4d4db6b1aec.jpg?v=1731311877,https://cdn.shopify.com/s/files/1/2337/7003/files/cropped_image-173117764031676_bbb88852-215e-4d60-b8ee-d4d4db6b1aec.jpg,https://cdn.shopify.com/s/files/1/2337/7003/files/cropped_image-173115020373289_8f10fcee-2de2-474b-ac6a-edac6ac5eeb1.jpg,https://cdn.shopify.com/s/files/1/2337/7003/files/cropped_image-173115020375015_ba436b2e-1154-4cce-a008-456f9161db3a.jpg,https://cdn.shopify.com/s/files/1/2337/7003/files/cropped_image-173115020382345_6dda341b-ace6-4511-9af2-2c46459139e5.jpg | https://cdn.shopify.com/s/files/1/2337/7003/files/cropped_image-173115020376483_0c05858e-a874-4aa4-8627-25f56fa09058.jpg | https://cdn.shopify.com/s/files/1/2337/7003/files/cropped_image-173115020449896_099af063-286b-4217-8e64-d027e4ba7dce.jpg | https://cdn.shopify.com/s/files/1/2337/7003/files/cropped_image-173115020374806_3e1666b8-d589-42f9-a176-9860df1d312c.jpg | https://cdn.shopify.com/s/files/1/2337/7003/files/cropped_image-173115020376496_19a38002-b374-45c3-ac65-cfdb6a16c4d6.jpg | https://cdn.shopify.com/s/files/1/2337/7003/files/cropped_image-173115020465872_794d4b80-0460-432a-9468-de3dd07b7a76.jpg | https://cdn.shopify.com/s/files/1/2337/7003/files/cropped_image-173117764024998_7f011de2-3a0f-4165-8985-a0a5e9432579.jpg | https://cdn.shopify.com/s/files/1/2337/7003/files/cropped_image-173117764006010_def01d4e-2557-4561-8bdf-f889f98e83f1.jpg,https://cdn.shopify.com/s/files/1/2337/7003/files/cropped_image-173117764031676_bbb88852-215e-4d60-b8ee-d4d4db6b1aec.jpg?v=1731311877 | https://cdn.shopify.com/s/files/1/2337/7003/files/cropped_image-173117764031676_bbb88852-215e-4d60-b8ee-d4d4db6b1aec.jpg | https://cdn.shopify.com/s/files/1/2337/7003/files/cropped_image-173115020373289_8f10fcee-2de2-474b-ac6a-edac6ac5eeb1.jpg | https://cdn.shopify.com/s/files/1/2337/7003/files/cropped_image-173115020375015_ba436b2e-1154-4cce-a008-456f9161db3a.jpg | https://cdn.shopify.com/s/files/1/2337/7003/files/cropped_image-173115020382345_6dda341b-ace6-4511-9af2-2c46459139e5.jpg | https://cdn.shopify.com/s/files/1/2337/7003/files/cropped_image-173115020376483_0c05858e-a874-4aa4-8627-25f56fa09058.jpg | https://cdn.shopify.com/s/files/1/2337/7003/files/cropped_image-173115020449896_099af063-286b-4217-8e64-d027e4ba7dce.jpg | https://cdn.shopify.com/s/files/1/2337/7003/files/cropped_image-173115020374806_3e1666b8-d589-42f9-a176-9860df1d312c.jpg | https://cdn.shopify.com/s/files/1/2337/7003/files/cropped_image-173115020376496_19a38002-b374-45c3-ac65-cfdb6a16c4d6.jpg | https://cdn.shopify.com/s/files/1/2337/7003/files/cropped_image-173115020465872_794d4b80-0460-432a-9468-de3dd07b7a76.jpg | https://cdn.shopify.com/s/files/1/2337/7003/files/cropped_image-173117764024998_7f011de2-3a0f-4165-8985-a0a5e9432579.jpg | https://cdn.shopify.com/s/files/1/2337/7003/files/cropped_image-173117764006010_def01d4e-2557-4561-8bdf-f889f98e83f1.jpg,Pure Chiffon & Silk,"Handcrafted Zardozi, Tilla & Fine Resham","3-Piece (Shirt, Trouser, Dupatta)",ReadyToShip,Stitched,FALSE,FALSE,FALSE,"Exquisite handcrafted Luxury Pret Maxi ensemble from Haseens Official. Masterfully tailored with generational Pakistani artistry, premium pure fabrics, and delicate celebratory motifs."
has-156,Mana,All Products,Maxi,Floor Touching Kalidar Maxi,Luxury Pret Maxi,15624,,https://cdn.shopify.com/s/files/1/2337/7003/files/cropped_image-173521608678966_4bad1540-3968-4371-b472-52810bd8c142.jpg?v=1750223428,https://cdn.shopify.com/s/files/1/2337/7003/files/cropped_image-173521608678966_4bad1540-3968-4371-b472-52810bd8c142.jpg,https://cdn.shopify.com/s/files/1/2337/7003/files/cropped_image-173521608754252_2068d368-4e86-4fac-9eff-b29aa08b61d4.jpg,https://cdn.shopify.com/s/files/1/2337/7003/files/cropped_image-173521608528161_e70b0e33-475b-42fa-a6f1-a07fa699c0ab.jpg,https://cdn.shopify.com/s/files/1/2337/7003/files/cropped_image-173521608648999_90d74d30-256c-4370-8f1c-f6864b0591b1.jpg | https://cdn.shopify.com/s/files/1/2337/7003/files/cropped_image-173521608826325_b1f30446-d82d-46c7-94f8-20c954617ae8.jpg | https://cdn.shopify.com/s/files/1/2337/7003/files/cropped_image-173521608804689_42e5c2f0-553a-41a9-814f-3954c3c3f128.jpg | https://cdn.shopify.com/s/files/1/2337/7003/files/cropped_image-173521608726734_04113e67-95e7-4d5c-b0f7-bb10504983da.jpg | https://cdn.shopify.com/s/files/1/2337/7003/files/cropped_image-173521608819529_897a24f2-d8f9-4e30-9cf1-41ab970e37f4.jpg | https://cdn.shopify.com/s/files/1/2337/7003/files/cropped_image-173521608696748_01cac899-7926-45b1-8081-44ed38ee4d1d.jpg | https://cdn.shopify.com/s/files/1/2337/7003/files/cropped_image-173521608771145_a1d5ce86-c3bb-40d6-846e-fe938378a46c.jpg,https://cdn.shopify.com/s/files/1/2337/7003/files/cropped_image-173521608678966_4bad1540-3968-4371-b472-52810bd8c142.jpg?v=1750223428 | https://cdn.shopify.com/s/files/1/2337/7003/files/cropped_image-173521608678966_4bad1540-3968-4371-b472-52810bd8c142.jpg | https://cdn.shopify.com/s/files/1/2337/7003/files/cropped_image-173521608754252_2068d368-4e86-4fac-9eff-b29aa08b61d4.jpg | https://cdn.shopify.com/s/files/1/2337/7003/files/cropped_image-173521608528161_e70b0e33-475b-42fa-a6f1-a07fa699c0ab.jpg | https://cdn.shopify.com/s/files/1/2337/7003/files/cropped_image-173521608648999_90d74d30-256c-4370-8f1c-f6864b0591b1.jpg | https://cdn.shopify.com/s/files/1/2337/7003/files/cropped_image-173521608826325_b1f30446-d82d-46c7-94f8-20c954617ae8.jpg | https://cdn.shopify.com/s/files/1/2337/7003/files/cropped_image-173521608804689_42e5c2f0-553a-41a9-814f-3954c3c3f128.jpg | https://cdn.shopify.com/s/files/1/2337/7003/files/cropped_image-173521608726734_04113e67-95e7-4d5c-b0f7-bb10504983da.jpg | https://cdn.shopify.com/s/files/1/2337/7003/files/cropped_image-173521608819529_897a24f2-d8f9-4e30-9cf1-41ab970e37f4.jpg | https://cdn.shopify.com/s/files/1/2337/7003/files/cropped_image-173521608696748_01cac899-7926-45b1-8081-44ed38ee4d1d.jpg | https://cdn.shopify.com/s/files/1/2337/7003/files/cropped_image-173521608771145_a1d5ce86-c3bb-40d6-846e-fe938378a46c.jpg,Pure Chiffon & Silk,"Handcrafted Zardozi, Tilla & Fine Resham","3-Piece (Shirt, Trouser, Dupatta)",ReadyToShip,Stitched,TRUE,FALSE,FALSE,"Exquisite handcrafted Luxury Pret Maxi ensemble from Haseens Official. Masterfully tailored with generational Pakistani artistry, premium pure fabrics, and delicate celebratory motifs."
has-157,Mashael,All Products,Maxi,Floor Touching Kalidar Maxi,Luxury Pret Maxi,15600,,https://cdn.shopify.com/s/files/1/2337/7003/files/DSC08218-174862114395146_825161a6-c471-41a1-9760-cbe0d7da74d0.jpg?v=1748697594,https://cdn.shopify.com/s/files/1/2337/7003/files/DSC08218-174862114395146_825161a6-c471-41a1-9760-cbe0d7da74d0.jpg,https://cdn.shopify.com/s/files/1/2337/7003/files/DSC08214-174862114382606_2edc9bf2-87e5-456e-b438-41c0b3d5a430.jpg,https://cdn.shopify.com/s/files/1/2337/7003/files/DSC08277-174862114387881_e65d0a11-1b9d-406a-b934-cac9bf2228af.jpg,,https://cdn.shopify.com/s/files/1/2337/7003/files/DSC08218-174862114395146_825161a6-c471-41a1-9760-cbe0d7da74d0.jpg?v=1748697594 | https://cdn.shopify.com/s/files/1/2337/7003/files/DSC08218-174862114395146_825161a6-c471-41a1-9760-cbe0d7da74d0.jpg | https://cdn.shopify.com/s/files/1/2337/7003/files/DSC08214-174862114382606_2edc9bf2-87e5-456e-b438-41c0b3d5a430.jpg | https://cdn.shopify.com/s/files/1/2337/7003/files/DSC08277-174862114387881_e65d0a11-1b9d-406a-b934-cac9bf2228af.jpg,Pure Chiffon & Silk,"Handcrafted Zardozi, Tilla & Fine Resham","3-Piece (Shirt, Trouser, Dupatta)",ReadyToShip,Stitched,FALSE,TRUE,TRUE,"Exquisite handcrafted Luxury Pret Maxi ensemble from Haseens Official. Masterfully tailored with generational Pakistani artistry, premium pure fabrics, and delicate celebratory motifs."
has-158,Zarf,All Products,Maxi,Floor Touching Kalidar Maxi,Luxury Pret Maxi,14560,,https://cdn.shopify.com/s/files/1/2337/7003/files/media_image-acd30233f17e4363b0549f0267a79990_d776e670-011d-4f69-ac8c-e1e11499f2ca.jpg?v=1757399488,https://cdn.shopify.com/s/files/1/2337/7003/files/media_image-acd30233f17e4363b0549f0267a79990_d776e670-011d-4f69-ac8c-e1e11499f2ca.jpg,https://cdn.shopify.com/s/files/1/2337/7003/files/media_image-d600db9d7b504878926e903c949c68a0_e3cdacf9-639f-447f-801b-069836a3e3d6.jpg,https://cdn.shopify.com/s/files/1/2337/7003/files/media_image-a4785cafe04d41089c16f9e2c24972e5_cc26c3e7-453a-4311-9b89-4a7d28574d5d.jpg,https://cdn.shopify.com/s/files/1/2337/7003/files/media_image-a0d43f0b1f864a01af768de1d35daf4c_839c7017-0c58-4015-91c1-42b366e928f6.jpg | https://cdn.shopify.com/s/files/1/2337/7003/files/media_image-028a2df9ec9c4413b53f96b311f603cf_91b31ba5-4259-4c07-9160-95460e22bc22.jpg | https://cdn.shopify.com/s/files/1/2337/7003/files/media_image-acfcca1e783840968d09db00e41ceee9_d06b6987-2458-4b5c-b173-f9d3eb739b24.jpg | https://cdn.shopify.com/s/files/1/2337/7003/files/media_image-b9931ae180904ec89c5fd800f0d2eeb6_79fd38d3-b539-40ee-aaff-edaab2cd2b71.jpg,https://cdn.shopify.com/s/files/1/2337/7003/files/media_image-acd30233f17e4363b0549f0267a79990_d776e670-011d-4f69-ac8c-e1e11499f2ca.jpg?v=1757399488 | https://cdn.shopify.com/s/files/1/2337/7003/files/media_image-acd30233f17e4363b0549f0267a79990_d776e670-011d-4f69-ac8c-e1e11499f2ca.jpg | https://cdn.shopify.com/s/files/1/2337/7003/files/media_image-d600db9d7b504878926e903c949c68a0_e3cdacf9-639f-447f-801b-069836a3e3d6.jpg | https://cdn.shopify.com/s/files/1/2337/7003/files/media_image-a4785cafe04d41089c16f9e2c24972e5_cc26c3e7-453a-4311-9b89-4a7d28574d5d.jpg | https://cdn.shopify.com/s/files/1/2337/7003/files/media_image-a0d43f0b1f864a01af768de1d35daf4c_839c7017-0c58-4015-91c1-42b366e928f6.jpg | https://cdn.shopify.com/s/files/1/2337/7003/files/media_image-028a2df9ec9c4413b53f96b311f603cf_91b31ba5-4259-4c07-9160-95460e22bc22.jpg | https://cdn.shopify.com/s/files/1/2337/7003/files/media_image-acfcca1e783840968d09db00e41ceee9_d06b6987-2458-4b5c-b173-f9d3eb739b24.jpg | https://cdn.shopify.com/s/files/1/2337/7003/files/media_image-b9931ae180904ec89c5fd800f0d2eeb6_79fd38d3-b539-40ee-aaff-edaab2cd2b71.jpg,Pure Chiffon & Silk,"Handcrafted Zardozi, Tilla & Fine Resham","3-Piece (Shirt, Trouser, Dupatta)",ReadyToShip,Stitched,FALSE,FALSE,FALSE,"Exquisite handcrafted Luxury Pret Maxi ensemble from Haseens Official. Masterfully tailored with generational Pakistani artistry, premium pure fabrics, and delicate celebratory motifs."
has-159,Mehvar Silk,All Products,Lehenga,Bespoke Bridal Lehenga,Bridal Lehenga,17040,,https://cdn.shopify.com/s/files/1/2337/7003/files/20260327173453-a5283cac5e56493c-media_image-e754a80ca89a4746bfea6746c2c74b56.jpg,https://cdn.shopify.com/s/files/1/2337/7003/files/20260327173452-ada75429191845df-media_image-fa965142a6cb4a4fb7f18d03695b2129.jpg,https://cdn.shopify.com/s/files/1/2337/7003/files/20260327173451-4f53bed68ead4de1-media_image-faadddcf667340d5a6ec284b53a5274e.jpg,https://cdn.shopify.com/s/files/1/2337/7003/files/20260327173452-d67e310d1bf64a79-media_image-e2f1d8ad276841d2b7b4438c2132f1c5.jpg,https://cdn.shopify.com/s/files/1/2337/7003/files/20260327173452-1f75dfc2be914f27-media_image-e6817290307a44aeb4ad9d655f1d2427.jpg | https://cdn.shopify.com/s/files/1/2337/7003/files/20260327173452-6157436111ab4bf3-media_image-68e206e482c04df28b7c757d7ade4ffd.jpg | https://cdn.shopify.com/s/files/1/2337/7003/files/20260327173451-efaf7842d41445b0-media_image-dc75345e6d864430848476f6923860d4.jpg | https://cdn.shopify.com/s/files/1/2337/7003/files/20260327173451-50b7ed8d2b3946df-media_image-8799b81ac8bc49318255a8f31f894da0.jpg | https://cdn.shopify.com/s/files/1/2337/7003/files/20260327173452-386e7599fb124b93-media_image-3ab295690e60417d8f6ec0e1196dca4f.jpg,https://cdn.shopify.com/s/files/1/2337/7003/files/20260327173453-a5283cac5e56493c-media_image-e754a80ca89a4746bfea6746c2c74b56.jpg | https://cdn.shopify.com/s/files/1/2337/7003/files/20260327173452-ada75429191845df-media_image-fa965142a6cb4a4fb7f18d03695b2129.jpg | https://cdn.shopify.com/s/files/1/2337/7003/files/20260327173451-4f53bed68ead4de1-media_image-faadddcf667340d5a6ec284b53a5274e.jpg | https://cdn.shopify.com/s/files/1/2337/7003/files/20260327173452-d67e310d1bf64a79-media_image-e2f1d8ad276841d2b7b4438c2132f1c5.jpg | https://cdn.shopify.com/s/files/1/2337/7003/files/20260327173452-1f75dfc2be914f27-media_image-e6817290307a44aeb4ad9d655f1d2427.jpg | https://cdn.shopify.com/s/files/1/2337/7003/files/20260327173452-6157436111ab4bf3-media_image-68e206e482c04df28b7c757d7ade4ffd.jpg | https://cdn.shopify.com/s/files/1/2337/7003/files/20260327173451-efaf7842d41445b0-media_image-dc75345e6d864430848476f6923860d4.jpg | https://cdn.shopify.com/s/files/1/2337/7003/files/20260327173451-50b7ed8d2b3946df-media_image-8799b81ac8bc49318255a8f31f894da0.jpg | https://cdn.shopify.com/s/files/1/2337/7003/files/20260327173452-386e7599fb124b93-media_image-3ab295690e60417d8f6ec0e1196dca4f.jpg,Pure Chiffon & Silk,"Handcrafted Zardozi, Tilla & Fine Resham","3-Piece (Shirt, Trouser, Dupatta)",ReadyToShip,Made to Order,FALSE,FALSE,FALSE,"Exquisite handcrafted Bridal Lehenga ensemble from Haseens Official. Masterfully tailored with generational Pakistani artistry, premium pure fabrics, and delicate celebratory motifs."
has-160,Mahrbano,All Products,Lehenga,Bespoke Bridal Lehenga,Bridal Lehenga,16500,,https://cdn.shopify.com/s/files/1/2337/7003/files/media_image-62e34375df274aecb8a7f1c91de3a764_9de3cb80-fcf7-4a64-a442-0f1b629e466a.jpg?v=1759231759,https://cdn.shopify.com/s/files/1/2337/7003/files/media_image-62e34375df274aecb8a7f1c91de3a764_9de3cb80-fcf7-4a64-a442-0f1b629e466a.jpg,https://cdn.shopify.com/s/files/1/2337/7003/files/media_image-35e3fa5957b746bb850380f2e235e478_78a9f746-9074-4b40-9c3b-adff1a3842ea.jpg,https://cdn.shopify.com/s/files/1/2337/7003/files/media_image-914f0bc9fe224c0f841663ad9bb75ead_3a56e41d-d108-492a-b560-0c0da73e07f0.jpg,https://cdn.shopify.com/s/files/1/2337/7003/files/media_image-ebab97157a1e474f9979a4eec7ec87bc_b6174794-1935-4c8b-9db2-051f880afaa6.jpg | https://cdn.shopify.com/s/files/1/2337/7003/files/media_image-de99f273cf304adc82567795cb1e507b_3f4ca09d-7e77-4065-836f-8de06811a685.jpg | https://cdn.shopify.com/s/files/1/2337/7003/files/media_image-4d97d6072c914ff2be14a8384571d676_6e96ce7e-b8e1-49ab-80a9-15469b934fda.jpg | https://cdn.shopify.com/s/files/1/2337/7003/files/media_image-f207d13936214318b49e01b9558b621a_6ea84197-d6f9-4e57-9e5c-e525fed1c066.jpg | https://cdn.shopify.com/s/files/1/2337/7003/files/media_image-4eea8704052b4c02954bc886aaf2e063_c2ec19a2-610f-4660-9add-ec83f74fec34.jpg | https://cdn.shopify.com/s/files/1/2337/7003/files/media_image-afa90e169f4f4c289777543f4c3fd27b_82f51873-c2e4-4d12-8a1a-0bafb5289279.jpg,https://cdn.shopify.com/s/files/1/2337/7003/files/media_image-62e34375df274aecb8a7f1c91de3a764_9de3cb80-fcf7-4a64-a442-0f1b629e466a.jpg?v=1759231759 | https://cdn.shopify.com/s/files/1/2337/7003/files/media_image-62e34375df274aecb8a7f1c91de3a764_9de3cb80-fcf7-4a64-a442-0f1b629e466a.jpg | https://cdn.shopify.com/s/files/1/2337/7003/files/media_image-35e3fa5957b746bb850380f2e235e478_78a9f746-9074-4b40-9c3b-adff1a3842ea.jpg | https://cdn.shopify.com/s/files/1/2337/7003/files/media_image-914f0bc9fe224c0f841663ad9bb75ead_3a56e41d-d108-492a-b560-0c0da73e07f0.jpg | https://cdn.shopify.com/s/files/1/2337/7003/files/media_image-ebab97157a1e474f9979a4eec7ec87bc_b6174794-1935-4c8b-9db2-051f880afaa6.jpg | https://cdn.shopify.com/s/files/1/2337/7003/files/media_image-de99f273cf304adc82567795cb1e507b_3f4ca09d-7e77-4065-836f-8de06811a685.jpg | https://cdn.shopify.com/s/files/1/2337/7003/files/media_image-4d97d6072c914ff2be14a8384571d676_6e96ce7e-b8e1-49ab-80a9-15469b934fda.jpg | https://cdn.shopify.com/s/files/1/2337/7003/files/media_image-f207d13936214318b49e01b9558b621a_6ea84197-d6f9-4e57-9e5c-e525fed1c066.jpg | https://cdn.shopify.com/s/files/1/2337/7003/files/media_image-4eea8704052b4c02954bc886aaf2e063_c2ec19a2-610f-4660-9add-ec83f74fec34.jpg | https://cdn.shopify.com/s/files/1/2337/7003/files/media_image-afa90e169f4f4c289777543f4c3fd27b_82f51873-c2e4-4d12-8a1a-0bafb5289279.jpg,Pure Chiffon & Silk,"Handcrafted Zardozi, Tilla & Fine Resham","3-Piece (Shirt, Trouser, Dupatta)",ReadyToShip,Made to Order,FALSE,FALSE,TRUE,"Exquisite handcrafted Bridal Lehenga ensemble from Haseens Official. Masterfully tailored with generational Pakistani artistry, premium pure fabrics, and delicate celebratory motifs."
has-161,Raushan Brown,All Products,Lehenga,Bespoke Bridal Lehenga,Bridal Lehenga,18900,,https://cdn.shopify.com/s/files/1/2337/7003/files/20260401100022-0e816f192f014182-media_image-84db69e705a54ca98ac6eea226c7a82c.png,https://cdn.shopify.com/s/files/1/2337/7003/files/20260401100022-cbc723e6c2da4a17-media_image-f98888c0f68a4f1da16bf374c5bb3d5b.png,https://cdn.shopify.com/s/files/1/2337/7003/files/20260401100022-82837ab29cb94c91-media_image-19fabd5245414f6bb883d246ece5a92c.png,https://cdn.shopify.com/s/files/1/2337/7003/files/20260401100024-8fa8ca5b60db4071-media_image-dfa79197901b46d0a182b1efe1628fde.png,https://cdn.shopify.com/s/files/1/2337/7003/files/20260401100023-7e865fe182844d7b-media_image-88668864228046a582b3c3d83c1048ce.png | https://cdn.shopify.com/s/files/1/2337/7003/files/20260401100023-0223f0a7072d4d6c-media_image-840d998404934567b87346d371d64c92.png | https://cdn.shopify.com/s/files/1/2337/7003/files/20260401100023-e845eff8ea094e9c-media_image-ded465589ac34d6099b906120f26619d.png | https://cdn.shopify.com/s/files/1/2337/7003/files/20260401100024-869937e7793949c5-media_image-1a5d5734754a41199b74564bc2f12fd7.png,https://cdn.shopify.com/s/files/1/2337/7003/files/20260401100022-0e816f192f014182-media_image-84db69e705a54ca98ac6eea226c7a82c.png | https://cdn.shopify.com/s/files/1/2337/7003/files/20260401100022-cbc723e6c2da4a17-media_image-f98888c0f68a4f1da16bf374c5bb3d5b.png | https://cdn.shopify.com/s/files/1/2337/7003/files/20260401100022-82837ab29cb94c91-media_image-19fabd5245414f6bb883d246ece5a92c.png | https://cdn.shopify.com/s/files/1/2337/7003/files/20260401100024-8fa8ca5b60db4071-media_image-dfa79197901b46d0a182b1efe1628fde.png | https://cdn.shopify.com/s/files/1/2337/7003/files/20260401100023-7e865fe182844d7b-media_image-88668864228046a582b3c3d83c1048ce.png | https://cdn.shopify.com/s/files/1/2337/7003/files/20260401100023-0223f0a7072d4d6c-media_image-840d998404934567b87346d371d64c92.png | https://cdn.shopify.com/s/files/1/2337/7003/files/20260401100023-e845eff8ea094e9c-media_image-ded465589ac34d6099b906120f26619d.png | https://cdn.shopify.com/s/files/1/2337/7003/files/20260401100024-869937e7793949c5-media_image-1a5d5734754a41199b74564bc2f12fd7.png,Pure Chiffon & Silk,"Handcrafted Zardozi, Tilla & Fine Resham","3-Piece (Shirt, Trouser, Dupatta)",5 to 7 Weeks,Made to Order,TRUE,TRUE,FALSE,"Exquisite handcrafted Bridal Lehenga ensemble from Haseens Official. Masterfully tailored with generational Pakistani artistry, premium pure fabrics, and delicate celebratory motifs."
has-162,Surkhaab,All Products,Lehenga,Bespoke Bridal Lehenga,Bridal Lehenga,39500,,https://cdn.shopify.com/s/files/1/2337/7003/files/media_image-174248888444650_ffe0774a-e3ce-4621-ad27-119df5d04a14.jpg?v=1757658005,https://cdn.shopify.com/s/files/1/2337/7003/files/media_image-174248888444650_ffe0774a-e3ce-4621-ad27-119df5d04a14.jpg,https://cdn.shopify.com/s/files/1/2337/7003/files/media_image-174248888668061_4ec717f2-33a8-4fb4-a2ce-6d0677b70bda.jpg,https://cdn.shopify.com/s/files/1/2337/7003/files/media_image-174248888542138_acf743b7-042a-49c0-9ce3-2aca12f39710.jpg,https://cdn.shopify.com/s/files/1/2337/7003/files/media_image-174248888580967_8c26f370-f0cf-4cf1-9088-6804d407a3ed.jpg | https://cdn.shopify.com/s/files/1/2337/7003/files/media_image-174248888736215_983b6a89-4e19-412d-8eb8-879ee75b9f25.jpg | https://cdn.shopify.com/s/files/1/2337/7003/files/media_image-174248888468150_5687183f-f2b0-4131-aa7c-2aece911f7a4.jpg | https://cdn.shopify.com/s/files/1/2337/7003/files/media_image-174248888264755_b731fced-5417-4152-aed8-e75147368d23.jpg | https://cdn.shopify.com/s/files/1/2337/7003/files/media_image-174248888578996_5e86bd55-f7ee-450b-afe0-b2b157acea64.jpg | https://cdn.shopify.com/s/files/1/2337/7003/files/media_image-174248888493645_19f3192a-82d1-4060-9078-868416e758da.jpg | https://cdn.shopify.com/s/files/1/2337/7003/files/media_image-174248888759900_3ab3bcf8-591c-45c0-acae-3b4da307fd75.jpg | https://cdn.shopify.com/s/files/1/2337/7003/files/media_image-174248888359024_cc713e77-1699-4ac7-9222-5ee86bdc7d7b.jpg,https://cdn.shopify.com/s/files/1/2337/7003/files/media_image-174248888444650_ffe0774a-e3ce-4621-ad27-119df5d04a14.jpg?v=1757658005 | https://cdn.shopify.com/s/files/1/2337/7003/files/media_image-174248888444650_ffe0774a-e3ce-4621-ad27-119df5d04a14.jpg | https://cdn.shopify.com/s/files/1/2337/7003/files/media_image-174248888668061_4ec717f2-33a8-4fb4-a2ce-6d0677b70bda.jpg | https://cdn.shopify.com/s/files/1/2337/7003/files/media_image-174248888542138_acf743b7-042a-49c0-9ce3-2aca12f39710.jpg | https://cdn.shopify.com/s/files/1/2337/7003/files/media_image-174248888580967_8c26f370-f0cf-4cf1-9088-6804d407a3ed.jpg | https://cdn.shopify.com/s/files/1/2337/7003/files/media_image-174248888736215_983b6a89-4e19-412d-8eb8-879ee75b9f25.jpg | https://cdn.shopify.com/s/files/1/2337/7003/files/media_image-174248888468150_5687183f-f2b0-4131-aa7c-2aece911f7a4.jpg | https://cdn.shopify.com/s/files/1/2337/7003/files/media_image-174248888264755_b731fced-5417-4152-aed8-e75147368d23.jpg | https://cdn.shopify.com/s/files/1/2337/7003/files/media_image-174248888578996_5e86bd55-f7ee-450b-afe0-b2b157acea64.jpg | https://cdn.shopify.com/s/files/1/2337/7003/files/media_image-174248888493645_19f3192a-82d1-4060-9078-868416e758da.jpg | https://cdn.shopify.com/s/files/1/2337/7003/files/media_image-174248888759900_3ab3bcf8-591c-45c0-acae-3b4da307fd75.jpg | https://cdn.shopify.com/s/files/1/2337/7003/files/media_image-174248888359024_cc713e77-1699-4ac7-9222-5ee86bdc7d7b.jpg,Pure Chiffon & Silk,"Handcrafted Zardozi, Tilla & Fine Resham","3-Piece (Shirt, Trouser, Dupatta)",5 to 7 Weeks,Made to Order,FALSE,FALSE,FALSE,"Exquisite handcrafted Bridal Lehenga ensemble from Haseens Official. Masterfully tailored with generational Pakistani artistry, premium pure fabrics, and delicate celebratory motifs."
has-163,Raushan,All Products,Lehenga,Bespoke Bridal Lehenga,Bridal Lehenga,18900,,https://cdn.shopify.com/s/files/1/2337/7003/files/media_image-d941ede3d0584869ad37627beb8e9781_9da57530-3b77-4baa-be7a-ef872fa2342d.jpg?v=1764655118,https://cdn.shopify.com/s/files/1/2337/7003/files/media_image-d941ede3d0584869ad37627beb8e9781_9da57530-3b77-4baa-be7a-ef872fa2342d.jpg,https://cdn.shopify.com/s/files/1/2337/7003/files/media_image-d806a526bc7e4c9d9daca0dfeb831a8d_06243ad0-a1f7-4d16-a668-c2bae10a2ae7.jpg,https://cdn.shopify.com/s/files/1/2337/7003/files/media_image-95e3a3bfdeff4a0695da4d0808081c38_f3943c26-e5ef-414c-b05c-d1ddbe5625c8.jpg,https://cdn.shopify.com/s/files/1/2337/7003/files/media_image-f8358a0c1f3041378695ae7fd4c9b509_fcf0c7fc-9b36-4960-bd8a-0a65149228b6.jpg | https://cdn.shopify.com/s/files/1/2337/7003/files/media_image-42b5e17ac2964d32acfa581efe7049c0_7bd293a9-3071-421a-82ea-2134dca97a02.jpg | https://cdn.shopify.com/s/files/1/2337/7003/files/media_image-a9afafe924ad4264ad71af2ce799deef_99fd5f62-0010-432e-b6ea-6d9c4059322b.jpg | https://cdn.shopify.com/s/files/1/2337/7003/files/media_image-47f4c9f9904640f98756092b8a8fe417_fd53b529-7bf5-435a-a300-06c68c0273a7.jpg | https://cdn.shopify.com/s/files/1/2337/7003/files/media_image-8b1d907a4d5d4be3ac1bb70cc71e27fe_37ef4860-7e67-4b6c-9572-b045c16d635d.jpg | https://cdn.shopify.com/s/files/1/2337/7003/files/media_image-98943e4174874daf8b1300cd8f844fee_5a0f906c-4464-4aad-906f-120955ef37f2.jpg,https://cdn.shopify.com/s/files/1/2337/7003/files/media_image-d941ede3d0584869ad37627beb8e9781_9da57530-3b77-4baa-be7a-ef872fa2342d.jpg?v=1764655118 | https://cdn.shopify.com/s/files/1/2337/7003/files/media_image-d941ede3d0584869ad37627beb8e9781_9da57530-3b77-4baa-be7a-ef872fa2342d.jpg | https://cdn.shopify.com/s/files/1/2337/7003/files/media_image-d806a526bc7e4c9d9daca0dfeb831a8d_06243ad0-a1f7-4d16-a668-c2bae10a2ae7.jpg | https://cdn.shopify.com/s/files/1/2337/7003/files/media_image-95e3a3bfdeff4a0695da4d0808081c38_f3943c26-e5ef-414c-b05c-d1ddbe5625c8.jpg | https://cdn.shopify.com/s/files/1/2337/7003/files/media_image-f8358a0c1f3041378695ae7fd4c9b509_fcf0c7fc-9b36-4960-bd8a-0a65149228b6.jpg | https://cdn.shopify.com/s/files/1/2337/7003/files/media_image-42b5e17ac2964d32acfa581efe7049c0_7bd293a9-3071-421a-82ea-2134dca97a02.jpg | https://cdn.shopify.com/s/files/1/2337/7003/files/media_image-a9afafe924ad4264ad71af2ce799deef_99fd5f62-0010-432e-b6ea-6d9c4059322b.jpg | https://cdn.shopify.com/s/files/1/2337/7003/files/media_image-47f4c9f9904640f98756092b8a8fe417_fd53b529-7bf5-435a-a300-06c68c0273a7.jpg | https://cdn.shopify.com/s/files/1/2337/7003/files/media_image-8b1d907a4d5d4be3ac1bb70cc71e27fe_37ef4860-7e67-4b6c-9572-b045c16d635d.jpg | https://cdn.shopify.com/s/files/1/2337/7003/files/media_image-98943e4174874daf8b1300cd8f844fee_5a0f906c-4464-4aad-906f-120955ef37f2.jpg,Pure Chiffon & Silk,"Handcrafted Zardozi, Tilla & Fine Resham","3-Piece (Shirt, Trouser, Dupatta)",5 to 7 Weeks,Made to Order,FALSE,FALSE,TRUE,"Exquisite handcrafted Bridal Lehenga ensemble from Haseens Official. Masterfully tailored with generational Pakistani artistry, premium pure fabrics, and delicate celebratory motifs."
has-164,Nameera,All Products,Lehenga,Bespoke Bridal Lehenga,Bridal Lehenga,19700,,https://cdn.shopify.com/s/files/1/2337/7003/files/DSC08548-174861899291839_8fb53c27-ae74-4f95-9800-d2be9d1fe8b1.jpg?v=1760509043,https://cdn.shopify.com/s/files/1/2337/7003/files/DSC08548-174861899291839_8fb53c27-ae74-4f95-9800-d2be9d1fe8b1.jpg,https://cdn.shopify.com/s/files/1/2337/7003/files/DSC08563-174861899275015_190d515e-2bf1-4382-ab3e-eea5dc239b83.jpg,https://cdn.shopify.com/s/files/1/2337/7003/files/DSC08545-174861899288450_8260d652-2c32-48e4-a946-65c7fc318b2a.jpg,,https://cdn.shopify.com/s/files/1/2337/7003/files/DSC08548-174861899291839_8fb53c27-ae74-4f95-9800-d2be9d1fe8b1.jpg?v=1760509043 | https://cdn.shopify.com/s/files/1/2337/7003/files/DSC08548-174861899291839_8fb53c27-ae74-4f95-9800-d2be9d1fe8b1.jpg | https://cdn.shopify.com/s/files/1/2337/7003/files/DSC08563-174861899275015_190d515e-2bf1-4382-ab3e-eea5dc239b83.jpg | https://cdn.shopify.com/s/files/1/2337/7003/files/DSC08545-174861899288450_8260d652-2c32-48e4-a946-65c7fc318b2a.jpg,Pure Chiffon & Silk,"Handcrafted Zardozi, Tilla & Fine Resham","3-Piece (Shirt, Trouser, Dupatta)",ReadyToShip,Made to Order,FALSE,FALSE,FALSE,"Exquisite handcrafted Bridal Lehenga ensemble from Haseens Official. Masterfully tailored with generational Pakistani artistry, premium pure fabrics, and delicate celebratory motifs."
has-165,Libas e Neelam,All Products,Lehenga,Bespoke Bridal Lehenga,Bridal Lehenga,1500000,,https://cdn.shopify.com/s/files/1/2337/7003/files/cropped_image-173616502510869_9bb918e6-d29f-4bc1-84c3-69067f130a83.jpg?v=1749545630,https://cdn.shopify.com/s/files/1/2337/7003/files/cropped_image-173616502510869_9bb918e6-d29f-4bc1-84c3-69067f130a83.jpg,https://cdn.shopify.com/s/files/1/2337/7003/files/cropped_image-173616502537592_4b765836-4780-4ae4-9ece-a5a18db3e5cc.jpg,https://cdn.shopify.com/s/files/1/2337/7003/files/media_image-c1da0e188c254e33a8c3709c3b2cf7a7_e819f1a7-b7a0-4a5c-a706-90e0dc9d776c.webp,,https://cdn.shopify.com/s/files/1/2337/7003/files/cropped_image-173616502510869_9bb918e6-d29f-4bc1-84c3-69067f130a83.jpg?v=1749545630 | https://cdn.shopify.com/s/files/1/2337/7003/files/cropped_image-173616502510869_9bb918e6-d29f-4bc1-84c3-69067f130a83.jpg | https://cdn.shopify.com/s/files/1/2337/7003/files/cropped_image-173616502537592_4b765836-4780-4ae4-9ece-a5a18db3e5cc.jpg | https://cdn.shopify.com/s/files/1/2337/7003/files/media_image-c1da0e188c254e33a8c3709c3b2cf7a7_e819f1a7-b7a0-4a5c-a706-90e0dc9d776c.webp,Pure Chiffon & Silk,"Handcrafted Zardozi, Tilla & Fine Resham","3-Piece (Shirt, Trouser, Dupatta)",7 to 9 Weeks,Made to Order,FALSE,TRUE,FALSE,"Exquisite handcrafted Bridal Lehenga ensemble from Haseens Official. Masterfully tailored with generational Pakistani artistry, premium pure fabrics, and delicate celebratory motifs."
has-166,Adeen,All Products,Lehenga,Bespoke Bridal Lehenga,Bridal Lehenga,13200,,https://cdn.shopify.com/s/files/1/2337/7003/files/cropped_image-173112574106735_aa529ae8-51b7-42ec-8437-18504dac296c.jpg?v=1757342425,https://cdn.shopify.com/s/files/1/2337/7003/files/cropped_image-173112574106735_aa529ae8-51b7-42ec-8437-18504dac296c.jpg,https://cdn.shopify.com/s/files/1/2337/7003/files/cropped_image-173112574163268_e7d58eb9-cbb6-403b-a961-81b185ab8931.jpg,https://cdn.shopify.com/s/files/1/2337/7003/files/cropped_image-173112574089246_85bed25e-3287-4968-989f-940b1fce45a3.jpg,https://cdn.shopify.com/s/files/1/2337/7003/files/cropped_image-173112574133221_69328dff-5970-4f38-9b6e-00adac568028.jpg | https://cdn.shopify.com/s/files/1/2337/7003/files/cropped_image-173112574232883_db057047-835c-45d2-98b4-b6a0733c7738.jpg | https://cdn.shopify.com/s/files/1/2337/7003/files/20260326214156-eec6a67ebd304ccf-media_image-25e4969229ae46f4b308b4d0557b5066.jpg | https://cdn.shopify.com/s/files/1/2337/7003/files/20260326214156-10b52e03d0d74e6b-media_image-a3a2da28c2da4515a19cfa452c91d348.jpg | https://cdn.shopify.com/s/files/1/2337/7003/files/20260326214155-221d6ce2eed449cf-media_image-d979bd1c3a35446b97fb7a0bff2669c2.jpg | https://cdn.shopify.com/s/files/1/2337/7003/files/20260326214155-016d073ffafc4721-media_image-83a18b1dbc0a4d9abf33f6cb696b7812.jpg | https://cdn.shopify.com/s/files/1/2337/7003/files/20260326214155-208614cda27d43e0-media_image-77b780c5c3c74ffdaad2801aa25f5931.jpg | https://cdn.shopify.com/s/files/1/2337/7003/files/20260326214155-c72a3605e2fe4b9b-media_image-842c95f11f8c4d33aa96e1ad5a83dab7.jpg | https://cdn.shopify.com/s/files/1/2337/7003/files/20260326214155-ea94d3d58f5149bb-media_image-a77589e6f5484547abc9e2a5c5ee33e3.jpg,https://cdn.shopify.com/s/files/1/2337/7003/files/cropped_image-173112574106735_aa529ae8-51b7-42ec-8437-18504dac296c.jpg?v=1757342425 | https://cdn.shopify.com/s/files/1/2337/7003/files/cropped_image-173112574106735_aa529ae8-51b7-42ec-8437-18504dac296c.jpg | https://cdn.shopify.com/s/files/1/2337/7003/files/cropped_image-173112574163268_e7d58eb9-cbb6-403b-a961-81b185ab8931.jpg | https://cdn.shopify.com/s/files/1/2337/7003/files/cropped_image-173112574089246_85bed25e-3287-4968-989f-940b1fce45a3.jpg | https://cdn.shopify.com/s/files/1/2337/7003/files/cropped_image-173112574133221_69328dff-5970-4f38-9b6e-00adac568028.jpg | https://cdn.shopify.com/s/files/1/2337/7003/files/cropped_image-173112574232883_db057047-835c-45d2-98b4-b6a0733c7738.jpg | https://cdn.shopify.com/s/files/1/2337/7003/files/20260326214156-eec6a67ebd304ccf-media_image-25e4969229ae46f4b308b4d0557b5066.jpg | https://cdn.shopify.com/s/files/1/2337/7003/files/20260326214156-10b52e03d0d74e6b-media_image-a3a2da28c2da4515a19cfa452c91d348.jpg | https://cdn.shopify.com/s/files/1/2337/7003/files/20260326214155-221d6ce2eed449cf-media_image-d979bd1c3a35446b97fb7a0bff2669c2.jpg | https://cdn.shopify.com/s/files/1/2337/7003/files/20260326214155-016d073ffafc4721-media_image-83a18b1dbc0a4d9abf33f6cb696b7812.jpg | https://cdn.shopify.com/s/files/1/2337/7003/files/20260326214155-208614cda27d43e0-media_image-77b780c5c3c74ffdaad2801aa25f5931.jpg | https://cdn.shopify.com/s/files/1/2337/7003/files/20260326214155-c72a3605e2fe4b9b-media_image-842c95f11f8c4d33aa96e1ad5a83dab7.jpg | https://cdn.shopify.com/s/files/1/2337/7003/files/20260326214155-ea94d3d58f5149bb-media_image-a77589e6f5484547abc9e2a5c5ee33e3.jpg,Pure Chiffon & Silk,"Handcrafted Zardozi, Tilla & Fine Resham","3-Piece (Shirt, Trouser, Dupatta)",ReadyToShip,Made to Order,TRUE,FALSE,TRUE,"Exquisite handcrafted Bridal Lehenga ensemble from Haseens Official. Masterfully tailored with generational Pakistani artistry, premium pure fabrics, and delicate celebratory motifs."
has-167,Surkhaab 2,All Products,Lehenga,Bespoke Bridal Lehenga,Bridal Lehenga,60000,,https://cdn.shopify.com/s/files/1/2337/7003/files/media_image-f099e86120f9468783a974e1cacc4fe9_12292e20-6dbb-4727-85af-3d19b0e5b42e.jpg?v=1757399036,https://cdn.shopify.com/s/files/1/2337/7003/files/media_image-f099e86120f9468783a974e1cacc4fe9_12292e20-6dbb-4727-85af-3d19b0e5b42e.jpg,https://cdn.shopify.com/s/files/1/2337/7003/files/media_image-fb203a65dc0b43d38a741b8771e2eb10_96e2071e-1e5e-4d88-b515-3134905fb551.jpg,https://cdn.shopify.com/s/files/1/2337/7003/files/media_image-1c5319ac459b46bb922e8a107b34f204_aff5071c-929f-4ecb-bb50-e370d0db38f1.jpg,https://cdn.shopify.com/s/files/1/2337/7003/files/media_image-689689dc46e24e1e8fc95bc9b31b3ad7_60cdd1e9-65b8-4bbb-b73c-74ab74cbf3c1.jpg | https://cdn.shopify.com/s/files/1/2337/7003/files/media_image-4ec881d4c01b4b4c9535c54c43a26e2f_16d160d8-758c-4332-bc44-35f8a75523e8.jpg | https://cdn.shopify.com/s/files/1/2337/7003/files/media_image-82f6d158bc1d49ce8ead4e1ac077e486_2a2ed66e-b6cd-4e04-ae10-08842bf79acc.jpg | https://cdn.shopify.com/s/files/1/2337/7003/files/media_image-5c606b887c1249e5bbe4ad0cd3ecd4e1_5205f141-ee5a-44b3-a6c3-0e48d913bf6e.jpg | https://cdn.shopify.com/s/files/1/2337/7003/files/media_image-fb4d7479c88b4b6b957d686e2151d38b_2df80757-9f86-45cb-a7c9-c728c279a474.jpg | https://cdn.shopify.com/s/files/1/2337/7003/files/media_image-954158e88fc74bff82f0502aeb5121be_f1fbb1e4-d746-4e7e-9289-5686ee29fa0f.jpg | https://cdn.shopify.com/s/files/1/2337/7003/files/media_image-675bc6e1b5234075b370813cef94267f_76f0bf80-29f4-4ae4-8fb7-1d14b2faa18f.jpg | https://cdn.shopify.com/s/files/1/2337/7003/files/media_image-dd842a3be51845a18ef01e5e90c4c743_017ae361-d81d-4c31-a258-d850049ecf19.jpg | https://cdn.shopify.com/s/files/1/2337/7003/files/media_image-519012d4c9224dfb85b2a4378117b290_cfe030f8-5b00-4348-b422-33e34cc292d4.jpg | https://cdn.shopify.com/s/files/1/2337/7003/files/media_image-04acfd2a27944fdf90facdb0585ebb37_46c34a5f-06f4-4de4-97c0-1e530446651b.jpg | https://cdn.shopify.com/s/files/1/2337/7003/files/media_image-fc1dcc323d7042fb837a84e6f1784f5f_c02736fc-d14e-4229-909e-ae78b2070b47.jpg | https://cdn.shopify.com/s/files/1/2337/7003/files/media_image-0871db19287547d4b5e72f36d3082cbe_42313a41-3cae-46b7-8189-4e0f06335963.jpg | https://cdn.shopify.com/s/files/1/2337/7003/files/media_image-e4ef2c714e0f4ee18dd38f0014c30f67_b68195eb-b14d-4c70-b475-e70267bb23a2.jpg | https://cdn.shopify.com/s/files/1/2337/7003/files/media_image-4b4037a8443c4bf88464fc9d9df63041_b5b04d93-9615-4766-b1ce-1a96fc8c547d.jpg | https://cdn.shopify.com/s/files/1/2337/7003/files/media_image-0fc20e53c57d43f2b68cc5a3dade512e_3d415570-5937-4880-bf10-16bdfd775524.jpg,https://cdn.shopify.com/s/files/1/2337/7003/files/media_image-f099e86120f9468783a974e1cacc4fe9_12292e20-6dbb-4727-85af-3d19b0e5b42e.jpg?v=1757399036 | https://cdn.shopify.com/s/files/1/2337/7003/files/media_image-f099e86120f9468783a974e1cacc4fe9_12292e20-6dbb-4727-85af-3d19b0e5b42e.jpg | https://cdn.shopify.com/s/files/1/2337/7003/files/media_image-fb203a65dc0b43d38a741b8771e2eb10_96e2071e-1e5e-4d88-b515-3134905fb551.jpg | https://cdn.shopify.com/s/files/1/2337/7003/files/media_image-1c5319ac459b46bb922e8a107b34f204_aff5071c-929f-4ecb-bb50-e370d0db38f1.jpg | https://cdn.shopify.com/s/files/1/2337/7003/files/media_image-689689dc46e24e1e8fc95bc9b31b3ad7_60cdd1e9-65b8-4bbb-b73c-74ab74cbf3c1.jpg | https://cdn.shopify.com/s/files/1/2337/7003/files/media_image-4ec881d4c01b4b4c9535c54c43a26e2f_16d160d8-758c-4332-bc44-35f8a75523e8.jpg | https://cdn.shopify.com/s/files/1/2337/7003/files/media_image-82f6d158bc1d49ce8ead4e1ac077e486_2a2ed66e-b6cd-4e04-ae10-08842bf79acc.jpg | https://cdn.shopify.com/s/files/1/2337/7003/files/media_image-5c606b887c1249e5bbe4ad0cd3ecd4e1_5205f141-ee5a-44b3-a6c3-0e48d913bf6e.jpg | https://cdn.shopify.com/s/files/1/2337/7003/files/media_image-fb4d7479c88b4b6b957d686e2151d38b_2df80757-9f86-45cb-a7c9-c728c279a474.jpg | https://cdn.shopify.com/s/files/1/2337/7003/files/media_image-954158e88fc74bff82f0502aeb5121be_f1fbb1e4-d746-4e7e-9289-5686ee29fa0f.jpg | https://cdn.shopify.com/s/files/1/2337/7003/files/media_image-675bc6e1b5234075b370813cef94267f_76f0bf80-29f4-4ae4-8fb7-1d14b2faa18f.jpg | https://cdn.shopify.com/s/files/1/2337/7003/files/media_image-dd842a3be51845a18ef01e5e90c4c743_017ae361-d81d-4c31-a258-d850049ecf19.jpg | https://cdn.shopify.com/s/files/1/2337/7003/files/media_image-519012d4c9224dfb85b2a4378117b290_cfe030f8-5b00-4348-b422-33e34cc292d4.jpg | https://cdn.shopify.com/s/files/1/2337/7003/files/media_image-04acfd2a27944fdf90facdb0585ebb37_46c34a5f-06f4-4de4-97c0-1e530446651b.jpg | https://cdn.shopify.com/s/files/1/2337/7003/files/media_image-fc1dcc323d7042fb837a84e6f1784f5f_c02736fc-d14e-4229-909e-ae78b2070b47.jpg | https://cdn.shopify.com/s/files/1/2337/7003/files/media_image-0871db19287547d4b5e72f36d3082cbe_42313a41-3cae-46b7-8189-4e0f06335963.jpg | https://cdn.shopify.com/s/files/1/2337/7003/files/media_image-e4ef2c714e0f4ee18dd38f0014c30f67_b68195eb-b14d-4c70-b475-e70267bb23a2.jpg | https://cdn.shopify.com/s/files/1/2337/7003/files/media_image-4b4037a8443c4bf88464fc9d9df63041_b5b04d93-9615-4766-b1ce-1a96fc8c547d.jpg | https://cdn.shopify.com/s/files/1/2337/7003/files/media_image-0fc20e53c57d43f2b68cc5a3dade512e_3d415570-5937-4880-bf10-16bdfd775524.jpg,Pure Chiffon & Silk,"Handcrafted Zardozi, Tilla & Fine Resham","3-Piece (Shirt, Trouser, Dupatta)",ReadyToShip,Made to Order,FALSE,FALSE,FALSE,"Exquisite handcrafted Bridal Lehenga ensemble from Haseens Official. Masterfully tailored with generational Pakistani artistry, premium pure fabrics, and delicate celebratory motifs."
has-168,Zaib,All Products,Lehenga,Bespoke Bridal Lehenga,Bridal Lehenga,18880,,https://cdn.shopify.com/s/files/1/2337/7003/files/cropped_image-173346339716573_54f54797-0d34-4a76-9000-286db936351f.jpg?v=1760509645,https://cdn.shopify.com/s/files/1/2337/7003/files/cropped_image-173346339716573_54f54797-0d34-4a76-9000-286db936351f.jpg,https://cdn.shopify.com/s/files/1/2337/7003/files/cropped_image-173346339708253_d91594b5-a8f6-4da7-8757-61880132726f.jpg,https://cdn.shopify.com/s/files/1/2337/7003/files/cropped_image-173346339761595_43f423fd-3e61-4818-8d6b-b1242e4f9db6.jpg,https://cdn.shopify.com/s/files/1/2337/7003/files/cropped_image-173346339690277_af503644-08f4-430b-b8ae-fd6a2a10000d.jpg | https://cdn.shopify.com/s/files/1/2337/7003/files/cropped_image-173346339683537_d9b1b885-49f8-45c5-9d1f-8437cbad170d.jpg | https://cdn.shopify.com/s/files/1/2337/7003/files/cropped_image-173346339686378_026a41c2-1937-45b0-a133-c2ab5f5943cc.jpg | https://cdn.shopify.com/s/files/1/2337/7003/files/cropped_image-173346339753475_29c82d76-cf6d-42e0-97df-4fcc9795ca92.jpg,https://cdn.shopify.com/s/files/1/2337/7003/files/cropped_image-173346339716573_54f54797-0d34-4a76-9000-286db936351f.jpg?v=1760509645 | https://cdn.shopify.com/s/files/1/2337/7003/files/cropped_image-173346339716573_54f54797-0d34-4a76-9000-286db936351f.jpg | https://cdn.shopify.com/s/files/1/2337/7003/files/cropped_image-173346339708253_d91594b5-a8f6-4da7-8757-61880132726f.jpg | https://cdn.shopify.com/s/files/1/2337/7003/files/cropped_image-173346339761595_43f423fd-3e61-4818-8d6b-b1242e4f9db6.jpg | https://cdn.shopify.com/s/files/1/2337/7003/files/cropped_image-173346339690277_af503644-08f4-430b-b8ae-fd6a2a10000d.jpg | https://cdn.shopify.com/s/files/1/2337/7003/files/cropped_image-173346339683537_d9b1b885-49f8-45c5-9d1f-8437cbad170d.jpg | https://cdn.shopify.com/s/files/1/2337/7003/files/cropped_image-173346339686378_026a41c2-1937-45b0-a133-c2ab5f5943cc.jpg | https://cdn.shopify.com/s/files/1/2337/7003/files/cropped_image-173346339753475_29c82d76-cf6d-42e0-97df-4fcc9795ca92.jpg,Pure Chiffon & Silk,"Handcrafted Zardozi, Tilla & Fine Resham","3-Piece (Shirt, Trouser, Dupatta)",ReadyToShip,Made to Order,FALSE,FALSE,FALSE,"Exquisite handcrafted Bridal Lehenga ensemble from Haseens Official. Masterfully tailored with generational Pakistani artistry, premium pure fabrics, and delicate celebratory motifs."
has-169,Roshanara,All Products,Lehenga,Bespoke Bridal Lehenga,Bridal Lehenga,21000,,https://cdn.shopify.com/s/files/1/2337/7003/files/20260203112808-4fc09d8688e5457a-media_image-37cd04a35c0744648fd734a119aed65d.jpg,https://cdn.shopify.com/s/files/1/2337/7003/files/20260203112810-d27ccebbe42e45cb-media_image-0bfabb3048d34f0686f40c19d7901109.jpg,https://cdn.shopify.com/s/files/1/2337/7003/files/20260203112808-2ab4c213527943ea-media_image-6a2f0b1cb3d243648ac2136fdeca0e18.jpg,https://cdn.shopify.com/s/files/1/2337/7003/files/20260203112808-94b8d4c03b7d44d3-media_image-929cb37013764a7890f1a28e4abe29bb.jpg,https://cdn.shopify.com/s/files/1/2337/7003/files/20260203112808-a8ccc94bb47e4440-media_image-b0f7c352e3f14c8fa77def5dd9ca82da.jpg | https://cdn.shopify.com/s/files/1/2337/7003/files/20260203112809-2da0c67900774542-media_image-99e41700bf014cb598c40702a6607784.jpg | https://cdn.shopify.com/s/files/1/2337/7003/files/20260203112808-e7227fd5051142ae-media_image-2830b1e6e9674eb490b378283787cabe.jpg | https://cdn.shopify.com/s/files/1/2337/7003/files/20260203112809-f35e440ed67b483a-media_image-af19ef72c4844bef94fe9a6c8a7ac3d3.jpg,https://cdn.shopify.com/s/files/1/2337/7003/files/20260203112808-4fc09d8688e5457a-media_image-37cd04a35c0744648fd734a119aed65d.jpg | https://cdn.shopify.com/s/files/1/2337/7003/files/20260203112810-d27ccebbe42e45cb-media_image-0bfabb3048d34f0686f40c19d7901109.jpg | https://cdn.shopify.com/s/files/1/2337/7003/files/20260203112808-2ab4c213527943ea-media_image-6a2f0b1cb3d243648ac2136fdeca0e18.jpg | https://cdn.shopify.com/s/files/1/2337/7003/files/20260203112808-94b8d4c03b7d44d3-media_image-929cb37013764a7890f1a28e4abe29bb.jpg | https://cdn.shopify.com/s/files/1/2337/7003/files/20260203112808-a8ccc94bb47e4440-media_image-b0f7c352e3f14c8fa77def5dd9ca82da.jpg | https://cdn.shopify.com/s/files/1/2337/7003/files/20260203112809-2da0c67900774542-media_image-99e41700bf014cb598c40702a6607784.jpg | https://cdn.shopify.com/s/files/1/2337/7003/files/20260203112808-e7227fd5051142ae-media_image-2830b1e6e9674eb490b378283787cabe.jpg | https://cdn.shopify.com/s/files/1/2337/7003/files/20260203112809-f35e440ed67b483a-media_image-af19ef72c4844bef94fe9a6c8a7ac3d3.jpg,Pure Chiffon & Silk,"Handcrafted Zardozi, Tilla & Fine Resham","3-Piece (Shirt, Trouser, Dupatta)",0 to 2 Weeks,Made to Order,FALSE,TRUE,TRUE,"Exquisite handcrafted Bridal Lehenga ensemble from Haseens Official. Masterfully tailored with generational Pakistani artistry, premium pure fabrics, and delicate celebratory motifs."
has-170,Zarkash,All Products,Lehenga,Bespoke Bridal Lehenga,Bridal Lehenga,18560,,https://cdn.shopify.com/s/files/1/2337/7003/files/media_image-2e59c94d0d49481b98be5950c6f9368b.jpg,https://cdn.shopify.com/s/files/1/2337/7003/files/media_image-2f2e1f3154e74fe7be7d14058acf1f7a.jpg,https://cdn.shopify.com/s/files/1/2337/7003/files/media_image-3b22d8c76bb44ae9989ffdaec4c35a31.jpg,https://cdn.shopify.com/s/files/1/2337/7003/files/media_image-8e92bde48312441ba21e84c71611c471.jpg,https://cdn.shopify.com/s/files/1/2337/7003/files/media_image-0482cdce0fa84c9584b5d6e1d4d4237a.jpg | https://cdn.shopify.com/s/files/1/2337/7003/files/media_image-cdea2fadfee54d199918f762df1959a4.jpg | https://cdn.shopify.com/s/files/1/2337/7003/files/media_image-5410592dd9e34f87a36d82815f4cbb36.jpg | https://cdn.shopify.com/s/files/1/2337/7003/files/media_image-f5d0e4bedb5b476cb9e4fce9cf6d2af0.jpg | https://cdn.shopify.com/s/files/1/2337/7003/files/media_image-00936c6688784f5f8cce8260cc0e56ec.jpg,https://cdn.shopify.com/s/files/1/2337/7003/files/media_image-2e59c94d0d49481b98be5950c6f9368b.jpg | https://cdn.shopify.com/s/files/1/2337/7003/files/media_image-2f2e1f3154e74fe7be7d14058acf1f7a.jpg | https://cdn.shopify.com/s/files/1/2337/7003/files/media_image-3b22d8c76bb44ae9989ffdaec4c35a31.jpg | https://cdn.shopify.com/s/files/1/2337/7003/files/media_image-8e92bde48312441ba21e84c71611c471.jpg | https://cdn.shopify.com/s/files/1/2337/7003/files/media_image-0482cdce0fa84c9584b5d6e1d4d4237a.jpg | https://cdn.shopify.com/s/files/1/2337/7003/files/media_image-cdea2fadfee54d199918f762df1959a4.jpg | https://cdn.shopify.com/s/files/1/2337/7003/files/media_image-5410592dd9e34f87a36d82815f4cbb36.jpg | https://cdn.shopify.com/s/files/1/2337/7003/files/media_image-f5d0e4bedb5b476cb9e4fce9cf6d2af0.jpg | https://cdn.shopify.com/s/files/1/2337/7003/files/media_image-00936c6688784f5f8cce8260cc0e56ec.jpg,Pure Chiffon & Silk,"Handcrafted Zardozi, Tilla & Fine Resham","3-Piece (Shirt, Trouser, Dupatta)",ReadyToShip,Made to Order,FALSE,FALSE,FALSE,"Exquisite handcrafted Bridal Lehenga ensemble from Haseens Official. Masterfully tailored with generational Pakistani artistry, premium pure fabrics, and delicate celebratory motifs."
has-171,Sohana,All Products,Lehenga,Bespoke Bridal Lehenga,Bridal Lehenga,31000,,https://cdn.shopify.com/s/files/1/2337/7003/files/cropped_image-172687277587351_670408d2-8a63-45bb-97d9-bf6696895ee1.jpg?v=1750223461,https://cdn.shopify.com/s/files/1/2337/7003/files/cropped_image-172687277587351_670408d2-8a63-45bb-97d9-bf6696895ee1.jpg,https://cdn.shopify.com/s/files/1/2337/7003/files/cropped_image-172687277709312_98c8acf3-6bdd-452c-82fc-a964d5c802cf.jpg,https://cdn.shopify.com/s/files/1/2337/7003/files/cropped_image-172687277796145_1b8e9a5d-74d6-4599-9508-03a718649d04.jpg,https://cdn.shopify.com/s/files/1/2337/7003/files/cropped_image-172687277757417_28609411-e1b0-4caa-8ab3-c0ef063a4d4f.jpg | https://cdn.shopify.com/s/files/1/2337/7003/files/cropped_image-172687277707972_67d9e3f5-141d-446e-b65a-9e5ee80dd357.jpg | https://cdn.shopify.com/s/files/1/2337/7003/files/cropped_image-172687277843189_8df69282-50e4-4ee7-bc08-cd41db7ab88a.jpg,https://cdn.shopify.com/s/files/1/2337/7003/files/cropped_image-172687277587351_670408d2-8a63-45bb-97d9-bf6696895ee1.jpg?v=1750223461 | https://cdn.shopify.com/s/files/1/2337/7003/files/cropped_image-172687277587351_670408d2-8a63-45bb-97d9-bf6696895ee1.jpg | https://cdn.shopify.com/s/files/1/2337/7003/files/cropped_image-172687277709312_98c8acf3-6bdd-452c-82fc-a964d5c802cf.jpg | https://cdn.shopify.com/s/files/1/2337/7003/files/cropped_image-172687277796145_1b8e9a5d-74d6-4599-9508-03a718649d04.jpg | https://cdn.shopify.com/s/files/1/2337/7003/files/cropped_image-172687277757417_28609411-e1b0-4caa-8ab3-c0ef063a4d4f.jpg | https://cdn.shopify.com/s/files/1/2337/7003/files/cropped_image-172687277707972_67d9e3f5-141d-446e-b65a-9e5ee80dd357.jpg | https://cdn.shopify.com/s/files/1/2337/7003/files/cropped_image-172687277843189_8df69282-50e4-4ee7-bc08-cd41db7ab88a.jpg,Pure Chiffon & Silk,"Handcrafted Zardozi, Tilla & Fine Resham","3-Piece (Shirt, Trouser, Dupatta)",ReadyToShip,Made to Order,TRUE,FALSE,FALSE,"Exquisite handcrafted Bridal Lehenga ensemble from Haseens Official. Masterfully tailored with generational Pakistani artistry, premium pure fabrics, and delicate celebratory motifs."
has-172,Shaama,All Products,Lehenga,Bespoke Bridal Lehenga,Bridal Lehenga,17200,,https://cdn.shopify.com/s/files/1/2337/7003/files/DSC07919-174862403406430_da1a31c7-3c28-459b-b86c-41922ed21b61.jpg?v=1754916172,https://cdn.shopify.com/s/files/1/2337/7003/files/DSC07919-174862403406430_da1a31c7-3c28-459b-b86c-41922ed21b61.jpg,https://cdn.shopify.com/s/files/1/2337/7003/files/DSC07957-174862403407306_a92a409f-93be-49d8-9243-27135d79bdb2.jpg,https://cdn.shopify.com/s/files/1/2337/7003/files/DSC07906-174862403412063_e7282008-bf24-4d61-baa3-303306b742cb.jpg,,https://cdn.shopify.com/s/files/1/2337/7003/files/DSC07919-174862403406430_da1a31c7-3c28-459b-b86c-41922ed21b61.jpg?v=1754916172 | https://cdn.shopify.com/s/files/1/2337/7003/files/DSC07919-174862403406430_da1a31c7-3c28-459b-b86c-41922ed21b61.jpg | https://cdn.shopify.com/s/files/1/2337/7003/files/DSC07957-174862403407306_a92a409f-93be-49d8-9243-27135d79bdb2.jpg | https://cdn.shopify.com/s/files/1/2337/7003/files/DSC07906-174862403412063_e7282008-bf24-4d61-baa3-303306b742cb.jpg,Pure Chiffon & Silk,"Handcrafted Zardozi, Tilla & Fine Resham","3-Piece (Shirt, Trouser, Dupatta)",ReadyToShip,Made to Order,FALSE,FALSE,TRUE,"Exquisite handcrafted Bridal Lehenga ensemble from Haseens Official. Masterfully tailored with generational Pakistani artistry, premium pure fabrics, and delicate celebratory motifs."
has-173,Mehvar,All Products,Lehenga,Bespoke Bridal Lehenga,Bridal Lehenga,22000,,https://cdn.shopify.com/s/files/1/2337/7003/files/media_image-8c4c093cc02b4eb8859173fba6746fb9_32c7fa49-6a0a-4385-b874-4b0259047ad9.png?v=1761309465,https://cdn.shopify.com/s/files/1/2337/7003/files/media_image-8c4c093cc02b4eb8859173fba6746fb9_32c7fa49-6a0a-4385-b874-4b0259047ad9.png,https://cdn.shopify.com/s/files/1/2337/7003/files/media_image-dac1faa7162e4e30993b5c3ac18b3879_5e06a8da-dc47-46ed-b081-fbc66cd986b8.png,https://cdn.shopify.com/s/files/1/2337/7003/files/media_image-48b991ae154544ff93dad329fd461208_93d7c09c-fd4b-4229-8d6f-82ef2bccf5de.png,https://cdn.shopify.com/s/files/1/2337/7003/files/media_image-33fc707e3b8e4b54aea869f84d2e0bec_48000713-66e3-4739-81d3-0382b37a40d5.png | https://cdn.shopify.com/s/files/1/2337/7003/files/media_image-9e185a3e169c44d5a607248848d55cb6_1c997d50-d2e5-4679-8278-ea0f1a4f9c2c.png | https://cdn.shopify.com/s/files/1/2337/7003/files/media_image-18c15176f69c4d92a4241172dc2e375b_b713f4bf-9c07-4cf5-bb4e-c4fcc51f68d6.png | https://cdn.shopify.com/s/files/1/2337/7003/files/media_image-9bc789cae8674afca89860cd6cf4080f_266549b1-5e51-4e67-8879-0924a6d70c17.png | https://cdn.shopify.com/s/files/1/2337/7003/files/media_image-eddcfc1baa324501a8b674311a6ca65e_0223fa1b-05e7-4c34-9862-1f95bae55481.png | https://cdn.shopify.com/s/files/1/2337/7003/files/media_image-8421354481c34e05a63912b74fd98dba_74c405c3-0e22-4df4-bf2a-4686ff9462a2.png,https://cdn.shopify.com/s/files/1/2337/7003/files/media_image-8c4c093cc02b4eb8859173fba6746fb9_32c7fa49-6a0a-4385-b874-4b0259047ad9.png?v=1761309465 | https://cdn.shopify.com/s/files/1/2337/7003/files/media_image-8c4c093cc02b4eb8859173fba6746fb9_32c7fa49-6a0a-4385-b874-4b0259047ad9.png | https://cdn.shopify.com/s/files/1/2337/7003/files/media_image-dac1faa7162e4e30993b5c3ac18b3879_5e06a8da-dc47-46ed-b081-fbc66cd986b8.png | https://cdn.shopify.com/s/files/1/2337/7003/files/media_image-48b991ae154544ff93dad329fd461208_93d7c09c-fd4b-4229-8d6f-82ef2bccf5de.png | https://cdn.shopify.com/s/files/1/2337/7003/files/media_image-33fc707e3b8e4b54aea869f84d2e0bec_48000713-66e3-4739-81d3-0382b37a40d5.png | https://cdn.shopify.com/s/files/1/2337/7003/files/media_image-9e185a3e169c44d5a607248848d55cb6_1c997d50-d2e5-4679-8278-ea0f1a4f9c2c.png | https://cdn.shopify.com/s/files/1/2337/7003/files/media_image-18c15176f69c4d92a4241172dc2e375b_b713f4bf-9c07-4cf5-bb4e-c4fcc51f68d6.png | https://cdn.shopify.com/s/files/1/2337/7003/files/media_image-9bc789cae8674afca89860cd6cf4080f_266549b1-5e51-4e67-8879-0924a6d70c17.png | https://cdn.shopify.com/s/files/1/2337/7003/files/media_image-eddcfc1baa324501a8b674311a6ca65e_0223fa1b-05e7-4c34-9862-1f95bae55481.png | https://cdn.shopify.com/s/files/1/2337/7003/files/media_image-8421354481c34e05a63912b74fd98dba_74c405c3-0e22-4df4-bf2a-4686ff9462a2.png,Pure Chiffon & Silk,"Handcrafted Zardozi, Tilla & Fine Resham","3-Piece (Shirt, Trouser, Dupatta)",ReadyToShip,Made to Order,FALSE,TRUE,FALSE,"Exquisite handcrafted Bridal Lehenga ensemble from Haseens Official. Masterfully tailored with generational Pakistani artistry, premium pure fabrics, and delicate celebratory motifs."
has-174,Sunaina,All Products,Lehenga,Bespoke Bridal Lehenga,Bridal Lehenga,13440,,https://cdn.shopify.com/s/files/1/2337/7003/files/DSC02475.jpg?v=1700207430,https://cdn.shopify.com/s/files/1/2337/7003/files/DSC02475.jpg,https://cdn.shopify.com/s/files/1/2337/7003/files/DSC02524.jpg,https://cdn.shopify.com/s/files/1/2337/7003/files/DSC02516.jpg,https://cdn.shopify.com/s/files/1/2337/7003/files/DSC02543.jpg | https://cdn.shopify.com/s/files/1/2337/7003/files/DSC02545_f55268d6-3b30-427f-b376-6c26748278ab.jpg | https://cdn.shopify.com/s/files/1/2337/7003/files/DSC02519.jpg,https://cdn.shopify.com/s/files/1/2337/7003/files/DSC02475.jpg?v=1700207430 | https://cdn.shopify.com/s/files/1/2337/7003/files/DSC02475.jpg | https://cdn.shopify.com/s/files/1/2337/7003/files/DSC02524.jpg | https://cdn.shopify.com/s/files/1/2337/7003/files/DSC02516.jpg | https://cdn.shopify.com/s/files/1/2337/7003/files/DSC02543.jpg | https://cdn.shopify.com/s/files/1/2337/7003/files/DSC02545_f55268d6-3b30-427f-b376-6c26748278ab.jpg | https://cdn.shopify.com/s/files/1/2337/7003/files/DSC02519.jpg,Pure Chiffon & Silk,"Handcrafted Zardozi, Tilla & Fine Resham","3-Piece (Shirt, Trouser, Dupatta)",ReadyToShip,Made to Order,FALSE,FALSE,FALSE,"Exquisite handcrafted Bridal Lehenga ensemble from Haseens Official. Masterfully tailored with generational Pakistani artistry, premium pure fabrics, and delicate celebratory motifs."
has-175,Shazma,All Products,Lehenga,Bespoke Bridal Lehenga,Bridal Lehenga,17200,,https://cdn.shopify.com/s/files/1/2337/7003/files/cropped_image-173988192112314_b3e314a0-46e3-4bde-8943-54d58525f109.jpg?v=1746691102,https://cdn.shopify.com/s/files/1/2337/7003/files/cropped_image-173988192112314_b3e314a0-46e3-4bde-8943-54d58525f109.jpg,https://cdn.shopify.com/s/files/1/2337/7003/files/cropped_image-173988192191509_31e84269-c33d-4c20-9a55-08035d28c637.jpg,https://cdn.shopify.com/s/files/1/2337/7003/files/cropped_image-173988192098316_11e23d00-868c-4e46-b0e4-c3254ac47a9b.jpg,https://cdn.shopify.com/s/files/1/2337/7003/files/cropped_image-173988192167728_04177327-4c4a-4d74-aad5-4757330a21bd.jpg | https://cdn.shopify.com/s/files/1/2337/7003/files/cropped_image-173988192098261_d066e631-32e4-4059-99b9-12d093040d03.jpg | https://cdn.shopify.com/s/files/1/2337/7003/files/cropped_image-173988192087955_e061e6c5-6fdc-4a54-8070-6fb3eef6a190.jpg | https://cdn.shopify.com/s/files/1/2337/7003/files/cropped_image-173988192102296_7583efcc-bb6e-4641-b54a-080829c444ae.jpg,https://cdn.shopify.com/s/files/1/2337/7003/files/cropped_image-173988192112314_b3e314a0-46e3-4bde-8943-54d58525f109.jpg?v=1746691102 | https://cdn.shopify.com/s/files/1/2337/7003/files/cropped_image-173988192112314_b3e314a0-46e3-4bde-8943-54d58525f109.jpg | https://cdn.shopify.com/s/files/1/2337/7003/files/cropped_image-173988192191509_31e84269-c33d-4c20-9a55-08035d28c637.jpg | https://cdn.shopify.com/s/files/1/2337/7003/files/cropped_image-173988192098316_11e23d00-868c-4e46-b0e4-c3254ac47a9b.jpg | https://cdn.shopify.com/s/files/1/2337/7003/files/cropped_image-173988192167728_04177327-4c4a-4d74-aad5-4757330a21bd.jpg | https://cdn.shopify.com/s/files/1/2337/7003/files/cropped_image-173988192098261_d066e631-32e4-4059-99b9-12d093040d03.jpg | https://cdn.shopify.com/s/files/1/2337/7003/files/cropped_image-173988192087955_e061e6c5-6fdc-4a54-8070-6fb3eef6a190.jpg | https://cdn.shopify.com/s/files/1/2337/7003/files/cropped_image-173988192102296_7583efcc-bb6e-4641-b54a-080829c444ae.jpg,Pure Chiffon & Silk,"Handcrafted Zardozi, Tilla & Fine Resham","3-Piece (Shirt, Trouser, Dupatta)",ReadyToShip,Made to Order,FALSE,FALSE,TRUE,"Exquisite handcrafted Bridal Lehenga ensemble from Haseens Official. Masterfully tailored with generational Pakistani artistry, premium pure fabrics, and delicate celebratory motifs."
has-176,Zariah,All Products,Lehenga,Bespoke Bridal Lehenga,Bridal Lehenga,18000,,https://cdn.shopify.com/s/files/1/2337/7003/files/DSC08038-174861828873344_1753c110-3230-4ea2-88e8-240f20c1a4d0.jpg?v=1748697562,https://cdn.shopify.com/s/files/1/2337/7003/files/DSC08038-174861828873344_1753c110-3230-4ea2-88e8-240f20c1a4d0.jpg,https://cdn.shopify.com/s/files/1/2337/7003/files/DSC08057-174861828954617_665c9564-ea61-4711-9fa4-407dd958fbbe.jpg,https://cdn.shopify.com/s/files/1/2337/7003/files/Layer_2-174861828976893_8234410b-e169-4dd4-9b4f-0a47834a7bbc.jpg,,https://cdn.shopify.com/s/files/1/2337/7003/files/DSC08038-174861828873344_1753c110-3230-4ea2-88e8-240f20c1a4d0.jpg?v=1748697562 | https://cdn.shopify.com/s/files/1/2337/7003/files/DSC08038-174861828873344_1753c110-3230-4ea2-88e8-240f20c1a4d0.jpg | https://cdn.shopify.com/s/files/1/2337/7003/files/DSC08057-174861828954617_665c9564-ea61-4711-9fa4-407dd958fbbe.jpg | https://cdn.shopify.com/s/files/1/2337/7003/files/Layer_2-174861828976893_8234410b-e169-4dd4-9b4f-0a47834a7bbc.jpg,Pure Chiffon & Silk,"Handcrafted Zardozi, Tilla & Fine Resham","3-Piece (Shirt, Trouser, Dupatta)",0 to 2 Weeks,Made to Order,TRUE,FALSE,FALSE,"Exquisite handcrafted Bridal Lehenga ensemble from Haseens Official. Masterfully tailored with generational Pakistani artistry, premium pure fabrics, and delicate celebratory motifs."
has-177,Shahnoor,All Products,Lehenga,Bespoke Bridal Lehenga,Bridal Lehenga,15440,,https://cdn.shopify.com/s/files/1/2337/7003/files/media_image-4956fbca26d54c838b07958c540b83fc_53858e9d-6f0c-477b-b970-cbe4f8c1636d.jpg?v=1763118745,https://cdn.shopify.com/s/files/1/2337/7003/files/media_image-4956fbca26d54c838b07958c540b83fc_53858e9d-6f0c-477b-b970-cbe4f8c1636d.jpg,https://cdn.shopify.com/s/files/1/2337/7003/files/media_image-1a386b3026a04775bfe660049ceba424_7ffeac01-2b46-4f7c-b8ba-5e692a62b7ee.jpg,https://cdn.shopify.com/s/files/1/2337/7003/files/media_image-2ad5c5c103c84bf3aaef3bcd88a97f62_528e9e5f-9e78-495e-ba8a-4c3b9c348c38.jpg,https://cdn.shopify.com/s/files/1/2337/7003/files/media_image-59dee0e0078a4493a8a2d1163b6ad14b_d40cf7cf-c29c-4a75-8fd5-3a75499e3b9b.jpg | https://cdn.shopify.com/s/files/1/2337/7003/files/media_image-51970f18ecaf4ad880f619919adbfa87_7dcdb57a-c79b-45ed-8bd9-f2da69736a03.jpg | https://cdn.shopify.com/s/files/1/2337/7003/files/media_image-8b48986c4dcb4d6da6b1da19573fc214_99289df0-ff3c-421f-bc4b-53996cd88846.jpg | https://cdn.shopify.com/s/files/1/2337/7003/files/media_image-9318adbfdeae4f809db720d02f5417ed_8ab31f29-331f-4223-b122-7cda0f7b7fa1.jpg,https://cdn.shopify.com/s/files/1/2337/7003/files/media_image-4956fbca26d54c838b07958c540b83fc_53858e9d-6f0c-477b-b970-cbe4f8c1636d.jpg?v=1763118745 | https://cdn.shopify.com/s/files/1/2337/7003/files/media_image-4956fbca26d54c838b07958c540b83fc_53858e9d-6f0c-477b-b970-cbe4f8c1636d.jpg | https://cdn.shopify.com/s/files/1/2337/7003/files/media_image-1a386b3026a04775bfe660049ceba424_7ffeac01-2b46-4f7c-b8ba-5e692a62b7ee.jpg | https://cdn.shopify.com/s/files/1/2337/7003/files/media_image-2ad5c5c103c84bf3aaef3bcd88a97f62_528e9e5f-9e78-495e-ba8a-4c3b9c348c38.jpg | https://cdn.shopify.com/s/files/1/2337/7003/files/media_image-59dee0e0078a4493a8a2d1163b6ad14b_d40cf7cf-c29c-4a75-8fd5-3a75499e3b9b.jpg | https://cdn.shopify.com/s/files/1/2337/7003/files/media_image-51970f18ecaf4ad880f619919adbfa87_7dcdb57a-c79b-45ed-8bd9-f2da69736a03.jpg | https://cdn.shopify.com/s/files/1/2337/7003/files/media_image-8b48986c4dcb4d6da6b1da19573fc214_99289df0-ff3c-421f-bc4b-53996cd88846.jpg | https://cdn.shopify.com/s/files/1/2337/7003/files/media_image-9318adbfdeae4f809db720d02f5417ed_8ab31f29-331f-4223-b122-7cda0f7b7fa1.jpg,Pure Chiffon & Silk,"Handcrafted Zardozi, Tilla & Fine Resham","3-Piece (Shirt, Trouser, Dupatta)",ReadyToShip,Made to Order,FALSE,TRUE,FALSE,"Exquisite handcrafted Bridal Lehenga ensemble from Haseens Official. Masterfully tailored with generational Pakistani artistry, premium pure fabrics, and delicate celebratory motifs."
has-178,Durr,All Products,Sharara,Celebratory Sangeet Sharara,Festive Sharara,22700,,https://cdn.shopify.com/s/files/1/2337/7003/files/media_image-341304cceb3f4ac0aa94ee25eb171a72.jpg,https://cdn.shopify.com/s/files/1/2337/7003/files/media_image-33af503bbd6a49e690f3954d288c1cf2.jpg,https://cdn.shopify.com/s/files/1/2337/7003/files/media_image-ea3546a4016848a09af26a7466646a32.jpg,https://cdn.shopify.com/s/files/1/2337/7003/files/media_image-c478e9be2a1e47cba3b27fa37eba01fe.jpg,https://cdn.shopify.com/s/files/1/2337/7003/files/media_image-490bbf4c3b624442904c68b95f65a7f3.jpg | https://cdn.shopify.com/s/files/1/2337/7003/files/media_image-bcfc8c67dbbe4a97b8ccf7abe0651c8f.jpg | https://cdn.shopify.com/s/files/1/2337/7003/files/media_image-3e8459a6be184e2d96542cc2f6424e6b.jpg | https://cdn.shopify.com/s/files/1/2337/7003/files/media_image-96b05deb5afa4c668978bc3a5255a941.jpg | https://cdn.shopify.com/s/files/1/2337/7003/files/media_image-98279be8a30245cb80939b171f0645b9.jpg,https://cdn.shopify.com/s/files/1/2337/7003/files/media_image-341304cceb3f4ac0aa94ee25eb171a72.jpg | https://cdn.shopify.com/s/files/1/2337/7003/files/media_image-33af503bbd6a49e690f3954d288c1cf2.jpg | https://cdn.shopify.com/s/files/1/2337/7003/files/media_image-ea3546a4016848a09af26a7466646a32.jpg | https://cdn.shopify.com/s/files/1/2337/7003/files/media_image-c478e9be2a1e47cba3b27fa37eba01fe.jpg | https://cdn.shopify.com/s/files/1/2337/7003/files/media_image-490bbf4c3b624442904c68b95f65a7f3.jpg | https://cdn.shopify.com/s/files/1/2337/7003/files/media_image-bcfc8c67dbbe4a97b8ccf7abe0651c8f.jpg | https://cdn.shopify.com/s/files/1/2337/7003/files/media_image-3e8459a6be184e2d96542cc2f6424e6b.jpg | https://cdn.shopify.com/s/files/1/2337/7003/files/media_image-96b05deb5afa4c668978bc3a5255a941.jpg | https://cdn.shopify.com/s/files/1/2337/7003/files/media_image-98279be8a30245cb80939b171f0645b9.jpg,Pure Chiffon & Silk,"Handcrafted Zardozi, Tilla & Fine Resham","3-Piece (Shirt, Trouser, Dupatta)",0 to 2 Weeks,Stitched,FALSE,FALSE,TRUE,"Exquisite handcrafted Festive Sharara ensemble from Haseens Official. Masterfully tailored with generational Pakistani artistry, premium pure fabrics, and delicate celebratory motifs."
has-179,Shamim,All Products,Sharara,Celebratory Sangeet Sharara,Festive Sharara,32000,,https://cdn.shopify.com/s/files/1/2337/7003/files/b0577a8f9d8aff320acc072fd87ae1ad_207b4f4d-e2ed-44cb-aa9e-52b976e48039.jpg?v=1756795778,https://cdn.shopify.com/s/files/1/2337/7003/files/b0577a8f9d8aff320acc072fd87ae1ad_207b4f4d-e2ed-44cb-aa9e-52b976e48039.jpg,https://cdn.shopify.com/s/files/1/2337/7003/files/da65c135fce6c2dcba5de2268611cd3a_8474f3bf-4158-48c0-ae8d-9d997c6c31e6.jpg,https://cdn.shopify.com/s/files/1/2337/7003/files/61cdae614301a4f72c70818310e50048_6c245451-765f-41a7-8b2b-7716851e6f0c.jpg,https://cdn.shopify.com/s/files/1/2337/7003/files/740f22d2a86d883aacd3cf6348cccafd_1eba0878-dc20-47d8-b824-fccc250b8fe6.jpg | https://cdn.shopify.com/s/files/1/2337/7003/files/3bb274073c54c7bcbea0655047ff1061_6eef5886-a512-4f3f-8064-90b5ea24d9ad.jpg | https://cdn.shopify.com/s/files/1/2337/7003/files/dd567a4d6bba65a2c6202a793dac7a1c_d97fa9e4-bd20-4744-85ce-7b0d2a4488bc.jpg,https://cdn.shopify.com/s/files/1/2337/7003/files/b0577a8f9d8aff320acc072fd87ae1ad_207b4f4d-e2ed-44cb-aa9e-52b976e48039.jpg?v=1756795778 | https://cdn.shopify.com/s/files/1/2337/7003/files/b0577a8f9d8aff320acc072fd87ae1ad_207b4f4d-e2ed-44cb-aa9e-52b976e48039.jpg | https://cdn.shopify.com/s/files/1/2337/7003/files/da65c135fce6c2dcba5de2268611cd3a_8474f3bf-4158-48c0-ae8d-9d997c6c31e6.jpg | https://cdn.shopify.com/s/files/1/2337/7003/files/61cdae614301a4f72c70818310e50048_6c245451-765f-41a7-8b2b-7716851e6f0c.jpg | https://cdn.shopify.com/s/files/1/2337/7003/files/740f22d2a86d883aacd3cf6348cccafd_1eba0878-dc20-47d8-b824-fccc250b8fe6.jpg | https://cdn.shopify.com/s/files/1/2337/7003/files/3bb274073c54c7bcbea0655047ff1061_6eef5886-a512-4f3f-8064-90b5ea24d9ad.jpg | https://cdn.shopify.com/s/files/1/2337/7003/files/dd567a4d6bba65a2c6202a793dac7a1c_d97fa9e4-bd20-4744-85ce-7b0d2a4488bc.jpg,Pure Chiffon & Silk,"Handcrafted Zardozi, Tilla & Fine Resham","3-Piece (Shirt, Trouser, Dupatta)",ReadyToShip,Stitched,FALSE,FALSE,FALSE,"Exquisite handcrafted Festive Sharara ensemble from Haseens Official. Masterfully tailored with generational Pakistani artistry, premium pure fabrics, and delicate celebratory motifs."
has-180,Parizaad,All Products,Sharara,Celebratory Sangeet Sharara,Festive Sharara,35000,,https://cdn.shopify.com/s/files/1/2337/7003/files/cropped_image-172295201934430_86c5d694-18c1-4bbc-a98f-9c4d5ccbd40c.jpg?v=1756795785,https://cdn.shopify.com/s/files/1/2337/7003/files/cropped_image-172295201934430_86c5d694-18c1-4bbc-a98f-9c4d5ccbd40c.jpg,https://cdn.shopify.com/s/files/1/2337/7003/files/cropped_image-172295201956326_3818ebe3-e108-4d00-ba96-950614c244e6.jpg,https://cdn.shopify.com/s/files/1/2337/7003/files/cropped_image-172295201963288_666e8475-9dcc-42d6-879b-a6d1ea81568d.jpg,https://cdn.shopify.com/s/files/1/2337/7003/files/cropped_image-172295202020086_e5acb2bd-37e7-43c8-8045-281f7c38acc4.jpg,https://cdn.shopify.com/s/files/1/2337/7003/files/cropped_image-172295201934430_86c5d694-18c1-4bbc-a98f-9c4d5ccbd40c.jpg?v=1756795785 | https://cdn.shopify.com/s/files/1/2337/7003/files/cropped_image-172295201934430_86c5d694-18c1-4bbc-a98f-9c4d5ccbd40c.jpg | https://cdn.shopify.com/s/files/1/2337/7003/files/cropped_image-172295201956326_3818ebe3-e108-4d00-ba96-950614c244e6.jpg | https://cdn.shopify.com/s/files/1/2337/7003/files/cropped_image-172295201963288_666e8475-9dcc-42d6-879b-a6d1ea81568d.jpg | https://cdn.shopify.com/s/files/1/2337/7003/files/cropped_image-172295202020086_e5acb2bd-37e7-43c8-8045-281f7c38acc4.jpg,Pure Chiffon & Silk,"Handcrafted Zardozi, Tilla & Fine Resham","3-Piece (Shirt, Trouser, Dupatta)",ReadyToShip,Stitched,FALSE,FALSE,FALSE,"Exquisite handcrafted Festive Sharara ensemble from Haseens Official. Masterfully tailored with generational Pakistani artistry, premium pure fabrics, and delicate celebratory motifs."
has-181,fasanay,All Products,Sharara,Celebratory Sangeet Sharara,Festive Sharara,15500,,https://cdn.shopify.com/s/files/1/2337/7003/files/6509e94a16c0a4364f91ed1229418894_ab1db294-68e4-41ab-87da-bc3543fa23ff.jpg?v=1764310328,https://cdn.shopify.com/s/files/1/2337/7003/files/6509e94a16c0a4364f91ed1229418894_ab1db294-68e4-41ab-87da-bc3543fa23ff.jpg,https://cdn.shopify.com/s/files/1/2337/7003/files/aba377dfb2dff204ec4b6aeb5fb6ef21_3580de92-0600-4c94-9bb2-e642a8871d95.jpg,https://cdn.shopify.com/s/files/1/2337/7003/files/0fb0f82f25ccc40bdd6a6cf3bdf06803_ed676172-82ff-4a38-bfad-3191cf8c0fc7.jpg,https://cdn.shopify.com/s/files/1/2337/7003/files/e2d19196bc00973caf4e2c797be63a24_41e53037-041e-4b96-a60d-bf43e5d20720.jpg,https://cdn.shopify.com/s/files/1/2337/7003/files/6509e94a16c0a4364f91ed1229418894_ab1db294-68e4-41ab-87da-bc3543fa23ff.jpg?v=1764310328 | https://cdn.shopify.com/s/files/1/2337/7003/files/6509e94a16c0a4364f91ed1229418894_ab1db294-68e4-41ab-87da-bc3543fa23ff.jpg | https://cdn.shopify.com/s/files/1/2337/7003/files/aba377dfb2dff204ec4b6aeb5fb6ef21_3580de92-0600-4c94-9bb2-e642a8871d95.jpg | https://cdn.shopify.com/s/files/1/2337/7003/files/0fb0f82f25ccc40bdd6a6cf3bdf06803_ed676172-82ff-4a38-bfad-3191cf8c0fc7.jpg | https://cdn.shopify.com/s/files/1/2337/7003/files/e2d19196bc00973caf4e2c797be63a24_41e53037-041e-4b96-a60d-bf43e5d20720.jpg,Pure Chiffon & Silk,"Handcrafted Zardozi, Tilla & Fine Resham","3-Piece (Shirt, Trouser, Dupatta)",ReadyToShip,Stitched,TRUE,TRUE,TRUE,"Exquisite handcrafted Festive Sharara ensemble from Haseens Official. Masterfully tailored with generational Pakistani artistry, premium pure fabrics, and delicate celebratory motifs."
has-182,Lamyah,All Products,Sharara,Celebratory Sangeet Sharara,Festive Sharara,16200,,https://cdn.shopify.com/s/files/1/2337/7003/files/media_image-91ffd85f7b4442eb859996f2b40401d0_0ebb7b2d-834a-4a74-a8bf-71acde634438.jpg?v=1751031117,https://cdn.shopify.com/s/files/1/2337/7003/files/media_image-91ffd85f7b4442eb859996f2b40401d0_0ebb7b2d-834a-4a74-a8bf-71acde634438.jpg,https://cdn.shopify.com/s/files/1/2337/7003/files/media_image-21f36dedd21f4992a9b591540c0ca5cc_5c684d98-b3c3-4122-9958-a4bd234cec84.jpg,https://cdn.shopify.com/s/files/1/2337/7003/files/media_image-43008f8c1aaa40e49abe09a48a63c800_8ff9ca82-d285-42c3-9e8d-04989350cc96.jpg,https://cdn.shopify.com/s/files/1/2337/7003/files/media_image-2bfcbf0ace9f4d3e9efb37155fd7c651_cd3f7e53-22a6-4acf-9ae2-1762503f5e60.jpg | https://cdn.shopify.com/s/files/1/2337/7003/files/media_image-9b00057cee5d44c992fd5699cf94669c_03e4b90c-5d03-490b-befc-8ed7345a7f05.jpg | https://cdn.shopify.com/s/files/1/2337/7003/files/media_image-c0908f9741ce4c69831b47a76014e731_cb0eba5e-f6e7-446c-9858-93fb3322a543.jpg | https://cdn.shopify.com/s/files/1/2337/7003/files/media_image-c09bf78dbc7244cd95804895113f900c_dbbd9eb2-d51a-4254-9f13-b97abe4f79ab.jpg | https://cdn.shopify.com/s/files/1/2337/7003/files/media_image-d50e15c33d7e4386aabc9d110e436c55_a9fbfcb6-75ec-468b-8aab-6cd7510946c7.jpg,https://cdn.shopify.com/s/files/1/2337/7003/files/media_image-91ffd85f7b4442eb859996f2b40401d0_0ebb7b2d-834a-4a74-a8bf-71acde634438.jpg?v=1751031117 | https://cdn.shopify.com/s/files/1/2337/7003/files/media_image-91ffd85f7b4442eb859996f2b40401d0_0ebb7b2d-834a-4a74-a8bf-71acde634438.jpg | https://cdn.shopify.com/s/files/1/2337/7003/files/media_image-21f36dedd21f4992a9b591540c0ca5cc_5c684d98-b3c3-4122-9958-a4bd234cec84.jpg | https://cdn.shopify.com/s/files/1/2337/7003/files/media_image-43008f8c1aaa40e49abe09a48a63c800_8ff9ca82-d285-42c3-9e8d-04989350cc96.jpg | https://cdn.shopify.com/s/files/1/2337/7003/files/media_image-2bfcbf0ace9f4d3e9efb37155fd7c651_cd3f7e53-22a6-4acf-9ae2-1762503f5e60.jpg | https://cdn.shopify.com/s/files/1/2337/7003/files/media_image-9b00057cee5d44c992fd5699cf94669c_03e4b90c-5d03-490b-befc-8ed7345a7f05.jpg | https://cdn.shopify.com/s/files/1/2337/7003/files/media_image-c0908f9741ce4c69831b47a76014e731_cb0eba5e-f6e7-446c-9858-93fb3322a543.jpg | https://cdn.shopify.com/s/files/1/2337/7003/files/media_image-c09bf78dbc7244cd95804895113f900c_dbbd9eb2-d51a-4254-9f13-b97abe4f79ab.jpg | https://cdn.shopify.com/s/files/1/2337/7003/files/media_image-d50e15c33d7e4386aabc9d110e436c55_a9fbfcb6-75ec-468b-8aab-6cd7510946c7.jpg,Pure Chiffon & Silk,"Handcrafted Zardozi, Tilla & Fine Resham","3-Piece (Shirt, Trouser, Dupatta)",ReadyToShip,Stitched,FALSE,FALSE,FALSE,"Exquisite handcrafted Festive Sharara ensemble from Haseens Official. Masterfully tailored with generational Pakistani artistry, premium pure fabrics, and delicate celebratory motifs."
has-183,Sadaf,All Products,Sharara,Celebratory Sangeet Sharara,Festive Sharara,24000,,https://cdn.shopify.com/s/files/1/2337/7003/files/cropped_image-172686503860979_24a12fb4-ab99-4db1-8574-0af35d74b09c.jpg?v=1752041201,https://cdn.shopify.com/s/files/1/2337/7003/files/cropped_image-172686503860979_24a12fb4-ab99-4db1-8574-0af35d74b09c.jpg,https://cdn.shopify.com/s/files/1/2337/7003/files/cropped_image-172686591076898_1410b8fd-662b-44a6-8c87-7b6589bf4263.jpg,https://cdn.shopify.com/s/files/1/2337/7003/files/cropped_image-172686503981001_72041ef2-16c0-4f2e-97e2-2f31003089c8.jpg,https://cdn.shopify.com/s/files/1/2337/7003/files/cropped_image-172686504047310_ea03d0e2-8df8-4e9d-8432-c589a81ffd0b.jpg | https://cdn.shopify.com/s/files/1/2337/7003/files/cropped_image-172686504130276_4dbed972-a6e0-49d2-b023-dd04277ef1db.jpg | https://cdn.shopify.com/s/files/1/2337/7003/files/cropped_image-172686504321087_48eddbb4-2c1f-4651-b78a-874b10336ab5.jpg | https://cdn.shopify.com/s/files/1/2337/7003/files/cropped_image-172686504037213_de26312b-08d9-43dd-9b25-ec54f352056c.jpg | https://cdn.shopify.com/s/files/1/2337/7003/files/cropped_image-172686504413464_3edb4860-1c4c-4c7b-b5d6-a483287e2759.jpg | https://cdn.shopify.com/s/files/1/2337/7003/files/cropped_image-172686504413203_073f3247-c77c-4c3f-a30a-07d784e5467e.jpg,https://cdn.shopify.com/s/files/1/2337/7003/files/cropped_image-172686503860979_24a12fb4-ab99-4db1-8574-0af35d74b09c.jpg?v=1752041201 | https://cdn.shopify.com/s/files/1/2337/7003/files/cropped_image-172686503860979_24a12fb4-ab99-4db1-8574-0af35d74b09c.jpg | https://cdn.shopify.com/s/files/1/2337/7003/files/cropped_image-172686591076898_1410b8fd-662b-44a6-8c87-7b6589bf4263.jpg | https://cdn.shopify.com/s/files/1/2337/7003/files/cropped_image-172686503981001_72041ef2-16c0-4f2e-97e2-2f31003089c8.jpg | https://cdn.shopify.com/s/files/1/2337/7003/files/cropped_image-172686504047310_ea03d0e2-8df8-4e9d-8432-c589a81ffd0b.jpg | https://cdn.shopify.com/s/files/1/2337/7003/files/cropped_image-172686504130276_4dbed972-a6e0-49d2-b023-dd04277ef1db.jpg | https://cdn.shopify.com/s/files/1/2337/7003/files/cropped_image-172686504321087_48eddbb4-2c1f-4651-b78a-874b10336ab5.jpg | https://cdn.shopify.com/s/files/1/2337/7003/files/cropped_image-172686504037213_de26312b-08d9-43dd-9b25-ec54f352056c.jpg | https://cdn.shopify.com/s/files/1/2337/7003/files/cropped_image-172686504413464_3edb4860-1c4c-4c7b-b5d6-a483287e2759.jpg | https://cdn.shopify.com/s/files/1/2337/7003/files/cropped_image-172686504413203_073f3247-c77c-4c3f-a30a-07d784e5467e.jpg,Pure Chiffon & Silk,"Handcrafted Zardozi, Tilla & Fine Resham","3-Piece (Shirt, Trouser, Dupatta)",ReadyToShip,Stitched,FALSE,FALSE,FALSE,"Exquisite handcrafted Festive Sharara ensemble from Haseens Official. Masterfully tailored with generational Pakistani artistry, premium pure fabrics, and delicate celebratory motifs."
has-184,Nozhat,All Products,Sharara,Celebratory Sangeet Sharara,Festive Sharara,15360,,https://cdn.shopify.com/s/files/1/2337/7003/files/media_image-2b29eef13cae40d9902def626f90b74a_d5888d40-3557-488f-b5ad-2c7cdbfa8c11.jpg?v=1759404180,https://cdn.shopify.com/s/files/1/2337/7003/files/media_image-2b29eef13cae40d9902def626f90b74a_d5888d40-3557-488f-b5ad-2c7cdbfa8c11.jpg,https://cdn.shopify.com/s/files/1/2337/7003/files/media_image-356c3c8bf4dd483faf1d058ae8fe53aa_e1c8db8c-9a64-415d-a051-d6dc86ad8123.jpg,https://cdn.shopify.com/s/files/1/2337/7003/files/media_image-c97d14588c4148b6b5807e548bb0dce3_406cf958-6a5d-4628-91b3-6495f6d0611d.jpg,https://cdn.shopify.com/s/files/1/2337/7003/files/media_image-50de919b8941432686ea7fcb3aec8c6e_4fab3e80-999c-4de4-bf7b-379b4382449d.jpg | https://cdn.shopify.com/s/files/1/2337/7003/files/media_image-f6f0fed516754dae8f94908732f59b62_52332ab6-e932-4aee-88a0-f076693058d0.jpg | https://cdn.shopify.com/s/files/1/2337/7003/files/media_image-5e5aff7196a94c1d89aa842d923f2c2c_0d78e555-a22e-4e17-83e9-99df34a1a7a8.jpg | https://cdn.shopify.com/s/files/1/2337/7003/files/media_image-982cb596a05641bf94a5f14c8eaf803d_bed5ccd4-0e28-4e48-bb95-78d590e5edba.jpg | https://cdn.shopify.com/s/files/1/2337/7003/files/media_image-0b2eb29d5cc24e95aa8e73a054219549_3415c0f6-ce1d-4ee8-8f6f-9c30724858b1.jpg | https://cdn.shopify.com/s/files/1/2337/7003/files/media_image-62ebf9f3b0ed40e48b5dc07a43ae7cb6_34354cc6-963f-4066-81dc-d3783b3b47b6.jpg | https://cdn.shopify.com/s/files/1/2337/7003/files/media_image-95d1c488dfa24ccdba048599d00b0bcc_4a089d2c-a054-48ab-8a95-bf251f7a6125.jpg,https://cdn.shopify.com/s/files/1/2337/7003/files/media_image-2b29eef13cae40d9902def626f90b74a_d5888d40-3557-488f-b5ad-2c7cdbfa8c11.jpg?v=1759404180 | https://cdn.shopify.com/s/files/1/2337/7003/files/media_image-2b29eef13cae40d9902def626f90b74a_d5888d40-3557-488f-b5ad-2c7cdbfa8c11.jpg | https://cdn.shopify.com/s/files/1/2337/7003/files/media_image-356c3c8bf4dd483faf1d058ae8fe53aa_e1c8db8c-9a64-415d-a051-d6dc86ad8123.jpg | https://cdn.shopify.com/s/files/1/2337/7003/files/media_image-c97d14588c4148b6b5807e548bb0dce3_406cf958-6a5d-4628-91b3-6495f6d0611d.jpg | https://cdn.shopify.com/s/files/1/2337/7003/files/media_image-50de919b8941432686ea7fcb3aec8c6e_4fab3e80-999c-4de4-bf7b-379b4382449d.jpg | https://cdn.shopify.com/s/files/1/2337/7003/files/media_image-f6f0fed516754dae8f94908732f59b62_52332ab6-e932-4aee-88a0-f076693058d0.jpg | https://cdn.shopify.com/s/files/1/2337/7003/files/media_image-5e5aff7196a94c1d89aa842d923f2c2c_0d78e555-a22e-4e17-83e9-99df34a1a7a8.jpg | https://cdn.shopify.com/s/files/1/2337/7003/files/media_image-982cb596a05641bf94a5f14c8eaf803d_bed5ccd4-0e28-4e48-bb95-78d590e5edba.jpg | https://cdn.shopify.com/s/files/1/2337/7003/files/media_image-0b2eb29d5cc24e95aa8e73a054219549_3415c0f6-ce1d-4ee8-8f6f-9c30724858b1.jpg | https://cdn.shopify.com/s/files/1/2337/7003/files/media_image-62ebf9f3b0ed40e48b5dc07a43ae7cb6_34354cc6-963f-4066-81dc-d3783b3b47b6.jpg | https://cdn.shopify.com/s/files/1/2337/7003/files/media_image-95d1c488dfa24ccdba048599d00b0bcc_4a089d2c-a054-48ab-8a95-bf251f7a6125.jpg,Pure Chiffon & Silk,"Handcrafted Zardozi, Tilla & Fine Resham","3-Piece (Shirt, Trouser, Dupatta)",ReadyToShip,Stitched,FALSE,FALSE,TRUE,"Exquisite handcrafted Festive Sharara ensemble from Haseens Official. Masterfully tailored with generational Pakistani artistry, premium pure fabrics, and delicate celebratory motifs."
has-185,Salwa,All Products,Sharara,Celebratory Sangeet Sharara,Festive Sharara,21800,,https://cdn.shopify.com/s/files/1/2337/7003/files/20260929154651-d550fed94eae4b3f-media_image.jpg,https://cdn.shopify.com/s/files/1/2337/7003/files/20260929154626-0380b5faa2004782-media_image.jpg,https://cdn.shopify.com/s/files/1/2337/7003/files/20260929154600-421f238572a44fb4-media_image.jpg,https://cdn.shopify.com/s/files/1/2337/7003/files/20260929154603-5f4d2c595b434c8b-media_image.jpg,https://cdn.shopify.com/s/files/1/2337/7003/files/20260929154541-57f3000383824bbb-media_image.jpg | https://cdn.shopify.com/s/files/1/2337/7003/files/20260929154628-29d664db94dd4d7e-media_image.jpg | https://cdn.shopify.com/s/files/1/2337/7003/files/20260929154651-1f8d284fc2d444ed-media_image.jpg | https://cdn.shopify.com/s/files/1/2337/7003/files/20260929154628-4a6b69e1b20d4a0e-media_image.jpg | https://cdn.shopify.com/s/files/1/2337/7003/files/20260929154630-e711e487b5e44a12-media_image.jpg | https://cdn.shopify.com/s/files/1/2337/7003/files/20260929154651-34183d97f73e4331-media_image.jpg,https://cdn.shopify.com/s/files/1/2337/7003/files/20260929154651-d550fed94eae4b3f-media_image.jpg | https://cdn.shopify.com/s/files/1/2337/7003/files/20260929154626-0380b5faa2004782-media_image.jpg | https://cdn.shopify.com/s/files/1/2337/7003/files/20260929154600-421f238572a44fb4-media_image.jpg | https://cdn.shopify.com/s/files/1/2337/7003/files/20260929154603-5f4d2c595b434c8b-media_image.jpg | https://cdn.shopify.com/s/files/1/2337/7003/files/20260929154541-57f3000383824bbb-media_image.jpg | https://cdn.shopify.com/s/files/1/2337/7003/files/20260929154628-29d664db94dd4d7e-media_image.jpg | https://cdn.shopify.com/s/files/1/2337/7003/files/20260929154651-1f8d284fc2d444ed-media_image.jpg | https://cdn.shopify.com/s/files/1/2337/7003/files/20260929154628-4a6b69e1b20d4a0e-media_image.jpg | https://cdn.shopify.com/s/files/1/2337/7003/files/20260929154630-e711e487b5e44a12-media_image.jpg | https://cdn.shopify.com/s/files/1/2337/7003/files/20260929154651-34183d97f73e4331-media_image.jpg,Pure Chiffon & Silk,"Handcrafted Zardozi, Tilla & Fine Resham","3-Piece (Shirt, Trouser, Dupatta)",5 to 7 Weeks,Stitched,FALSE,TRUE,FALSE,"Exquisite handcrafted Festive Sharara ensemble from Haseens Official. Masterfully tailored with generational Pakistani artistry, premium pure fabrics, and delicate celebratory motifs."
has-186,Madhubala,All Products,Sharara,Celebratory Sangeet Sharara,Festive Sharara,12900,,https://cdn.shopify.com/s/files/1/2337/7003/files/media_image-07acc50bd36e4e1e8f6e43cc43c54f12_b6191a89-aab8-462b-8117-f92d6fda335a.jpg?v=1752473107,https://cdn.shopify.com/s/files/1/2337/7003/files/media_image-07acc50bd36e4e1e8f6e43cc43c54f12_b6191a89-aab8-462b-8117-f92d6fda335a.jpg,https://cdn.shopify.com/s/files/1/2337/7003/files/media_image-abc6ee5c700e41b19bfa0c987498be06_71c9b88d-8aa3-4b90-93aa-7baaf3b580bf.jpg,https://cdn.shopify.com/s/files/1/2337/7003/files/media_image-8fac0efcfb0349229e498ee9462b661d_9913263a-ce9e-4f26-b2cb-5d98dcfea97f.jpg,https://cdn.shopify.com/s/files/1/2337/7003/files/media_image-9a6d6be2014547e68364b2004c746677_1fa78d05-1132-404c-87ac-f41542a7cef8.jpg | https://cdn.shopify.com/s/files/1/2337/7003/files/media_image-184f90440845483a863e290462975eb3_7f2a45e2-0cc5-4ef5-ba43-90da12add1c8.jpg | https://cdn.shopify.com/s/files/1/2337/7003/files/media_image-a826749b35444f23a81c5979ae8695ae_10fb2ecf-a5ff-4b0f-bcb5-4fc12536cb4a.jpg | https://cdn.shopify.com/s/files/1/2337/7003/files/media_image-9f3c592d8bb9490da8840ab6fe53c868_e11dabf7-6871-4624-b3b3-b4355a137990.jpg | https://cdn.shopify.com/s/files/1/2337/7003/files/media_image-bfe907df4f5a49b3b04827c7ed6d4f80_5a984de9-bfa9-42a8-90d2-29f7ca4f3ebf.jpg | https://cdn.shopify.com/s/files/1/2337/7003/files/media_image-16ac1d82ac784b578a4039087ac0a69d_77b31056-72b9-44c1-8ca7-17495f45629e.jpg | https://cdn.shopify.com/s/files/1/2337/7003/files/media_image-9c884a8ad99e40c2bcc2207f12e7cda5_37753ed2-d8be-4d61-8fa3-3eb9107edbee.jpg,https://cdn.shopify.com/s/files/1/2337/7003/files/media_image-07acc50bd36e4e1e8f6e43cc43c54f12_b6191a89-aab8-462b-8117-f92d6fda335a.jpg?v=1752473107 | https://cdn.shopify.com/s/files/1/2337/7003/files/media_image-07acc50bd36e4e1e8f6e43cc43c54f12_b6191a89-aab8-462b-8117-f92d6fda335a.jpg | https://cdn.shopify.com/s/files/1/2337/7003/files/media_image-abc6ee5c700e41b19bfa0c987498be06_71c9b88d-8aa3-4b90-93aa-7baaf3b580bf.jpg | https://cdn.shopify.com/s/files/1/2337/7003/files/media_image-8fac0efcfb0349229e498ee9462b661d_9913263a-ce9e-4f26-b2cb-5d98dcfea97f.jpg | https://cdn.shopify.com/s/files/1/2337/7003/files/media_image-9a6d6be2014547e68364b2004c746677_1fa78d05-1132-404c-87ac-f41542a7cef8.jpg | https://cdn.shopify.com/s/files/1/2337/7003/files/media_image-184f90440845483a863e290462975eb3_7f2a45e2-0cc5-4ef5-ba43-90da12add1c8.jpg | https://cdn.shopify.com/s/files/1/2337/7003/files/media_image-a826749b35444f23a81c5979ae8695ae_10fb2ecf-a5ff-4b0f-bcb5-4fc12536cb4a.jpg | https://cdn.shopify.com/s/files/1/2337/7003/files/media_image-9f3c592d8bb9490da8840ab6fe53c868_e11dabf7-6871-4624-b3b3-b4355a137990.jpg | https://cdn.shopify.com/s/files/1/2337/7003/files/media_image-bfe907df4f5a49b3b04827c7ed6d4f80_5a984de9-bfa9-42a8-90d2-29f7ca4f3ebf.jpg | https://cdn.shopify.com/s/files/1/2337/7003/files/media_image-16ac1d82ac784b578a4039087ac0a69d_77b31056-72b9-44c1-8ca7-17495f45629e.jpg | https://cdn.shopify.com/s/files/1/2337/7003/files/media_image-9c884a8ad99e40c2bcc2207f12e7cda5_37753ed2-d8be-4d61-8fa3-3eb9107edbee.jpg,Pure Chiffon & Silk,"Handcrafted Zardozi, Tilla & Fine Resham","3-Piece (Shirt, Trouser, Dupatta)",ReadyToShip,Stitched,TRUE,FALSE,FALSE,"Exquisite handcrafted Festive Sharara ensemble from Haseens Official. Masterfully tailored with generational Pakistani artistry, premium pure fabrics, and delicate celebratory motifs."
has-187,Anamta,All Products,Sharara,Celebratory Sangeet Sharara,Festive Sharara,19440,,https://cdn.shopify.com/s/files/1/2337/7003/files/20260203114354-2395bdc35d504b03-media_image-f04ad3b1920b435abd452ea6137c2f09.jpg,https://cdn.shopify.com/s/files/1/2337/7003/files/20260203114353-58fbebd5566647d4-media_image-7735a4862b994d1fb70dbfba531d7880.jpg,https://cdn.shopify.com/s/files/1/2337/7003/files/20260203114356-45d5dcb2cceb46ce-media_image-948a77ed9d5647fc8379348c9a60aa46.jpg,https://cdn.shopify.com/s/files/1/2337/7003/files/20260203114354-c689c02fd0594972-media_image-2feb81e835b54321a5da76b36c2d510d.jpg,https://cdn.shopify.com/s/files/1/2337/7003/files/20260203114355-7f6945f7eeed43fd-media_image-3f9e6b6b42634f4fa30ac6bc07a2c389.jpg | https://cdn.shopify.com/s/files/1/2337/7003/files/20260203114353-e947059f91ec4925-media_image-7651805430fd443299651b0732f8042c.jpg | https://cdn.shopify.com/s/files/1/2337/7003/files/20260203114352-5c9230820d0a4f46-media_image-932ca6022d7344c2a937cf6b962d3e33.jpg | https://cdn.shopify.com/s/files/1/2337/7003/files/20260203114353-9cdb0cd760ce4ca8-media_image-f01157d5c77b4102a5a90ddc765eda19.jpg | https://cdn.shopify.com/s/files/1/2337/7003/files/20260203114352-d7933606a2f54300-media_image-82704de5f9d64bdb9ac0d578deb0e940.jpg,https://cdn.shopify.com/s/files/1/2337/7003/files/20260203114354-2395bdc35d504b03-media_image-f04ad3b1920b435abd452ea6137c2f09.jpg | https://cdn.shopify.com/s/files/1/2337/7003/files/20260203114353-58fbebd5566647d4-media_image-7735a4862b994d1fb70dbfba531d7880.jpg | https://cdn.shopify.com/s/files/1/2337/7003/files/20260203114356-45d5dcb2cceb46ce-media_image-948a77ed9d5647fc8379348c9a60aa46.jpg | https://cdn.shopify.com/s/files/1/2337/7003/files/20260203114354-c689c02fd0594972-media_image-2feb81e835b54321a5da76b36c2d510d.jpg | https://cdn.shopify.com/s/files/1/2337/7003/files/20260203114355-7f6945f7eeed43fd-media_image-3f9e6b6b42634f4fa30ac6bc07a2c389.jpg | https://cdn.shopify.com/s/files/1/2337/7003/files/20260203114353-e947059f91ec4925-media_image-7651805430fd443299651b0732f8042c.jpg | https://cdn.shopify.com/s/files/1/2337/7003/files/20260203114352-5c9230820d0a4f46-media_image-932ca6022d7344c2a937cf6b962d3e33.jpg | https://cdn.shopify.com/s/files/1/2337/7003/files/20260203114353-9cdb0cd760ce4ca8-media_image-f01157d5c77b4102a5a90ddc765eda19.jpg | https://cdn.shopify.com/s/files/1/2337/7003/files/20260203114352-d7933606a2f54300-media_image-82704de5f9d64bdb9ac0d578deb0e940.jpg,Pure Chiffon & Silk,"Handcrafted Zardozi, Tilla & Fine Resham","3-Piece (Shirt, Trouser, Dupatta)",ReadyToShip,Stitched,FALSE,FALSE,TRUE,"Exquisite handcrafted Festive Sharara ensemble from Haseens Official. Masterfully tailored with generational Pakistani artistry, premium pure fabrics, and delicate celebratory motifs."
has-188,Ambarah 2,All Products,Sharara,Celebratory Sangeet Sharara,Festive Sharara,14448,,https://cdn.shopify.com/s/files/1/2337/7003/files/20260203115045-f48d84839b4647ac-media_image-86b3ee1f8387414ba4a4fcb4ce050dfa.jpg,https://cdn.shopify.com/s/files/1/2337/7003/files/20260203115046-4b78277a01054360-media_image-49541fe3cd42447c8b03018f5dca94cc.jpg,https://cdn.shopify.com/s/files/1/2337/7003/files/20260203115047-0b488a353b9c4291-media_image-acf73651b930482e9b7b7f1524a2fced.jpg,https://cdn.shopify.com/s/files/1/2337/7003/files/20260203115045-d06d6df02b894d41-media_image-1d46e110e1214b4da9c04c2b24dd5215.jpg,https://cdn.shopify.com/s/files/1/2337/7003/files/20260203115045-24376dfe305a4008-media_image-2be56fc300d04290ac6adb9b0d7502ff.jpg | https://cdn.shopify.com/s/files/1/2337/7003/files/20260203115046-80dba77358724186-media_image-a814ed12be314197a74955665e11ec5e.jpg | https://cdn.shopify.com/s/files/1/2337/7003/files/20260203115048-c961b31198dd4aff-media_image-633cd9b3f93541949bef71b2770bc527.jpg,https://cdn.shopify.com/s/files/1/2337/7003/files/20260203115045-f48d84839b4647ac-media_image-86b3ee1f8387414ba4a4fcb4ce050dfa.jpg | https://cdn.shopify.com/s/files/1/2337/7003/files/20260203115046-4b78277a01054360-media_image-49541fe3cd42447c8b03018f5dca94cc.jpg | https://cdn.shopify.com/s/files/1/2337/7003/files/20260203115047-0b488a353b9c4291-media_image-acf73651b930482e9b7b7f1524a2fced.jpg | https://cdn.shopify.com/s/files/1/2337/7003/files/20260203115045-d06d6df02b894d41-media_image-1d46e110e1214b4da9c04c2b24dd5215.jpg | https://cdn.shopify.com/s/files/1/2337/7003/files/20260203115045-24376dfe305a4008-media_image-2be56fc300d04290ac6adb9b0d7502ff.jpg | https://cdn.shopify.com/s/files/1/2337/7003/files/20260203115046-80dba77358724186-media_image-a814ed12be314197a74955665e11ec5e.jpg | https://cdn.shopify.com/s/files/1/2337/7003/files/20260203115048-c961b31198dd4aff-media_image-633cd9b3f93541949bef71b2770bc527.jpg,Pure Chiffon & Silk,"Handcrafted Zardozi, Tilla & Fine Resham","3-Piece (Shirt, Trouser, Dupatta)",0 to 2 Weeks,Stitched,FALSE,FALSE,FALSE,"Exquisite handcrafted Festive Sharara ensemble from Haseens Official. Masterfully tailored with generational Pakistani artistry, premium pure fabrics, and delicate celebratory motifs."
has-189,Shafaq,All Products,Sharara,Celebratory Sangeet Sharara,Festive Sharara,130000,,https://cdn.shopify.com/s/files/1/2337/7003/files/cropped_image-173710414902126_3afe8451-44a0-4103-afa7-d53df53ef5be.jpg?v=1752662702,https://cdn.shopify.com/s/files/1/2337/7003/files/cropped_image-173710414902126_3afe8451-44a0-4103-afa7-d53df53ef5be.jpg,https://cdn.shopify.com/s/files/1/2337/7003/files/cropped_image-173710414924451_c1b89363-6c2c-4318-a93c-fffbc8bd29ce.jpg,https://cdn.shopify.com/s/files/1/2337/7003/files/cropped_image-173710414815181_c3409887-3b39-4efd-a7ed-ec899648d9c9.jpg,https://cdn.shopify.com/s/files/1/2337/7003/files/cropped_image-173710414986111_4b0a8c97-d4df-4ecd-9a6e-7533969c7817.jpg | https://cdn.shopify.com/s/files/1/2337/7003/files/cropped_image-173710414673314_a0fe81a8-3846-4908-a7b5-23b4b2a5e98d.jpg | https://cdn.shopify.com/s/files/1/2337/7003/files/cropped_image-173710414591169_255dce09-164a-477a-b16a-6f70aef80866.jpg | https://cdn.shopify.com/s/files/1/2337/7003/files/cropped_image-173710414966027_c6e469f0-1c8d-4d39-b47a-d7dc24b98239.jpg | https://cdn.shopify.com/s/files/1/2337/7003/files/cropped_image-173710414952823_bc263355-70cc-4c6f-95b3-06313e67b6db.jpg,https://cdn.shopify.com/s/files/1/2337/7003/files/cropped_image-173710414902126_3afe8451-44a0-4103-afa7-d53df53ef5be.jpg?v=1752662702 | https://cdn.shopify.com/s/files/1/2337/7003/files/cropped_image-173710414902126_3afe8451-44a0-4103-afa7-d53df53ef5be.jpg | https://cdn.shopify.com/s/files/1/2337/7003/files/cropped_image-173710414924451_c1b89363-6c2c-4318-a93c-fffbc8bd29ce.jpg | https://cdn.shopify.com/s/files/1/2337/7003/files/cropped_image-173710414815181_c3409887-3b39-4efd-a7ed-ec899648d9c9.jpg | https://cdn.shopify.com/s/files/1/2337/7003/files/cropped_image-173710414986111_4b0a8c97-d4df-4ecd-9a6e-7533969c7817.jpg | https://cdn.shopify.com/s/files/1/2337/7003/files/cropped_image-173710414673314_a0fe81a8-3846-4908-a7b5-23b4b2a5e98d.jpg | https://cdn.shopify.com/s/files/1/2337/7003/files/cropped_image-173710414591169_255dce09-164a-477a-b16a-6f70aef80866.jpg | https://cdn.shopify.com/s/files/1/2337/7003/files/cropped_image-173710414966027_c6e469f0-1c8d-4d39-b47a-d7dc24b98239.jpg | https://cdn.shopify.com/s/files/1/2337/7003/files/cropped_image-173710414952823_bc263355-70cc-4c6f-95b3-06313e67b6db.jpg,Pure Chiffon & Silk,"Handcrafted Zardozi, Tilla & Fine Resham","3-Piece (Shirt, Trouser, Dupatta)",More than 6 weeks,Stitched,FALSE,TRUE,FALSE,"Exquisite handcrafted Festive Sharara ensemble from Haseens Official. Masterfully tailored with generational Pakistani artistry, premium pure fabrics, and delicate celebratory motifs."
has-190,Naaz,All Products,Sharara,Celebratory Sangeet Sharara,Festive Sharara,27000,,https://cdn.shopify.com/s/files/1/2337/7003/files/4398c7e4a0c3af4c77c8466d422624d1.jpg?v=1756123625,https://cdn.shopify.com/s/files/1/2337/7003/files/4398c7e4a0c3af4c77c8466d422624d1.jpg,https://cdn.shopify.com/s/files/1/2337/7003/files/b74e8f1aa6749bcd8880decc535a0be3.jpg,https://cdn.shopify.com/s/files/1/2337/7003/files/cf79c23350cc334f73d73b2b8251f717.jpg,https://cdn.shopify.com/s/files/1/2337/7003/files/80d452452560052ab1c350555372edf5.jpg | https://cdn.shopify.com/s/files/1/2337/7003/files/8e1a098f7f966b8de27e91f8336f7ded.jpg,https://cdn.shopify.com/s/files/1/2337/7003/files/4398c7e4a0c3af4c77c8466d422624d1.jpg?v=1756123625 | https://cdn.shopify.com/s/files/1/2337/7003/files/4398c7e4a0c3af4c77c8466d422624d1.jpg | https://cdn.shopify.com/s/files/1/2337/7003/files/b74e8f1aa6749bcd8880decc535a0be3.jpg | https://cdn.shopify.com/s/files/1/2337/7003/files/cf79c23350cc334f73d73b2b8251f717.jpg | https://cdn.shopify.com/s/files/1/2337/7003/files/80d452452560052ab1c350555372edf5.jpg | https://cdn.shopify.com/s/files/1/2337/7003/files/8e1a098f7f966b8de27e91f8336f7ded.jpg,Pure Chiffon & Silk,"Handcrafted Zardozi, Tilla & Fine Resham","3-Piece (Shirt, Trouser, Dupatta)",4 to 6 Weeks,Stitched,FALSE,FALSE,TRUE,"Exquisite handcrafted Festive Sharara ensemble from Haseens Official. Masterfully tailored with generational Pakistani artistry, premium pure fabrics, and delicate celebratory motifs."
has-191,Madiha,All Products,Sharara,Celebratory Sangeet Sharara,Festive Sharara,17500,,https://cdn.shopify.com/s/files/1/2337/7003/files/cropped_image-173772062651102_75a812fa-a33d-41c0-b9b4-bd5d85ca1971.jpg?v=1737722079,https://cdn.shopify.com/s/files/1/2337/7003/files/cropped_image-173772062651102_75a812fa-a33d-41c0-b9b4-bd5d85ca1971.jpg,https://cdn.shopify.com/s/files/1/2337/7003/files/cropped_image-173772062646218_cae6c44a-4ca7-41bc-874b-1574a0b0c0eb.jpg,https://cdn.shopify.com/s/files/1/2337/7003/files/cropped_image-173772062649360_6ad81f92-2721-482c-bf40-b2b23a6e3002.jpg,https://cdn.shopify.com/s/files/1/2337/7003/files/cropped_image-173772062658660_e9771eb1-2389-494c-898e-70f19414461f.jpg | https://cdn.shopify.com/s/files/1/2337/7003/files/cropped_image-173772062723832_14eedab4-ff92-4f74-a4ff-35abe57f29cb.jpg | https://cdn.shopify.com/s/files/1/2337/7003/files/cropped_image-173772062659060_2492a8b3-5762-46d0-8fec-ee26d70a564c.jpg,https://cdn.shopify.com/s/files/1/2337/7003/files/cropped_image-173772062651102_75a812fa-a33d-41c0-b9b4-bd5d85ca1971.jpg?v=1737722079 | https://cdn.shopify.com/s/files/1/2337/7003/files/cropped_image-173772062651102_75a812fa-a33d-41c0-b9b4-bd5d85ca1971.jpg | https://cdn.shopify.com/s/files/1/2337/7003/files/cropped_image-173772062646218_cae6c44a-4ca7-41bc-874b-1574a0b0c0eb.jpg | https://cdn.shopify.com/s/files/1/2337/7003/files/cropped_image-173772062649360_6ad81f92-2721-482c-bf40-b2b23a6e3002.jpg | https://cdn.shopify.com/s/files/1/2337/7003/files/cropped_image-173772062658660_e9771eb1-2389-494c-898e-70f19414461f.jpg | https://cdn.shopify.com/s/files/1/2337/7003/files/cropped_image-173772062723832_14eedab4-ff92-4f74-a4ff-35abe57f29cb.jpg | https://cdn.shopify.com/s/files/1/2337/7003/files/cropped_image-173772062659060_2492a8b3-5762-46d0-8fec-ee26d70a564c.jpg,Pure Chiffon & Silk,"Handcrafted Zardozi, Tilla & Fine Resham","3-Piece (Shirt, Trouser, Dupatta)",4 to 6 Weeks,Stitched,TRUE,FALSE,FALSE,"Exquisite handcrafted Festive Sharara ensemble from Haseens Official. Masterfully tailored with generational Pakistani artistry, premium pure fabrics, and delicate celebratory motifs."
has-192,Amarah,All Products,Sharara,Celebratory Sangeet Sharara,Festive Sharara,18200,,https://cdn.shopify.com/s/files/1/2337/7003/files/DSC08362-174653350406480_75ea30ae-d061-4022-8ccf-abf2e714cee1.jpg?v=1746596110,https://cdn.shopify.com/s/files/1/2337/7003/files/DSC08362-174653350406480_75ea30ae-d061-4022-8ccf-abf2e714cee1.jpg,https://cdn.shopify.com/s/files/1/2337/7003/files/DSC08388-174653350486531_44c94e00-dbbd-4d58-a936-ba7d76904bcd.jpg,https://cdn.shopify.com/s/files/1/2337/7003/files/DSC08384-174653350411979_17224e17-7a10-473b-9751-b427abe5a2c5.jpg,https://cdn.shopify.com/s/files/1/2337/7003/files/DSC08378-174653350407049_59ddb26f-1b6b-4431-8086-a3a1f8c5e0b5.jpg | https://cdn.shopify.com/s/files/1/2337/7003/files/DSC08393-174653350451281_b7b0b7dc-2c8f-4382-b34a-0bae152fccd5.jpg | https://cdn.shopify.com/s/files/1/2337/7003/files/DSC08401-174653350459440_7513de2a-df89-4303-b5d5-c7d43d83d044.jpg | https://cdn.shopify.com/s/files/1/2337/7003/files/DSC08403-174653350542961_806f36cb-3eb6-4fed-b8c0-1115dcb46502.jpg | https://cdn.shopify.com/s/files/1/2337/7003/files/DSC08405-174653350526126_e5e45527-7786-4d67-90a6-66feeadd2042.jpg,https://cdn.shopify.com/s/files/1/2337/7003/files/DSC08362-174653350406480_75ea30ae-d061-4022-8ccf-abf2e714cee1.jpg?v=1746596110 | https://cdn.shopify.com/s/files/1/2337/7003/files/DSC08362-174653350406480_75ea30ae-d061-4022-8ccf-abf2e714cee1.jpg | https://cdn.shopify.com/s/files/1/2337/7003/files/DSC08388-174653350486531_44c94e00-dbbd-4d58-a936-ba7d76904bcd.jpg | https://cdn.shopify.com/s/files/1/2337/7003/files/DSC08384-174653350411979_17224e17-7a10-473b-9751-b427abe5a2c5.jpg | https://cdn.shopify.com/s/files/1/2337/7003/files/DSC08378-174653350407049_59ddb26f-1b6b-4431-8086-a3a1f8c5e0b5.jpg | https://cdn.shopify.com/s/files/1/2337/7003/files/DSC08393-174653350451281_b7b0b7dc-2c8f-4382-b34a-0bae152fccd5.jpg | https://cdn.shopify.com/s/files/1/2337/7003/files/DSC08401-174653350459440_7513de2a-df89-4303-b5d5-c7d43d83d044.jpg | https://cdn.shopify.com/s/files/1/2337/7003/files/DSC08403-174653350542961_806f36cb-3eb6-4fed-b8c0-1115dcb46502.jpg | https://cdn.shopify.com/s/files/1/2337/7003/files/DSC08405-174653350526126_e5e45527-7786-4d67-90a6-66feeadd2042.jpg,Pure Chiffon & Silk,"Handcrafted Zardozi, Tilla & Fine Resham","3-Piece (Shirt, Trouser, Dupatta)",4 to 6 Weeks,Stitched,FALSE,FALSE,FALSE,"Exquisite handcrafted Festive Sharara ensemble from Haseens Official. Masterfully tailored with generational Pakistani artistry, premium pure fabrics, and delicate celebratory motifs."
has-193,Momal,All Products,Sharara,Celebratory Sangeet Sharara,Festive Sharara,23500,,https://cdn.shopify.com/s/files/1/2337/7003/files/media_image-3cc820463fb446d6bce5e346ce882529_ddd78473-ace7-4e34-8108-3e4a903a0b17.jpg?v=1749795062,https://cdn.shopify.com/s/files/1/2337/7003/files/media_image-3cc820463fb446d6bce5e346ce882529_ddd78473-ace7-4e34-8108-3e4a903a0b17.jpg,https://cdn.shopify.com/s/files/1/2337/7003/files/media_image-33e71a1f67f1401383e32cff0a0a9a81_8c95387b-af94-423b-af45-23938b72b1fd.jpg,https://cdn.shopify.com/s/files/1/2337/7003/files/media_image-cacbdbfd2c5943d995e335e270c20c1e_131c2e52-8822-41f0-8997-05e2cc18e423.jpg,https://cdn.shopify.com/s/files/1/2337/7003/files/media_image-e3328b541f6c4605a02e7823bfe7d805_10d34ec9-1fd6-45f6-8964-839bbc505908.jpg | https://cdn.shopify.com/s/files/1/2337/7003/files/media_image-af49914c762243f28bd3cbf6b819ed8b_bc989574-2341-4318-acc3-0d5562cb54d3.jpg | https://cdn.shopify.com/s/files/1/2337/7003/files/media_image-db6a20c1f0f1435b82be4e32e386c7b2_98eb8d62-747a-4e81-b4e5-e51efc61983d.jpg,https://cdn.shopify.com/s/files/1/2337/7003/files/media_image-3cc820463fb446d6bce5e346ce882529_ddd78473-ace7-4e34-8108-3e4a903a0b17.jpg?v=1749795062 | https://cdn.shopify.com/s/files/1/2337/7003/files/media_image-3cc820463fb446d6bce5e346ce882529_ddd78473-ace7-4e34-8108-3e4a903a0b17.jpg | https://cdn.shopify.com/s/files/1/2337/7003/files/media_image-33e71a1f67f1401383e32cff0a0a9a81_8c95387b-af94-423b-af45-23938b72b1fd.jpg | https://cdn.shopify.com/s/files/1/2337/7003/files/media_image-cacbdbfd2c5943d995e335e270c20c1e_131c2e52-8822-41f0-8997-05e2cc18e423.jpg | https://cdn.shopify.com/s/files/1/2337/7003/files/media_image-e3328b541f6c4605a02e7823bfe7d805_10d34ec9-1fd6-45f6-8964-839bbc505908.jpg | https://cdn.shopify.com/s/files/1/2337/7003/files/media_image-af49914c762243f28bd3cbf6b819ed8b_bc989574-2341-4318-acc3-0d5562cb54d3.jpg | https://cdn.shopify.com/s/files/1/2337/7003/files/media_image-db6a20c1f0f1435b82be4e32e386c7b2_98eb8d62-747a-4e81-b4e5-e51efc61983d.jpg,Pure Chiffon & Silk,"Handcrafted Zardozi, Tilla & Fine Resham","3-Piece (Shirt, Trouser, Dupatta)",4 to 6 Weeks,Stitched,FALSE,TRUE,TRUE,"Exquisite handcrafted Festive Sharara ensemble from Haseens Official. Masterfully tailored with generational Pakistani artistry, premium pure fabrics, and delicate celebratory motifs."
has-194,Madhuri,All Products,Gown,Contemporary Haute Couture Gown,Contemporary Couture Gown,14040,,https://cdn.shopify.com/s/files/1/2337/7003/products/7e279fc0d4cbd037e84c28158771db8d.jpg?v=1707974676,https://cdn.shopify.com/s/files/1/2337/7003/products/7e279fc0d4cbd037e84c28158771db8d.jpg,https://cdn.shopify.com/s/files/1/2337/7003/products/fefd4160a8f875934024898ce0b52982.jpg,https://cdn.shopify.com/s/files/1/2337/7003/products/927a99e868ceecab28383fc2fe5f9bf6.jpg,https://cdn.shopify.com/s/files/1/2337/7003/products/07db7ae520c56fae4086d56340cd40dd.jpg | https://cdn.shopify.com/s/files/1/2337/7003/products/9dc211d04d058b8b6191cb9404805e60.jpg,https://cdn.shopify.com/s/files/1/2337/7003/products/7e279fc0d4cbd037e84c28158771db8d.jpg?v=1707974676 | https://cdn.shopify.com/s/files/1/2337/7003/products/7e279fc0d4cbd037e84c28158771db8d.jpg | https://cdn.shopify.com/s/files/1/2337/7003/products/fefd4160a8f875934024898ce0b52982.jpg | https://cdn.shopify.com/s/files/1/2337/7003/products/927a99e868ceecab28383fc2fe5f9bf6.jpg | https://cdn.shopify.com/s/files/1/2337/7003/products/07db7ae520c56fae4086d56340cd40dd.jpg | https://cdn.shopify.com/s/files/1/2337/7003/products/9dc211d04d058b8b6191cb9404805e60.jpg,Pure Chiffon & Silk,"Handcrafted Zardozi, Tilla & Fine Resham","3-Piece (Shirt, Trouser, Dupatta)",ReadyToShip,Stitched,FALSE,FALSE,FALSE,"Exquisite handcrafted Contemporary Couture Gown ensemble from Haseens Official. Masterfully tailored with generational Pakistani artistry, premium pure fabrics, and delicate celebratory motifs."
has-195,Meeral,All Products,Gown,Contemporary Haute Couture Gown,Contemporary Couture Gown,17600,,https://cdn.shopify.com/s/files/1/2337/7003/files/0010_1H8A6965_0851b933-8ef3-47fe-9d7c-9a18b1ef8814.jpg?v=1753767405,https://cdn.shopify.com/s/files/1/2337/7003/files/0010_1H8A6965_0851b933-8ef3-47fe-9d7c-9a18b1ef8814.jpg,https://cdn.shopify.com/s/files/1/2337/7003/files/0006_1H8A6984_5c846231-bac1-426e-a983-21c5223cb479.jpg,https://cdn.shopify.com/s/files/1/2337/7003/files/0008_1H8A6976_c7fb87fe-a0cb-440b-91d8-b2084f0d6f1f.jpg,https://cdn.shopify.com/s/files/1/2337/7003/files/0003_8eacc518-9ac8-41d0-b61d-29037d48f99e.jpg | https://cdn.shopify.com/s/files/1/2337/7003/files/0001_28e50ebb-8c8f-4f97-98c9-f2bfc3ce9df5.jpg | https://cdn.shopify.com/s/files/1/2337/7003/files/0002_e64577e9-5898-4af3-9a79-5fcf6cdf8972.jpg | https://cdn.shopify.com/s/files/1/2337/7003/files/0000_f26251af-1d2d-4a27-b194-58a464789b55.jpg | https://cdn.shopify.com/s/files/1/2337/7003/files/0050_Meeral1_1b48460c-ce80-4f2e-be91-c8fc30650822.jpg | https://cdn.shopify.com/s/files/1/2337/7003/files/0045_Meeral6_093340f1-212f-46d8-a049-0298a46016df.jpg | https://cdn.shopify.com/s/files/1/2337/7003/files/0047_Meeral4_74d86996-42de-4591-9620-ba9a474e90b5.jpg | https://cdn.shopify.com/s/files/1/2337/7003/files/0044_Meeral7_ebe8e45a-3eb7-4403-a33a-f6010327406d.jpg | https://cdn.shopify.com/s/files/1/2337/7003/files/0046_Meeral5_d312efa6-0263-4a75-86a6-52be1da03cd4.jpg | https://cdn.shopify.com/s/files/1/2337/7003/files/0048_Meeral3_ac18acb2-3fb0-4b27-9fb3-30e57b25ad55.jpg | https://cdn.shopify.com/s/files/1/2337/7003/files/0049_Meeral2_774f46b1-cddc-4329-9169-58ea9ad5e6aa.jpg | https://cdn.shopify.com/s/files/1/2337/7003/files/0004_fb8c469e-2a4c-4988-afbd-2f8b9f86baa8.jpg | https://cdn.shopify.com/s/files/1/2337/7003/files/0000_1H8A7032_5cad1ea8-a65b-4434-9f4e-6529c3906b9b.jpg | https://cdn.shopify.com/s/files/1/2337/7003/files/0001_1H8A7022_26ceca98-ae9e-4345-b53a-ed05bc2e180f.jpg | https://cdn.shopify.com/s/files/1/2337/7003/files/0002_1H8A7001_532519db-eb8a-4eee-92ce-5a26ef417a5d.jpg | https://cdn.shopify.com/s/files/1/2337/7003/files/0003_1H8A6992_dbad2481-23f1-46d4-a42a-e5e800d96d1c.jpg | https://cdn.shopify.com/s/files/1/2337/7003/files/0004_1H8A6990_1770cd69-aac4-47c7-a90d-efcb0e77eebc.jpg | https://cdn.shopify.com/s/files/1/2337/7003/files/0005_1H8A6986_3a6daaca-fd20-4f5f-8b61-502b4c2890b7.jpg | https://cdn.shopify.com/s/files/1/2337/7003/files/0007_1H8A6979_e9ae6372-02eb-43e6-b3e4-80ccc29a81a4.jpg | https://cdn.shopify.com/s/files/1/2337/7003/files/0009_1H8A6971_4b3e1e66-77ab-4631-9954-2e9a9353e6a3.jpg,https://cdn.shopify.com/s/files/1/2337/7003/files/0010_1H8A6965_0851b933-8ef3-47fe-9d7c-9a18b1ef8814.jpg?v=1753767405 | https://cdn.shopify.com/s/files/1/2337/7003/files/0010_1H8A6965_0851b933-8ef3-47fe-9d7c-9a18b1ef8814.jpg | https://cdn.shopify.com/s/files/1/2337/7003/files/0006_1H8A6984_5c846231-bac1-426e-a983-21c5223cb479.jpg | https://cdn.shopify.com/s/files/1/2337/7003/files/0008_1H8A6976_c7fb87fe-a0cb-440b-91d8-b2084f0d6f1f.jpg | https://cdn.shopify.com/s/files/1/2337/7003/files/0003_8eacc518-9ac8-41d0-b61d-29037d48f99e.jpg | https://cdn.shopify.com/s/files/1/2337/7003/files/0001_28e50ebb-8c8f-4f97-98c9-f2bfc3ce9df5.jpg | https://cdn.shopify.com/s/files/1/2337/7003/files/0002_e64577e9-5898-4af3-9a79-5fcf6cdf8972.jpg | https://cdn.shopify.com/s/files/1/2337/7003/files/0000_f26251af-1d2d-4a27-b194-58a464789b55.jpg | https://cdn.shopify.com/s/files/1/2337/7003/files/0050_Meeral1_1b48460c-ce80-4f2e-be91-c8fc30650822.jpg | https://cdn.shopify.com/s/files/1/2337/7003/files/0045_Meeral6_093340f1-212f-46d8-a049-0298a46016df.jpg | https://cdn.shopify.com/s/files/1/2337/7003/files/0047_Meeral4_74d86996-42de-4591-9620-ba9a474e90b5.jpg | https://cdn.shopify.com/s/files/1/2337/7003/files/0044_Meeral7_ebe8e45a-3eb7-4403-a33a-f6010327406d.jpg | https://cdn.shopify.com/s/files/1/2337/7003/files/0046_Meeral5_d312efa6-0263-4a75-86a6-52be1da03cd4.jpg | https://cdn.shopify.com/s/files/1/2337/7003/files/0048_Meeral3_ac18acb2-3fb0-4b27-9fb3-30e57b25ad55.jpg | https://cdn.shopify.com/s/files/1/2337/7003/files/0049_Meeral2_774f46b1-cddc-4329-9169-58ea9ad5e6aa.jpg | https://cdn.shopify.com/s/files/1/2337/7003/files/0004_fb8c469e-2a4c-4988-afbd-2f8b9f86baa8.jpg | https://cdn.shopify.com/s/files/1/2337/7003/files/0000_1H8A7032_5cad1ea8-a65b-4434-9f4e-6529c3906b9b.jpg | https://cdn.shopify.com/s/files/1/2337/7003/files/0001_1H8A7022_26ceca98-ae9e-4345-b53a-ed05bc2e180f.jpg | https://cdn.shopify.com/s/files/1/2337/7003/files/0002_1H8A7001_532519db-eb8a-4eee-92ce-5a26ef417a5d.jpg | https://cdn.shopify.com/s/files/1/2337/7003/files/0003_1H8A6992_dbad2481-23f1-46d4-a42a-e5e800d96d1c.jpg | https://cdn.shopify.com/s/files/1/2337/7003/files/0004_1H8A6990_1770cd69-aac4-47c7-a90d-efcb0e77eebc.jpg | https://cdn.shopify.com/s/files/1/2337/7003/files/0005_1H8A6986_3a6daaca-fd20-4f5f-8b61-502b4c2890b7.jpg | https://cdn.shopify.com/s/files/1/2337/7003/files/0007_1H8A6979_e9ae6372-02eb-43e6-b3e4-80ccc29a81a4.jpg | https://cdn.shopify.com/s/files/1/2337/7003/files/0009_1H8A6971_4b3e1e66-77ab-4631-9954-2e9a9353e6a3.jpg,Pure Chiffon & Silk,"Handcrafted Zardozi, Tilla & Fine Resham","3-Piece (Shirt, Trouser, Dupatta)",ReadyToShip,Stitched,FALSE,FALSE,FALSE,"Exquisite handcrafted Contemporary Couture Gown ensemble from Haseens Official. Masterfully tailored with generational Pakistani artistry, premium pure fabrics, and delicate celebratory motifs."
has-196,Sehrunisa,All Products,Gown,Contemporary Haute Couture Gown,Contemporary Couture Gown,14000,,https://cdn.shopify.com/s/files/1/2337/7003/files/media_image-77d861c06691437cae05961eef43d574_fd989be1-e545-455e-bf10-29e0ab8cf34c.jpg?v=1751026062,https://cdn.shopify.com/s/files/1/2337/7003/files/media_image-77d861c06691437cae05961eef43d574_fd989be1-e545-455e-bf10-29e0ab8cf34c.jpg,https://cdn.shopify.com/s/files/1/2337/7003/files/media_image-2fda210f5e2945d4acb9d49457104243_57c95bd4-bcc1-469c-9fc9-6b93c8a44dce.jpg,https://cdn.shopify.com/s/files/1/2337/7003/files/media_image-a4b6da69940245b0bc3e0b3e8220f31d_77f65fd0-9a4a-4016-a58b-db07cca188c9.jpg,https://cdn.shopify.com/s/files/1/2337/7003/files/media_image-501b3f85f1b74a0fab4f64c9d5b4e272_761eff1f-7529-4a30-92a2-fb4ec1989413.jpg | https://cdn.shopify.com/s/files/1/2337/7003/files/media_image-1b41e897ac3649fbb4ffda487179afcc_52183360-de12-44b2-964d-f8bb20620d33.jpg | https://cdn.shopify.com/s/files/1/2337/7003/files/media_image-07b275f1da7044a48c75845ade2bc50d_c5d3a8e7-4cd5-46fa-bd9e-1d9c85d5e33c.jpg | https://cdn.shopify.com/s/files/1/2337/7003/files/media_image-d3994c903ae1494a9c0bd6d4882bf8bf_8d17f776-c9e2-4ca8-8a76-be10ee0a735c.jpg,https://cdn.shopify.com/s/files/1/2337/7003/files/media_image-77d861c06691437cae05961eef43d574_fd989be1-e545-455e-bf10-29e0ab8cf34c.jpg?v=1751026062 | https://cdn.shopify.com/s/files/1/2337/7003/files/media_image-77d861c06691437cae05961eef43d574_fd989be1-e545-455e-bf10-29e0ab8cf34c.jpg | https://cdn.shopify.com/s/files/1/2337/7003/files/media_image-2fda210f5e2945d4acb9d49457104243_57c95bd4-bcc1-469c-9fc9-6b93c8a44dce.jpg | https://cdn.shopify.com/s/files/1/2337/7003/files/media_image-a4b6da69940245b0bc3e0b3e8220f31d_77f65fd0-9a4a-4016-a58b-db07cca188c9.jpg | https://cdn.shopify.com/s/files/1/2337/7003/files/media_image-501b3f85f1b74a0fab4f64c9d5b4e272_761eff1f-7529-4a30-92a2-fb4ec1989413.jpg | https://cdn.shopify.com/s/files/1/2337/7003/files/media_image-1b41e897ac3649fbb4ffda487179afcc_52183360-de12-44b2-964d-f8bb20620d33.jpg | https://cdn.shopify.com/s/files/1/2337/7003/files/media_image-07b275f1da7044a48c75845ade2bc50d_c5d3a8e7-4cd5-46fa-bd9e-1d9c85d5e33c.jpg | https://cdn.shopify.com/s/files/1/2337/7003/files/media_image-d3994c903ae1494a9c0bd6d4882bf8bf_8d17f776-c9e2-4ca8-8a76-be10ee0a735c.jpg,Pure Chiffon & Silk,"Handcrafted Zardozi, Tilla & Fine Resham","3-Piece (Shirt, Trouser, Dupatta)",0 to 2 Weeks,Stitched,TRUE,FALSE,TRUE,"Exquisite handcrafted Contemporary Couture Gown ensemble from Haseens Official. Masterfully tailored with generational Pakistani artistry, premium pure fabrics, and delicate celebratory motifs."
has-197,Neelam,All Products,Gown,Contemporary Haute Couture Gown,Contemporary Couture Gown,14400,,https://cdn.shopify.com/s/files/1/2337/7003/files/0003_235764F8-0799-4453-8F4A-75CCC8578ED8.jpg?v=1686567964,https://cdn.shopify.com/s/files/1/2337/7003/files/0003_235764F8-0799-4453-8F4A-75CCC8578ED8.jpg,https://cdn.shopify.com/s/files/1/2337/7003/files/0005_1BC3DE05-E0A7-4450-BED3-74B888EC8E6E.jpg,https://cdn.shopify.com/s/files/1/2337/7003/files/0002_3571687E-BCE2-4F4B-9101-384A278442CD.jpg,https://cdn.shopify.com/s/files/1/2337/7003/files/0001_BB9B99EE-8863-4B53-B786-496449C3CF46.jpg | https://cdn.shopify.com/s/files/1/2337/7003/files/0004_08BD082D-0084-4830-BCA6-619B7C029E94.jpg | https://cdn.shopify.com/s/files/1/2337/7003/files/0000_CF346124-BE8B-4234-BEBE-05FDB8C1A184.jpg,https://cdn.shopify.com/s/files/1/2337/7003/files/0003_235764F8-0799-4453-8F4A-75CCC8578ED8.jpg?v=1686567964 | https://cdn.shopify.com/s/files/1/2337/7003/files/0003_235764F8-0799-4453-8F4A-75CCC8578ED8.jpg | https://cdn.shopify.com/s/files/1/2337/7003/files/0005_1BC3DE05-E0A7-4450-BED3-74B888EC8E6E.jpg | https://cdn.shopify.com/s/files/1/2337/7003/files/0002_3571687E-BCE2-4F4B-9101-384A278442CD.jpg | https://cdn.shopify.com/s/files/1/2337/7003/files/0001_BB9B99EE-8863-4B53-B786-496449C3CF46.jpg | https://cdn.shopify.com/s/files/1/2337/7003/files/0004_08BD082D-0084-4830-BCA6-619B7C029E94.jpg | https://cdn.shopify.com/s/files/1/2337/7003/files/0000_CF346124-BE8B-4234-BEBE-05FDB8C1A184.jpg,Pure Chiffon & Silk,"Handcrafted Zardozi, Tilla & Fine Resham","3-Piece (Shirt, Trouser, Dupatta)",0 to 2 Weeks,Stitched,FALSE,TRUE,FALSE,"Exquisite handcrafted Contemporary Couture Gown ensemble from Haseens Official. Masterfully tailored with generational Pakistani artistry, premium pure fabrics, and delicate celebratory motifs."
has-198,rimsha,All Products,Gown,Contemporary Haute Couture Gown,Contemporary Couture Gown,30000,,https://cdn.shopify.com/s/files/1/2337/7003/products/ef8dc72f25ad6f7c90f0e555adcbb038.jpg?v=1707232879,https://cdn.shopify.com/s/files/1/2337/7003/products/ef8dc72f25ad6f7c90f0e555adcbb038.jpg,https://cdn.shopify.com/s/files/1/2337/7003/products/3c4c6e581ebf834c7ecd815abffc7797.jpg,https://cdn.shopify.com/s/files/1/2337/7003/products/646b9052778ea727cc4debf6b0bb4063.jpg,https://cdn.shopify.com/s/files/1/2337/7003/products/58ae0ec5d515637d9bb7c3381744f7a1.jpg,https://cdn.shopify.com/s/files/1/2337/7003/products/ef8dc72f25ad6f7c90f0e555adcbb038.jpg?v=1707232879 | https://cdn.shopify.com/s/files/1/2337/7003/products/ef8dc72f25ad6f7c90f0e555adcbb038.jpg | https://cdn.shopify.com/s/files/1/2337/7003/products/3c4c6e581ebf834c7ecd815abffc7797.jpg | https://cdn.shopify.com/s/files/1/2337/7003/products/646b9052778ea727cc4debf6b0bb4063.jpg | https://cdn.shopify.com/s/files/1/2337/7003/products/58ae0ec5d515637d9bb7c3381744f7a1.jpg,Pure Chiffon & Silk,"Handcrafted Zardozi, Tilla & Fine Resham","3-Piece (Shirt, Trouser, Dupatta)",4 to 6 Weeks,Stitched,FALSE,FALSE,FALSE,"Exquisite handcrafted Contemporary Couture Gown ensemble from Haseens Official. Masterfully tailored with generational Pakistani artistry, premium pure fabrics, and delicate celebratory motifs."
has-199,Zeenia,All Products,Gown,Contemporary Haute Couture Gown,Contemporary Couture Gown,19720,,https://cdn.shopify.com/s/files/1/2337/7003/files/cropped_image-174056013991970_ef9b851a-d6d6-4864-87b1-ab4b528fb2bf.jpg?v=1740564749,https://cdn.shopify.com/s/files/1/2337/7003/files/cropped_image-174056013991970_ef9b851a-d6d6-4864-87b1-ab4b528fb2bf.jpg,https://cdn.shopify.com/s/files/1/2337/7003/files/cropped_image-173042251514167_dcd29997-c2ef-4953-a3c1-c136d6f89675.jpg,https://cdn.shopify.com/s/files/1/2337/7003/files/cropped_image-173042247136103_e11902c1-03c2-42d9-8116-0e600574dff9.jpg,https://cdn.shopify.com/s/files/1/2337/7003/files/cropped_image-173042247205662_ab0b9916-fc6c-4826-a2a4-b306a6ea2c38.jpg | https://cdn.shopify.com/s/files/1/2337/7003/files/cropped_image-173042247223290_67b89374-54c6-4e2d-9f70-b80505719ad6.jpg | https://cdn.shopify.com/s/files/1/2337/7003/files/cropped_image-173042247140213_856311d3-4daf-4319-96f4-4768680d3942.jpg | https://cdn.shopify.com/s/files/1/2337/7003/files/cropped_image-173042247116580_27ccbf45-e84c-43fa-bd86-12fd35c052f4.jpg,https://cdn.shopify.com/s/files/1/2337/7003/files/cropped_image-174056013991970_ef9b851a-d6d6-4864-87b1-ab4b528fb2bf.jpg?v=1740564749 | https://cdn.shopify.com/s/files/1/2337/7003/files/cropped_image-174056013991970_ef9b851a-d6d6-4864-87b1-ab4b528fb2bf.jpg | https://cdn.shopify.com/s/files/1/2337/7003/files/cropped_image-173042251514167_dcd29997-c2ef-4953-a3c1-c136d6f89675.jpg | https://cdn.shopify.com/s/files/1/2337/7003/files/cropped_image-173042247136103_e11902c1-03c2-42d9-8116-0e600574dff9.jpg | https://cdn.shopify.com/s/files/1/2337/7003/files/cropped_image-173042247205662_ab0b9916-fc6c-4826-a2a4-b306a6ea2c38.jpg | https://cdn.shopify.com/s/files/1/2337/7003/files/cropped_image-173042247223290_67b89374-54c6-4e2d-9f70-b80505719ad6.jpg | https://cdn.shopify.com/s/files/1/2337/7003/files/cropped_image-173042247140213_856311d3-4daf-4319-96f4-4768680d3942.jpg | https://cdn.shopify.com/s/files/1/2337/7003/files/cropped_image-173042247116580_27ccbf45-e84c-43fa-bd86-12fd35c052f4.jpg,Pure Chiffon & Silk,"Handcrafted Zardozi, Tilla & Fine Resham","3-Piece (Shirt, Trouser, Dupatta)",4 to 6 Weeks,Stitched,FALSE,FALSE,TRUE,"Exquisite handcrafted Contemporary Couture Gown ensemble from Haseens Official. Masterfully tailored with generational Pakistani artistry, premium pure fabrics, and delicate celebratory motifs."
has-200,Janita,All Products,Gown,Contemporary Haute Couture Gown,Contemporary Couture Gown,21000,,https://cdn.shopify.com/s/files/1/2337/7003/files/cropped_image-173642369506094_83f16983-6fab-4698-ab52-bd5ba86fb308.jpg?v=1736429195,https://cdn.shopify.com/s/files/1/2337/7003/files/cropped_image-173642369506094_83f16983-6fab-4698-ab52-bd5ba86fb308.jpg,https://cdn.shopify.com/s/files/1/2337/7003/files/cropped_image-173642369571619_8e2c89da-0986-4f79-b502-fca34f823c17.jpg,https://cdn.shopify.com/s/files/1/2337/7003/files/cropped_image-173642369506992_a61dea5d-0ce3-41ad-9217-4036e1f714f2.jpg,https://cdn.shopify.com/s/files/1/2337/7003/files/cropped_image-173642369493449_8bb042bf-737f-4267-8967-25a38894cc95.jpg | https://cdn.shopify.com/s/files/1/2337/7003/files/cropped_image-173642369498922_4703f4a3-9d1e-4e1c-8e51-343c338d07e3.jpg | https://cdn.shopify.com/s/files/1/2337/7003/files/cropped_image-173642369495761_2888ec08-8528-43d3-a8c1-75b05cb07f38.jpg | https://cdn.shopify.com/s/files/1/2337/7003/files/cropped_image-173642369567060_294058c2-51d5-4de0-96e1-63da315cbd39.jpg | https://cdn.shopify.com/s/files/1/2337/7003/files/cropped_image-173642369581436_d9383766-3250-4631-b35b-a52b2d0ef360.jpg,https://cdn.shopify.com/s/files/1/2337/7003/files/cropped_image-173642369506094_83f16983-6fab-4698-ab52-bd5ba86fb308.jpg?v=1736429195 | https://cdn.shopify.com/s/files/1/2337/7003/files/cropped_image-173642369506094_83f16983-6fab-4698-ab52-bd5ba86fb308.jpg | https://cdn.shopify.com/s/files/1/2337/7003/files/cropped_image-173642369571619_8e2c89da-0986-4f79-b502-fca34f823c17.jpg | https://cdn.shopify.com/s/files/1/2337/7003/files/cropped_image-173642369506992_a61dea5d-0ce3-41ad-9217-4036e1f714f2.jpg | https://cdn.shopify.com/s/files/1/2337/7003/files/cropped_image-173642369493449_8bb042bf-737f-4267-8967-25a38894cc95.jpg | https://cdn.shopify.com/s/files/1/2337/7003/files/cropped_image-173642369498922_4703f4a3-9d1e-4e1c-8e51-343c338d07e3.jpg | https://cdn.shopify.com/s/files/1/2337/7003/files/cropped_image-173642369495761_2888ec08-8528-43d3-a8c1-75b05cb07f38.jpg | https://cdn.shopify.com/s/files/1/2337/7003/files/cropped_image-173642369567060_294058c2-51d5-4de0-96e1-63da315cbd39.jpg | https://cdn.shopify.com/s/files/1/2337/7003/files/cropped_image-173642369581436_d9383766-3250-4631-b35b-a52b2d0ef360.jpg,Pure Chiffon & Silk,"Handcrafted Zardozi, Tilla & Fine Resham","3-Piece (Shirt, Trouser, Dupatta)",4 to 6 Weeks,Stitched,FALSE,FALSE,FALSE,"Exquisite handcrafted Contemporary Couture Gown ensemble from Haseens Official. Masterfully tailored with generational Pakistani artistry, premium pure fabrics, and delicate celebratory motifs."
